bank_txn_id,transaction_date,transaction_type,reference_id,amount
BT700000,2025-01-01,Opening Capital,CAPITAL,12000000.0
BT700462,2025-01-18,Customer Receipt,SI100515,2865.19
BT704822,2025-01-22,Vendor Payment,VI200356,-7692.25
BT705495,2025-01-22,Vendor Payment,VI201114,-4384.09
BT702903,2025-01-23,Customer Receipt,SI103229,3628.27
BT700276,2025-01-23,Customer Receipt,SI100307,2650.48
BT706486,2025-01-28,Operating Expense,EX400008,-103057.9
BT706485,2025-01-28,Operating Expense,EX400007,-49942.85
BT706484,2025-01-28,Operating Expense,EX400006,-65460.04
BT706483,2025-01-28,Operating Expense,EX400005,-88814.48
BT706482,2025-01-28,Operating Expense,EX400004,-165352.65
BT706479,2025-01-28,Operating Expense,EX400001,-916245.95
BT706480,2025-01-28,Operating Expense,EX400002,-185869.91
BT704071,2025-01-28,Customer Receipt,SI104521,1785.58
BT702937,2025-01-28,Customer Receipt,SI103265,7520.8
BT706639,2025-01-28,Payroll,PR500001,-744888.64
BT706481,2025-01-28,Operating Expense,EX400003,-63746.62
BT700357,2025-01-30,Customer Receipt,SI100395,3571.04
BT703852,2025-01-31,Customer Receipt,SI104282,6013.84
BT700111,2025-01-31,Customer Receipt,SI100124,10927.72
BT702974,2025-01-31,Customer Receipt,SI103307,19094.05
BT705337,2025-01-31,Vendor Payment,VI200932,-859.47
BT702210,2025-01-31,Customer Receipt,SI102464,581.07
BT700899,2025-02-01,Customer Receipt,SI101001,7115.98
BT706659,2025-02-01,Loan Payment,LP600001,-204827.04
BT700748,2025-02-01,Customer Receipt,SI100831,1476.36
BT701503,2025-02-01,Customer Receipt,SI101663,17074.64
BT704992,2025-02-01,Vendor Payment,VI200541,-3772.94
BT702111,2025-02-01,Customer Receipt,SI102351,2557.59
BT705165,2025-02-02,Vendor Payment,VI200739,-5278.59
BT705643,2025-02-02,Vendor Payment,VI201275,-3129.36
BT701944,2025-02-02,Customer Receipt,SI102158,1099.38
BT704651,2025-02-02,Vendor Payment,VI200163,-3276.27
BT704746,2025-02-02,Vendor Payment,VI200273,-5654.12
BT702423,2025-02-03,Customer Receipt,SI102705,2075.33
BT702152,2025-02-03,Customer Receipt,SI102401,20198.24
BT703073,2025-02-03,Customer Receipt,SI103416,15692.94
BT700503,2025-02-03,Customer Receipt,SI100558,1909.4
BT706174,2025-02-03,Vendor Payment,VI201863,-1437.86
BT701794,2025-02-04,Customer Receipt,SI101995,28233.41
BT700992,2025-02-04,Customer Receipt,SI101100,11114.08
BT703065,2025-02-04,Customer Receipt,SI103407,11995.79
BT701820,2025-02-04,Customer Receipt,SI102022,8118.4
BT700833,2025-02-05,Customer Receipt,SI100929,4720.46
BT700796,2025-02-05,Customer Receipt,SI100886,920.98
BT700592,2025-02-06,Customer Receipt,SI100661,31097.29
BT705794,2025-02-06,Vendor Payment,VI201441,-4140.61
BT704476,2025-02-06,Customer Receipt,SI104970,18167.33
BT700295,2025-02-06,Customer Receipt,SI100328,3350.06
BT706373,2025-02-06,Vendor Payment,VI202079,-514.05
BT701395,2025-02-06,Customer Receipt,SI101544,12976.67
BT700697,2025-02-06,Customer Receipt,SI100777,11151.03
BT705295,2025-02-06,Vendor Payment,VI200881,-3210.28
BT703434,2025-02-06,Customer Receipt,SI103817,7507.61
BT704640,2025-02-07,Vendor Payment,VI200152,-5221.16
BT702728,2025-02-07,Customer Receipt,SI103035,636.71
BT703717,2025-02-07,Customer Receipt,SI104131,17476.48
BT705550,2025-02-08,Vendor Payment,VI201171,-1498.54
BT703061,2025-02-08,Customer Receipt,SI103403,14594.29
BT706361,2025-02-08,Vendor Payment,VI202066,-6959.8
BT703788,2025-02-08,Customer Receipt,SI104212,1486.09
BT706240,2025-02-08,Vendor Payment,VI201935,-2172.59
BT700741,2025-02-08,Customer Receipt,SI100824,323.8
BT701876,2025-02-09,Customer Receipt,SI102081,864.51
BT701626,2025-02-09,Customer Receipt,SI101799,7488.05
BT700382,2025-02-09,Customer Receipt,SI100425,19814.05
BT702277,2025-02-10,Customer Receipt,SI102543,644.92
BT700478,2025-02-10,Customer Receipt,SI100533,2239.84
BT706359,2025-02-10,Vendor Payment,VI202064,-2585.53
BT702019,2025-02-10,Customer Receipt,SI102246,18715.28
BT701035,2025-02-10,Customer Receipt,SI101149,5525.01
BT702052,2025-02-11,Customer Receipt,SI102281,3845.56
BT704345,2025-02-11,Customer Receipt,SI104826,24335.76
BT704363,2025-02-11,Customer Receipt,SI104845,9404.27
BT703307,2025-02-11,Customer Receipt,SI103674,24995.32
BT703282,2025-02-11,Customer Receipt,SI103648,23975.24
BT704858,2025-02-11,Vendor Payment,VI200394,-1372.14
BT703195,2025-02-11,Customer Receipt,SI103552,15877.25
BT701029,2025-02-11,Customer Receipt,SI101140,2913.09
BT701269,2025-02-12,Customer Receipt,SI101409,10734.76
BT704091,2025-02-12,Customer Receipt,SI104541,20460.16
BT702346,2025-02-12,Customer Receipt,SI102621,11410.36
BT703952,2025-02-12,Customer Receipt,SI104392,7227.11
BT704920,2025-02-12,Vendor Payment,VI200460,-1632.28
BT703649,2025-02-13,Customer Receipt,SI104052,7786.0
BT704555,2025-02-13,Vendor Payment,VI200057,-832.73
BT706192,2025-02-13,Vendor Payment,VI201883,-603.96
BT700872,2025-02-13,Customer Receipt,SI100971,3245.17
BT703235,2025-02-13,Customer Receipt,SI103597,2865.19
BT704404,2025-02-13,Customer Receipt,SI104892,9672.31
BT701880,2025-02-13,Customer Receipt,SI102085,6700.12
BT703897,2025-02-13,Customer Receipt,SI104333,7520.8
BT701890,2025-02-14,Customer Receipt,SI102097,18491.08
BT704721,2025-02-14,Vendor Payment,VI200245,-968.69
BT703744,2025-02-14,Customer Receipt,SI104162,8118.1
BT700924,2025-02-14,Customer Receipt,SI101028,17621.19
BT704875,2025-02-14,Vendor Payment,VI200413,-904.29
BT701263,2025-02-14,Customer Receipt,SI101403,17529.19
BT702101,2025-02-14,Customer Receipt,SI102341,1612.29
BT705237,2025-02-15,Vendor Payment,VI200818,-6019.93
BT703866,2025-02-15,Customer Receipt,SI104296,7988.18
BT703500,2025-02-15,Customer Receipt,SI103886,3726.31
BT703739,2025-02-16,Customer Receipt,SI104156,2886.41
BT700410,2025-02-16,Customer Receipt,SI100457,491.83
BT700670,2025-02-16,Customer Receipt,SI100745,15235.96
BT701967,2025-02-16,Customer Receipt,SI102184,6069.8
BT700691,2025-02-16,Customer Receipt,SI100771,11589.9
BT703887,2025-02-16,Customer Receipt,SI104322,1249.1
BT702510,2025-02-16,Customer Receipt,SI102798,4222.04
BT700767,2025-02-16,Customer Receipt,SI100855,11589.9
BT702690,2025-02-16,Customer Receipt,SI102996,1507.99
BT702886,2025-02-16,Customer Receipt,SI103212,7869.48
BT700788,2025-02-17,Customer Receipt,SI100878,5521.59
BT704540,2025-02-17,Vendor Payment,VI200038,-4770.12
BT703954,2025-02-17,Customer Receipt,SI104394,9220.49
BT700701,2025-02-17,Customer Receipt,SI100781,791.6
BT705971,2025-02-18,Vendor Payment,VI201634,-2288.72
BT703266,2025-02-18,Customer Receipt,SI103631,2593.79
BT701870,2025-02-18,Customer Receipt,SI102074,9359.22
BT705903,2025-02-18,Vendor Payment,VI201561,-4526.21
BT704208,2025-02-18,Customer Receipt,SI104672,1270.18
BT703590,2025-02-18,Customer Receipt,SI103987,8738.24
BT705161,2025-02-18,Vendor Payment,VI200735,-3377.57
BT704248,2025-02-18,Customer Receipt,SI104714,3798.59
BT702495,2025-02-18,Customer Receipt,SI102782,8136.56
BT701431,2025-02-18,Customer Receipt,SI101582,14890.47
BT705934,2025-02-18,Vendor Payment,VI201595,-1649.98
BT701276,2025-02-19,Customer Receipt,SI101416,26558.68
BT700231,2025-02-19,Customer Receipt,SI100257,10324.44
BT701109,2025-02-19,Customer Receipt,SI101232,1242.57
BT700090,2025-02-20,Customer Receipt,SI100103,4544.6
BT701773,2025-02-20,Customer Receipt,SI101971,4165.77
BT705966,2025-02-20,Vendor Payment,VI201629,-1561.43
BT703835,2025-02-20,Customer Receipt,SI104265,15161.73
BT704027,2025-02-20,Customer Receipt,SI104475,3143.42
BT700882,2025-02-20,Customer Receipt,SI100982,2153.65
BT700441,2025-02-20,Customer Receipt,SI100489,5591.69
BT705039,2025-02-20,Vendor Payment,VI200600,-2331.71
BT702267,2025-02-20,Customer Receipt,SI102528,15863.36
BT703598,2025-02-20,Customer Receipt,SI103997,4869.22
BT703213,2025-02-20,Customer Receipt,SI103574,2185.54
BT703117,2025-02-21,Customer Receipt,SI103468,2640.92
BT701945,2025-02-21,Customer Receipt,SI102159,32243.19
BT706217,2025-02-21,Vendor Payment,VI201912,-1875.41
BT700583,2025-02-21,Customer Receipt,SI100651,27957.62
BT706418,2025-02-21,Vendor Payment,VI202131,-4568.03
BT706191,2025-02-21,Vendor Payment,VI201882,-4512.59
BT702037,2025-02-21,Customer Receipt,SI102266,2465.3
BT702312,2025-02-21,Customer Receipt,SI102581,4059.05
BT705810,2025-02-21,Vendor Payment,VI201458,-4228.6
BT704330,2025-02-21,Customer Receipt,SI104810,14112.71
BT704797,2025-02-21,Vendor Payment,VI200327,-1987.38
BT702516,2025-02-21,Customer Receipt,SI102804,12024.94
BT702821,2025-02-22,Customer Receipt,SI103140,8374.77
BT702883,2025-02-22,Customer Receipt,SI103209,2749.97
BT702196,2025-02-22,Customer Receipt,SI102449,29509.64
BT703259,2025-02-22,Customer Receipt,SI103623,9251.52
BT705027,2025-02-22,Vendor Payment,VI200583,-8120.7
BT701053,2025-02-22,Customer Receipt,SI101169,20158.57
BT705432,2025-02-22,Vendor Payment,VI201043,-1541.87
BT706307,2025-02-22,Vendor Payment,VI202007,-2260.72
BT701685,2025-02-22,Customer Receipt,SI101869,8270.06
BT705398,2025-02-22,Vendor Payment,VI201001,-3039.74
BT700848,2025-02-22,Customer Receipt,SI100945,27450.35
BT701912,2025-02-22,Customer Receipt,SI102124,14249.66
BT705147,2025-02-22,Vendor Payment,VI200718,-709.62
BT700561,2025-02-22,Customer Receipt,SI100627,4313.68
BT700012,2025-02-23,Customer Receipt,SI100012,2493.7
BT702319,2025-02-23,Customer Receipt,SI102588,2158.11
BT706312,2025-02-23,Vendor Payment,VI202012,-3027.61
BT700723,2025-02-23,Customer Receipt,SI100804,6470.52
BT705119,2025-02-23,Vendor Payment,VI200688,-3179.02
BT702473,2025-02-23,Customer Receipt,SI102759,6763.52
BT704572,2025-02-23,Vendor Payment,VI200076,-3044.6
BT706168,2025-02-23,Vendor Payment,VI201856,-1183.25
BT702082,2025-02-23,Customer Receipt,SI102316,547.5
BT706093,2025-02-23,Vendor Payment,VI201770,-2929.81
BT704872,2025-02-23,Vendor Payment,VI200410,-2769.68
BT704565,2025-02-23,Vendor Payment,VI200069,-4047.68
BT702850,2025-02-23,Customer Receipt,SI103174,1537.59
BT704256,2025-02-23,Customer Receipt,SI104723,142.11
BT700497,2025-02-24,Customer Receipt,SI100552,14289.53
BT704556,2025-02-24,Vendor Payment,VI200058,-1958.19
BT704994,2025-02-24,Vendor Payment,VI200544,-4924.62
BT702774,2025-02-24,Customer Receipt,SI103083,18433.33
BT704270,2025-02-25,Customer Receipt,SI104739,3934.74
BT704334,2025-02-25,Customer Receipt,SI104814,21473.26
BT701418,2025-02-25,Customer Receipt,SI101568,30471.92
BT701253,2025-02-25,Customer Receipt,SI101392,2464.61
BT705366,2025-02-26,Vendor Payment,VI200965,-5931.12
BT704047,2025-02-26,Customer Receipt,SI104497,21975.79
BT705053,2025-02-26,Vendor Payment,VI200614,-6924.86
BT705522,2025-02-26,Vendor Payment,VI201141,-1443.89
BT702788,2025-02-26,Customer Receipt,SI103100,1424.88
BT701860,2025-02-26,Customer Receipt,SI102064,8840.02
BT702940,2025-02-26,Customer Receipt,SI103268,8117.76
BT704262,2025-02-26,Customer Receipt,SI104730,6573.45
BT700702,2025-02-26,Customer Receipt,SI100782,2706.03
BT704249,2025-02-26,Customer Receipt,SI104715,1237.94
BT703880,2025-02-26,Customer Receipt,SI104313,28521.5
BT702977,2025-02-26,Customer Receipt,SI103310,19534.03
BT704983,2025-02-27,Vendor Payment,VI200532,-3349.28
BT706385,2025-02-27,Vendor Payment,VI202091,-1981.72
BT700094,2025-02-27,Customer Receipt,SI100107,5088.19
BT704909,2025-02-27,Vendor Payment,VI200448,-1278.95
BT706352,2025-02-27,Vendor Payment,VI202057,-11039.33
BT701810,2025-02-27,Customer Receipt,SI102012,9985.34
BT700876,2025-02-27,Customer Receipt,SI100976,8943.39
BT705509,2025-02-27,Vendor Payment,VI201128,-767.75
BT706441,2025-02-27,Vendor Payment,VI202156,-3251.62
BT705128,2025-02-27,Vendor Payment,VI200697,-1477.16
BT704903,2025-02-27,Vendor Payment,VI200442,-25346.38
BT705186,2025-02-27,Vendor Payment,VI200762,-3883.77
BT706430,2025-02-28,Vendor Payment,VI202143,-7896.31
BT701153,2025-02-28,Customer Receipt,SI101283,21750.7
BT704914,2025-02-28,Vendor Payment,VI200453,-564.8
BT706494,2025-02-28,Operating Expense,EX400016,-95657.83
BT706489,2025-02-28,Operating Expense,EX400011,-68878.57
BT706493,2025-02-28,Operating Expense,EX400015,-43231.92
BT705846,2025-02-28,Vendor Payment,VI201498,-1843.99
BT706492,2025-02-28,Operating Expense,EX400014,-66302.53
BT706640,2025-02-28,Payroll,PR500002,-759701.77
BT706491,2025-02-28,Operating Expense,EX400013,-84277.94
BT706488,2025-02-28,Operating Expense,EX400010,-196297.68
BT705020,2025-02-28,Vendor Payment,VI200576,-2374.84
BT700580,2025-02-28,Customer Receipt,SI100648,6016.16
BT706487,2025-02-28,Operating Expense,EX400009,-979212.27
BT706490,2025-02-28,Operating Expense,EX400012,-151135.36
BT700593,2025-02-28,Customer Receipt,SI100662,2029.6
BT703553,2025-02-28,Customer Receipt,SI103945,2731.41
BT705612,2025-02-28,Vendor Payment,VI201240,-8637.04
BT706134,2025-02-28,Vendor Payment,VI201820,-8386.0
BT701265,2025-02-28,Customer Receipt,SI101405,761.94
BT706660,2025-03-01,Loan Payment,LP600002,-204827.04
BT700452,2025-03-01,Customer Receipt,SI100503,2153.65
BT700632,2025-03-01,Customer Receipt,SI100704,2161.93
BT703586,2025-03-01,Customer Receipt,SI103983,2093.66
BT702777,2025-03-01,Customer Receipt,SI103087,7282.72
BT701307,2025-03-01,Customer Receipt,SI101449,5898.31
BT705698,2025-03-01,Vendor Payment,VI201336,-3529.87
BT701692,2025-03-01,Customer Receipt,SI101876,4551.44
BT702292,2025-03-01,Customer Receipt,SI102558,10250.49
BT704663,2025-03-01,Vendor Payment,VI200179,-10683.7
BT701840,2025-03-01,Customer Receipt,SI102042,1365.71
BT703216,2025-03-02,Customer Receipt,SI103577,18639.09
BT703801,2025-03-02,Customer Receipt,SI104226,11613.99
BT704291,2025-03-02,Customer Receipt,SI104763,3145.83
BT703522,2025-03-02,Customer Receipt,SI103911,2196.18
BT701930,2025-03-02,Customer Receipt,SI102144,1733.78
BT704418,2025-03-02,Customer Receipt,SI104908,14792.86
BT703196,2025-03-03,Customer Receipt,SI103554,30881.64
BT704528,2025-03-03,Vendor Payment,VI200026,-4896.59
BT701406,2025-03-03,Customer Receipt,SI101555,8584.25
BT702814,2025-03-03,Customer Receipt,SI103132,10915.5
BT700100,2025-03-03,Customer Receipt,SI100113,13255.26
BT701914,2025-03-03,Customer Receipt,SI102126,1995.85
BT704678,2025-03-03,Vendor Payment,VI200196,-2004.32
BT704929,2025-03-04,Vendor Payment,VI200472,-3874.1
BT700174,2025-03-04,Customer Receipt,SI100197,7712.09
BT703379,2025-03-04,Customer Receipt,SI103756,16791.67
BT706370,2025-03-04,Vendor Payment,VI202076,-2464.16
BT703575,2025-03-04,Customer Receipt,SI103969,11929.59
BT704980,2025-03-04,Vendor Payment,VI200529,-958.22
BT701228,2025-03-04,Customer Receipt,SI101364,3561.79
BT700594,2025-03-04,Customer Receipt,SI100663,24742.84
BT705743,2025-03-04,Vendor Payment,VI201384,-5907.84
BT700045,2025-03-04,Customer Receipt,SI100050,11358.1
BT702824,2025-03-04,Customer Receipt,SI103146,12139.6
BT705181,2025-03-04,Vendor Payment,VI200757,-2637.19
BT700159,2025-03-05,Customer Receipt,SI100179,5830.27
BT705768,2025-03-05,Vendor Payment,VI201412,-6107.95
BT701421,2025-03-05,Customer Receipt,SI101572,23079.34
BT704828,2025-03-05,Vendor Payment,VI200362,-1777.96
BT701610,2025-03-05,Customer Receipt,SI101779,22325.59
BT700790,2025-03-06,Customer Receipt,SI100880,7781.38
BT705942,2025-03-06,Vendor Payment,VI201604,-1871.01
BT700332,2025-03-06,Customer Receipt,SI100368,13368.06
BT701981,2025-03-06,Customer Receipt,SI102203,13531.14
BT703526,2025-03-06,Customer Receipt,SI103915,2714.39
BT706422,2025-03-06,Vendor Payment,VI202135,-5373.98
BT705818,2025-03-06,Vendor Payment,VI201466,-932.44
BT700354,2025-03-06,Customer Receipt,SI100392,15680.79
BT701707,2025-03-06,Customer Receipt,SI101894,16516.75
BT703019,2025-03-06,Customer Receipt,SI103357,3767.55
BT700786,2025-03-06,Customer Receipt,SI100876,5583.43
BT705916,2025-03-07,Vendor Payment,VI201575,-2683.22
BT705479,2025-03-07,Vendor Payment,VI201095,-1504.34
BT700615,2025-03-07,Customer Receipt,SI100685,2889.87
BT700259,2025-03-07,Customer Receipt,SI100288,18167.33
BT702442,2025-03-08,Customer Receipt,SI102725,1760.62
BT706208,2025-03-08,Vendor Payment,VI201903,-798.92
BT706331,2025-03-08,Vendor Payment,VI202033,-3048.11
BT703662,2025-03-08,Customer Receipt,SI104066,2464.61
BT701337,2025-03-08,Customer Receipt,SI101481,15612.49
BT700547,2025-03-08,Customer Receipt,SI100609,7425.1
BT704473,2025-03-08,Customer Receipt,SI104967,14527.37
BT705163,2025-03-08,Vendor Payment,VI200737,-3577.69
BT705839,2025-03-08,Vendor Payment,VI201491,-3366.27
BT704867,2025-03-09,Vendor Payment,VI200405,-1151.37
BT704674,2025-03-09,Vendor Payment,VI200191,-2444.81
BT700010,2025-03-09,Customer Receipt,SI100010,30123.06
BT704520,2025-03-09,Vendor Payment,VI200017,-8123.99
BT700523,2025-03-09,Customer Receipt,SI100583,24639.96
BT700518,2025-03-09,Customer Receipt,SI100578,9499.77
BT700204,2025-03-09,Customer Receipt,SI100228,1642.5
BT703045,2025-03-09,Customer Receipt,SI103387,37675.48
BT700150,2025-03-09,Customer Receipt,SI100167,11647.86
BT705558,2025-03-09,Vendor Payment,VI201180,-2487.65
BT700656,2025-03-10,Customer Receipt,SI100731,6797.22
BT703312,2025-03-10,Customer Receipt,SI103680,2374.8
BT702456,2025-03-10,Customer Receipt,SI102740,3832.11
BT706194,2025-03-10,Vendor Payment,VI201885,-4018.6
BT706376,2025-03-10,Vendor Payment,VI202082,-3455.62
BT703064,2025-03-10,Customer Receipt,SI103406,7333.26
BT702786,2025-03-10,Customer Receipt,SI103098,8204.31
BT705512,2025-03-10,Vendor Payment,VI201131,-4486.28
BT700341,2025-03-10,Customer Receipt,SI100377,14603.57
BT703548,2025-03-10,Customer Receipt,SI103939,9820.7
BT703224,2025-03-10,Customer Receipt,SI103585,8371.74
BT700526,2025-03-11,Customer Receipt,SI100586,3957.48
BT700035,2025-03-11,Customer Receipt,SI100036,2471.04
BT701982,2025-03-11,Customer Receipt,SI102204,1596.99
BT705410,2025-03-11,Vendor Payment,VI201015,-1349.85
BT700759,2025-03-11,Customer Receipt,SI100843,10915.5
BT704835,2025-03-11,Vendor Payment,VI200370,-3398.27
BT701453,2025-03-11,Customer Receipt,SI101608,9499.77
BT704627,2025-03-11,Vendor Payment,VI200138,-1176.68
BT702298,2025-03-12,Customer Receipt,SI102564,2466.41
BT703593,2025-03-12,Customer Receipt,SI103991,9663.64
BT701552,2025-03-12,Customer Receipt,SI101715,3726.26
BT700119,2025-03-12,Customer Receipt,SI100133,10050.18
BT704221,2025-03-12,Customer Receipt,SI104685,538.44
BT702776,2025-03-12,Customer Receipt,SI103085,2051.96
BT700034,2025-03-12,Customer Receipt,SI100034,8921.65
BT705196,2025-03-12,Vendor Payment,VI200773,-8288.41
BT704916,2025-03-12,Vendor Payment,VI200456,-6220.8
BT705223,2025-03-13,Vendor Payment,VI200803,-872.82
BT706405,2025-03-13,Vendor Payment,VI202115,-2068.65
BT701060,2025-03-13,Customer Receipt,SI101176,670.22
BT704101,2025-03-13,Customer Receipt,SI104554,11912.2
BT705991,2025-03-13,Vendor Payment,VI201656,-4202.39
BT704670,2025-03-13,Vendor Payment,VI200186,-1423.59
BT705392,2025-03-13,Vendor Payment,VI200993,-868.83
BT705041,2025-03-13,Vendor Payment,VI200602,-5339.59
BT701145,2025-03-13,Customer Receipt,SI101274,14224.95
BT706195,2025-03-13,Vendor Payment,VI201886,-4296.31
BT700381,2025-03-13,Customer Receipt,SI100424,15440.44
BT700395,2025-03-13,Customer Receipt,SI100441,4763.18
BT702256,2025-03-13,Customer Receipt,SI102516,9735.52
BT705691,2025-03-13,Vendor Payment,VI201329,-1897.87
BT706467,2025-03-14,Vendor Payment,VI202187,-2422.46
BT702714,2025-03-14,Customer Receipt,SI103020,6442.43
BT703398,2025-03-14,Customer Receipt,SI103776,6146.99
BT700434,2025-03-14,Customer Receipt,SI100482,6485.8
BT700053,2025-03-14,Customer Receipt,SI100058,29018.87
BT705084,2025-03-14,Vendor Payment,VI200648,-1347.26
BT706212,2025-03-14,Vendor Payment,VI201907,-2477.95
BT700139,2025-03-14,Customer Receipt,SI100155,20975.63
BT703152,2025-03-15,Customer Receipt,SI103506,1283.67
BT700339,2025-03-15,Customer Receipt,SI100375,22705.96
BT702904,2025-03-15,Customer Receipt,SI103230,1503.46
BT706279,2025-03-15,Vendor Payment,VI201977,-703.99
BT700330,2025-03-15,Customer Receipt,SI100366,8376.32
BT703082,2025-03-15,Customer Receipt,SI103426,18991.42
BT700087,2025-03-15,Customer Receipt,SI100099,5410.1
BT701959,2025-03-15,Customer Receipt,SI102176,28558.74
BT702368,2025-03-15,Customer Receipt,SI102646,3531.2
BT704535,2025-03-15,Vendor Payment,VI200033,-1085.63
BT705957,2025-03-15,Vendor Payment,VI201620,-2165.52
BT705007,2025-03-15,Vendor Payment,VI200559,-3274.76
BT701233,2025-03-15,Customer Receipt,SI101371,811.12
BT700272,2025-03-15,Customer Receipt,SI100302,6006.09
BT700391,2025-03-15,Customer Receipt,SI100437,4468.72
BT700212,2025-03-15,Customer Receipt,SI100237,1081.49
BT702871,2025-03-15,Customer Receipt,SI103196,288.52
BT705878,2025-03-15,Vendor Payment,VI201531,-1593.23
BT700280,2025-03-15,Customer Receipt,SI100311,9883.98
BT703027,2025-03-16,Customer Receipt,SI103367,3129.93
BT705139,2025-03-16,Vendor Payment,VI200710,-3216.5
BT700156,2025-03-16,Customer Receipt,SI100173,2898.65
BT703701,2025-03-16,Customer Receipt,SI104115,11043.18
BT703734,2025-03-16,Customer Receipt,SI104150,24417.54
BT700835,2025-03-16,Customer Receipt,SI100932,14155.8
BT705998,2025-03-16,Vendor Payment,VI201664,-2116.95
BT700340,2025-03-16,Customer Receipt,SI100376,23030.29
BT700189,2025-03-16,Customer Receipt,SI100212,5951.1
BT703043,2025-03-16,Customer Receipt,SI103385,11532.62
BT705423,2025-03-16,Vendor Payment,VI201032,-3193.05
BT702468,2025-03-16,Customer Receipt,SI102754,484.6
BT706283,2025-03-16,Vendor Payment,VI201981,-1920.55
BT701232,2025-03-16,Customer Receipt,SI101370,3538.44
BT705528,2025-03-17,Vendor Payment,VI201148,-3342.59
BT706438,2025-03-17,Vendor Payment,VI202153,-1592.17
BT705024,2025-03-17,Vendor Payment,VI200580,-2685.07
BT704766,2025-03-17,Vendor Payment,VI200295,-6391.19
BT706429,2025-03-17,Vendor Payment,VI202142,-6938.33
BT704970,2025-03-17,Vendor Payment,VI200518,-2993.3
BT703160,2025-03-17,Customer Receipt,SI103514,1586.9
BT703699,2025-03-17,Customer Receipt,SI104113,11162.32
BT703646,2025-03-17,Customer Receipt,SI104049,13668.24
BT704463,2025-03-17,Customer Receipt,SI104957,14073.45
BT705511,2025-03-17,Vendor Payment,VI201130,-1971.81
BT700513,2025-03-17,Customer Receipt,SI100572,5284.26
BT702916,2025-03-17,Customer Receipt,SI103242,10090.33
BT703875,2025-03-17,Customer Receipt,SI104307,22058.32
BT702778,2025-03-17,Customer Receipt,SI103088,1999.49
BT702089,2025-03-17,Customer Receipt,SI102325,12943.76
BT706086,2025-03-17,Vendor Payment,VI201762,-3261.06
BT701571,2025-03-17,Customer Receipt,SI101738,6039.15
BT702186,2025-03-17,Customer Receipt,SI102438,1372.05
BT702440,2025-03-17,Customer Receipt,SI102723,7041.21
BT701499,2025-03-17,Customer Receipt,SI101659,15070.19
BT704124,2025-03-18,Customer Receipt,SI104578,23534.02
BT705654,2025-03-18,Vendor Payment,VI201289,-902.87
BT704467,2025-03-18,Customer Receipt,SI104961,20155.07
BT700186,2025-03-18,Customer Receipt,SI100209,4190.67
BT701235,2025-03-18,Customer Receipt,SI101373,25928.64
BT703226,2025-03-18,Customer Receipt,SI103587,1934.75
BT704320,2025-03-18,Customer Receipt,SI104799,27424.72
BT703223,2025-03-18,Customer Receipt,SI103584,2285.64
BT702191,2025-03-18,Customer Receipt,SI102443,7520.8
BT701995,2025-03-18,Customer Receipt,SI102218,21460.63
BT705054,2025-03-18,Vendor Payment,VI200615,-712.38
BT700605,2025-03-18,Customer Receipt,SI100674,1649.38
BT700032,2025-03-19,Customer Receipt,SI100032,8382.47
BT705435,2025-03-19,Vendor Payment,VI201046,-5751.59
BT705446,2025-03-19,Vendor Payment,VI201058,-2782.89
BT702353,2025-03-19,Customer Receipt,SI102628,4272.84
BT706344,2025-03-19,Vendor Payment,VI202047,-3662.54
BT701539,2025-03-19,Customer Receipt,SI101699,7951.45
BT702823,2025-03-19,Customer Receipt,SI103145,1330.57
BT702453,2025-03-19,Customer Receipt,SI102737,4535.78
BT700717,2025-03-19,Customer Receipt,SI100797,1385.35
BT701127,2025-03-19,Customer Receipt,SI101250,4145.7
BT702558,2025-03-19,Customer Receipt,SI102852,14905.65
BT704039,2025-03-20,Customer Receipt,SI104489,5901.93
BT700240,2025-03-20,Customer Receipt,SI100266,9663.64
BT700038,2025-03-20,Customer Receipt,SI100039,1583.01
BT702603,2025-03-20,Customer Receipt,SI102899,1820.58
BT702042,2025-03-20,Customer Receipt,SI102271,10130.83
BT702030,2025-03-20,Customer Receipt,SI102259,2406.45
BT705844,2025-03-20,Vendor Payment,VI201496,-2076.97
BT702372,2025-03-20,Customer Receipt,SI102650,9231.26
BT701934,2025-03-20,Customer Receipt,SI102148,1649.38
BT701445,2025-03-20,Customer Receipt,SI101599,3759.12
BT700865,2025-03-20,Customer Receipt,SI100964,3091.25
BT706045,2025-03-20,Vendor Payment,VI201715,-1506.2
BT700500,2025-03-20,Customer Receipt,SI100555,19493.66
BT705361,2025-03-20,Vendor Payment,VI200959,-785.2
BT700533,2025-03-21,Customer Receipt,SI100594,6511.67
BT700959,2025-03-21,Customer Receipt,SI101066,2496.02
BT700378,2025-03-21,Customer Receipt,SI100421,5038.77
BT702729,2025-03-21,Customer Receipt,SI103036,3122.5
BT704831,2025-03-21,Vendor Payment,VI200365,-5649.42
BT701819,2025-03-21,Customer Receipt,SI102021,9672.96
BT701398,2025-03-22,Customer Receipt,SI101547,6349.48
BT704430,2025-03-22,Customer Receipt,SI104922,25225.83
BT705424,2025-03-22,Vendor Payment,VI201033,-1223.29
BT705072,2025-03-22,Vendor Payment,VI200635,-5313.21
BT706390,2025-03-22,Vendor Payment,VI202097,-1130.69
BT705452,2025-03-22,Vendor Payment,VI201065,-2430.82
BT706315,2025-03-22,Vendor Payment,VI202015,-1550.72
BT701066,2025-03-22,Customer Receipt,SI101183,5831.15
BT701496,2025-03-22,Customer Receipt,SI101655,4163.1
BT703735,2025-03-22,Customer Receipt,SI104151,2162.16
BT701957,2025-03-22,Customer Receipt,SI102173,3604.96
BT705182,2025-03-23,Vendor Payment,VI200758,-2125.31
BT706320,2025-03-23,Vendor Payment,VI202021,-1691.88
BT702530,2025-03-23,Customer Receipt,SI102818,4482.0
BT704066,2025-03-23,Customer Receipt,SI104516,1856.88
BT701799,2025-03-23,Customer Receipt,SI102000,4987.08
BT700050,2025-03-23,Customer Receipt,SI100055,3832.51
BT700913,2025-03-23,Customer Receipt,SI101015,7227.11
BT706339,2025-03-23,Vendor Payment,VI202042,-3410.0
BT705217,2025-03-23,Vendor Payment,VI200795,-1164.81
BT705754,2025-03-23,Vendor Payment,VI201395,-1267.97
BT702587,2025-03-23,Customer Receipt,SI102881,20936.62
BT700611,2025-03-23,Customer Receipt,SI100680,31511.88
BT701950,2025-03-23,Customer Receipt,SI102165,6559.06
BT701885,2025-03-23,Customer Receipt,SI102090,19110.33
BT700558,2025-03-23,Customer Receipt,SI100624,24436.94
BT705441,2025-03-24,Vendor Payment,VI201053,-3201.0
BT705268,2025-03-24,Vendor Payment,VI200851,-2279.27
BT703330,2025-03-24,Customer Receipt,SI103700,1333.0
BT701725,2025-03-24,Customer Receipt,SI101915,5614.23
BT702573,2025-03-24,Customer Receipt,SI102867,9141.57
BT705749,2025-03-24,Vendor Payment,VI201390,-1893.09
BT705657,2025-03-24,Vendor Payment,VI201294,-3877.45
BT706011,2025-03-24,Vendor Payment,VI201678,-7922.68
BT702061,2025-03-25,Customer Receipt,SI102291,9334.87
BT705595,2025-03-25,Vendor Payment,VI201221,-2236.15
BT703119,2025-03-25,Customer Receipt,SI103470,9931.17
BT702678,2025-03-25,Customer Receipt,SI102984,17038.33
BT700493,2025-03-25,Customer Receipt,SI100548,3057.91
BT703613,2025-03-25,Customer Receipt,SI104012,2342.03
BT702228,2025-03-25,Customer Receipt,SI102485,21891.44
BT700054,2025-03-25,Customer Receipt,SI100059,12551.39
BT701567,2025-03-26,Customer Receipt,SI101734,3504.65
BT700793,2025-03-26,Customer Receipt,SI100883,16789.79
BT701489,2025-03-26,Customer Receipt,SI101645,10705.63
BT700922,2025-03-26,Customer Receipt,SI101026,3934.62
BT706160,2025-03-26,Vendor Payment,VI201847,-3715.73
BT703088,2025-03-26,Customer Receipt,SI103432,15678.89
BT702070,2025-03-26,Customer Receipt,SI102302,17694.94
BT700311,2025-03-27,Customer Receipt,SI100347,625.69
BT701580,2025-03-27,Customer Receipt,SI101747,24532.26
BT703420,2025-03-27,Customer Receipt,SI103800,37675.48
BT702426,2025-03-27,Customer Receipt,SI102708,633.28
BT706428,2025-03-27,Vendor Payment,VI202141,-2658.0
BT701076,2025-03-27,Customer Receipt,SI101194,2790.58
BT701807,2025-03-27,Customer Receipt,SI102009,7520.2
BT705664,2025-03-27,Vendor Payment,VI201301,-2498.31
BT704841,2025-03-27,Vendor Payment,VI200376,-1316.74
BT704790,2025-03-27,Vendor Payment,VI200320,-1076.34
BT702235,2025-03-27,Customer Receipt,SI102492,484.6
BT700337,2025-03-28,Customer Receipt,SI100373,9547.02
BT704205,2025-03-28,Customer Receipt,SI104669,11702.23
BT706641,2025-03-28,Payroll,PR500003,-771338.76
BT704482,2025-03-28,Customer Receipt,SI104977,42751.76
BT702600,2025-03-28,Customer Receipt,SI102895,4802.16
BT700392,2025-03-28,Customer Receipt,SI100438,15070.19
BT705309,2025-03-28,Vendor Payment,VI200897,-4851.55
BT706496,2025-03-28,Operating Expense,EX400018,-183801.62
BT706502,2025-03-28,Operating Expense,EX400024,-101580.94
BT706499,2025-03-28,Operating Expense,EX400021,-86599.69
BT706498,2025-03-28,Operating Expense,EX400020,-168639.89
BT706501,2025-03-28,Operating Expense,EX400023,-43788.93
BT706495,2025-03-28,Operating Expense,EX400017,-847107.96
BT706500,2025-03-28,Operating Expense,EX400022,-55527.42
BT706497,2025-03-28,Operating Expense,EX400019,-68521.97
BT705709,2025-03-29,Vendor Payment,VI201348,-4825.62
BT702327,2025-03-29,Customer Receipt,SI102598,11896.81
BT701417,2025-03-29,Customer Receipt,SI101567,3837.5
BT702947,2025-03-29,Customer Receipt,SI103276,15489.39
BT700973,2025-03-29,Customer Receipt,SI101080,5541.4
BT706328,2025-03-29,Vendor Payment,VI202029,-2280.39
BT701387,2025-03-29,Customer Receipt,SI101535,20340.19
BT704930,2025-03-29,Vendor Payment,VI200473,-5728.62
BT701149,2025-03-29,Customer Receipt,SI101278,5929.98
BT702274,2025-03-30,Customer Receipt,SI102538,2161.96
BT702276,2025-03-30,Customer Receipt,SI102541,2332.83
BT704079,2025-03-30,Customer Receipt,SI104529,10487.82
BT700681,2025-03-30,Customer Receipt,SI100759,3193.98
BT705313,2025-03-30,Vendor Payment,VI200902,-4561.76
BT700927,2025-03-30,Customer Receipt,SI101031,5141.39
BT703521,2025-03-30,Customer Receipt,SI103910,20158.57
BT702121,2025-03-30,Customer Receipt,SI102363,29936.29
BT704863,2025-03-30,Vendor Payment,VI200400,-2983.2
BT705481,2025-03-30,Vendor Payment,VI201098,-4588.18
BT704283,2025-03-30,Customer Receipt,SI104752,8301.33
BT705056,2025-03-31,Vendor Payment,VI200617,-2113.1
BT705533,2025-03-31,Vendor Payment,VI201153,-3453.34
BT702735,2025-03-31,Customer Receipt,SI103042,7206.54
BT703154,2025-03-31,Customer Receipt,SI103508,30471.92
BT701867,2025-03-31,Customer Receipt,SI102071,13370.32
BT703951,2025-04-01,Customer Receipt,SI104391,7864.58
BT705171,2025-04-01,Vendor Payment,VI200745,-2573.92
BT701561,2025-04-01,Customer Receipt,SI101725,22828.65
BT700380,2025-04-01,Customer Receipt,SI100423,628.65
BT704328,2025-04-01,Customer Receipt,SI104808,1938.38
BT703401,2025-04-01,Customer Receipt,SI103779,35692.56
BT700020,2025-04-01,Customer Receipt,SI100020,834.26
BT701875,2025-04-01,Customer Receipt,SI102080,1134.1
BT706661,2025-04-01,Loan Payment,LP600003,-204827.04
BT701131,2025-04-02,Customer Receipt,SI101254,11348.94
BT706299,2025-04-02,Vendor Payment,VI201998,-11399.82
BT702428,2025-04-02,Customer Receipt,SI102710,2748.44
BT704470,2025-04-02,Customer Receipt,SI104964,23248.8
BT705809,2025-04-02,Vendor Payment,VI201457,-5118.62
BT700408,2025-04-02,Customer Receipt,SI100455,18212.7
BT703427,2025-04-02,Customer Receipt,SI103808,3165.18
BT700479,2025-04-02,Customer Receipt,SI100534,3852.8
BT702367,2025-04-02,Customer Receipt,SI102644,2590.39
BT701557,2025-04-02,Customer Receipt,SI101720,23500.62
BT706338,2025-04-02,Vendor Payment,VI202041,-3089.2
BT704499,2025-04-02,Customer Receipt,SI104995,9188.34
BT702713,2025-04-02,Customer Receipt,SI103019,3129.93
BT700251,2025-04-02,Customer Receipt,SI100279,13411.44
BT701684,2025-04-03,Customer Receipt,SI101868,5162.22
BT705603,2025-04-03,Vendor Payment,VI201230,-4080.27
BT702183,2025-04-03,Customer Receipt,SI102435,992.32
BT704977,2025-04-03,Vendor Payment,VI200526,-5365.13
BT704147,2025-04-03,Customer Receipt,SI104603,15906.11
BT705224,2025-04-03,Vendor Payment,VI200805,-1068.81
BT702910,2025-04-03,Customer Receipt,SI103236,5080.72
BT700041,2025-04-03,Customer Receipt,SI100043,2169.46
BT700237,2025-04-03,Customer Receipt,SI100263,9220.49
BT705049,2025-04-03,Vendor Payment,VI200610,-2625.39
BT702412,2025-04-03,Customer Receipt,SI102694,2657.44
BT703970,2025-04-03,Customer Receipt,SI104413,5496.89
BT701787,2025-04-04,Customer Receipt,SI101987,4607.58
BT704891,2025-04-04,Vendor Payment,VI200430,-2320.37
BT704659,2025-04-04,Vendor Payment,VI200174,-1934.22
BT706406,2025-04-04,Vendor Payment,VI202116,-2594.58
BT705491,2025-04-04,Vendor Payment,VI201110,-4388.32
BT704906,2025-04-04,Vendor Payment,VI200445,-4062.11
BT701764,2025-04-04,Customer Receipt,SI101960,1270.18
BT702602,2025-04-04,Customer Receipt,SI102898,1206.4
BT704496,2025-04-04,Customer Receipt,SI104992,27217.13
BT701883,2025-04-04,Customer Receipt,SI102088,16764.3
BT700532,2025-04-04,Customer Receipt,SI100593,904.8
BT700595,2025-04-04,Customer Receipt,SI100664,7947.36
BT706265,2025-04-04,Vendor Payment,VI201961,-3224.07
BT700628,2025-04-05,Customer Receipt,SI100700,6557.99
BT703141,2025-04-05,Customer Receipt,SI103495,13674.92
BT703876,2025-04-05,Customer Receipt,SI104308,1999.49
BT706356,2025-04-05,Vendor Payment,VI202061,-6611.2
BT700961,2025-04-05,Customer Receipt,SI101068,35680.79
BT703238,2025-04-05,Customer Receipt,SI103600,3277.23
BT700664,2025-04-05,Customer Receipt,SI100739,1910.13
BT706024,2025-04-05,Vendor Payment,VI201692,-2218.79
BT702003,2025-04-05,Customer Receipt,SI102227,5354.58
BT700178,2025-04-05,Customer Receipt,SI100201,3208.6
BT706264,2025-04-05,Vendor Payment,VI201960,-1440.78
BT702382,2025-04-05,Customer Receipt,SI102662,16602.66
BT704017,2025-04-05,Customer Receipt,SI104463,10503.96
BT703638,2025-04-06,Customer Receipt,SI104041,2511.52
BT700282,2025-04-06,Customer Receipt,SI100314,2165.81
BT701590,2025-04-06,Customer Receipt,SI101758,3517.2
BT701324,2025-04-06,Customer Receipt,SI101467,2504.12
BT703736,2025-04-06,Customer Receipt,SI104153,12612.91
BT705955,2025-04-06,Vendor Payment,VI201618,-2412.26
BT705170,2025-04-06,Vendor Payment,VI200744,-3354.06
BT702682,2025-04-06,Customer Receipt,SI102988,1923.88
BT700009,2025-04-06,Customer Receipt,SI100009,5773.63
BT704546,2025-04-06,Vendor Payment,VI200045,-2609.41
BT705022,2025-04-06,Vendor Payment,VI200578,-6134.89
BT705719,2025-04-07,Vendor Payment,VI201358,-848.64
BT704513,2025-04-07,Vendor Payment,VI200010,-3413.55
BT704298,2025-04-07,Customer Receipt,SI104770,7450.8
BT702087,2025-04-07,Customer Receipt,SI102321,10662.71
BT705763,2025-04-07,Vendor Payment,VI201407,-2573.1
BT701960,2025-04-07,Customer Receipt,SI102177,1999.49
BT702648,2025-04-07,Customer Receipt,SI102949,7307.96
BT701207,2025-04-07,Customer Receipt,SI101340,6138.1
BT703409,2025-04-08,Customer Receipt,SI103789,8262.95
BT704063,2025-04-08,Customer Receipt,SI104513,30051.23
BT701286,2025-04-08,Customer Receipt,SI101426,13038.9
BT702773,2025-04-08,Customer Receipt,SI103082,8163.62
BT702559,2025-04-08,Customer Receipt,SI102853,2588.21
BT701299,2025-04-08,Customer Receipt,SI101440,5463.86
BT703214,2025-04-08,Customer Receipt,SI103575,7239.92
BT705653,2025-04-09,Vendor Payment,VI201288,-2347.04
BT705679,2025-04-09,Vendor Payment,VI201316,-2706.11
BT700383,2025-04-09,Customer Receipt,SI100426,7546.26
BT703604,2025-04-09,Customer Receipt,SI104003,2459.14
BT703834,2025-04-09,Customer Receipt,SI104264,2268.08
BT700185,2025-04-09,Customer Receipt,SI100208,8346.47
BT701733,2025-04-09,Customer Receipt,SI101926,4331.92
BT704077,2025-04-09,Customer Receipt,SI104527,22194.59
BT705304,2025-04-09,Vendor Payment,VI200892,-3520.63
BT704498,2025-04-09,Customer Receipt,SI104994,13255.26
BT703729,2025-04-09,Customer Receipt,SI104144,5766.31
BT702338,2025-04-09,Customer Receipt,SI102609,14754.82
BT703677,2025-04-10,Customer Receipt,SI104085,960.87
BT701283,2025-04-10,Customer Receipt,SI101423,26772.91
BT700716,2025-04-10,Customer Receipt,SI100796,1311.6
BT705447,2025-04-10,Vendor Payment,VI201059,-2264.88
BT705946,2025-04-10,Vendor Payment,VI201608,-1466.47
BT704495,2025-04-10,Customer Receipt,SI104991,38783.47
BT700287,2025-04-10,Customer Receipt,SI100319,1984.64
BT705096,2025-04-10,Vendor Payment,VI200661,-1819.22
BT704420,2025-04-10,Customer Receipt,SI104910,25573.68
BT702724,2025-04-11,Customer Receipt,SI103031,1389.96
BT705908,2025-04-11,Vendor Payment,VI201566,-2739.0
BT703022,2025-04-11,Customer Receipt,SI103360,16015.81
BT701570,2025-04-11,Customer Receipt,SI101737,2172.35
BT705851,2025-04-11,Vendor Payment,VI201503,-1693.75
BT705613,2025-04-11,Vendor Payment,VI201241,-2411.19
BT701388,2025-04-11,Customer Receipt,SI101536,3994.07
BT702541,2025-04-11,Customer Receipt,SI102832,3934.62
BT702638,2025-04-11,Customer Receipt,SI102938,19094.05
BT703621,2025-04-11,Customer Receipt,SI104022,2305.06
BT700821,2025-04-11,Customer Receipt,SI100916,4138.84
BT702617,2025-04-12,Customer Receipt,SI102913,29780.95
BT704622,2025-04-12,Vendor Payment,VI200133,-2105.56
BT704299,2025-04-12,Customer Receipt,SI104771,4621.63
BT700494,2025-04-12,Customer Receipt,SI100549,26015.37
BT702345,2025-04-12,Customer Receipt,SI102620,20587.76
BT702934,2025-04-12,Customer Receipt,SI103262,13633.82
BT703369,2025-04-12,Customer Receipt,SI103744,6818.28
BT701540,2025-04-13,Customer Receipt,SI101700,536.86
BT701108,2025-04-13,Customer Receipt,SI101231,14205.96
BT706058,2025-04-13,Vendor Payment,VI201729,-3124.39
BT701658,2025-04-13,Customer Receipt,SI101839,665.63
BT703354,2025-04-13,Customer Receipt,SI103729,9653.23
BT705467,2025-04-13,Vendor Payment,VI201081,-2097.03
BT700991,2025-04-13,Customer Receipt,SI101099,17084.15
BT704789,2025-04-13,Vendor Payment,VI200319,-3082.33
BT701270,2025-04-13,Customer Receipt,SI101410,1134.04
BT704438,2025-04-13,Customer Receipt,SI104931,1328.72
BT704637,2025-04-13,Vendor Payment,VI200148,-3447.63
BT701596,2025-04-13,Customer Receipt,SI101764,15724.05
BT700023,2025-04-13,Customer Receipt,SI100023,7034.41
BT701676,2025-04-13,Customer Receipt,SI101859,12551.39
BT706391,2025-04-13,Vendor Payment,VI202098,-1403.52
BT703375,2025-04-13,Customer Receipt,SI103751,25133.76
BT700029,2025-04-13,Customer Receipt,SI100029,3326.14
BT702333,2025-04-14,Customer Receipt,SI102604,7869.59
BT706293,2025-04-14,Vendor Payment,VI201991,-2237.32
BT704573,2025-04-14,Vendor Payment,VI200077,-7930.21
BT706163,2025-04-14,Vendor Payment,VI201850,-2447.6
BT702092,2025-04-14,Customer Receipt,SI102328,1051.39
BT703483,2025-04-14,Customer Receipt,SI103869,1676.43
BT703505,2025-04-14,Customer Receipt,SI103891,28290.77
BT704289,2025-04-14,Customer Receipt,SI104761,13084.66
BT704046,2025-04-14,Customer Receipt,SI104496,12662.37
BT704583,2025-04-15,Vendor Payment,VI200087,-3169.83
BT704390,2025-04-15,Customer Receipt,SI104875,15015.22
BT704015,2025-04-15,Customer Receipt,SI104461,26504.83
BT702680,2025-04-15,Customer Receipt,SI102986,3321.8
BT702695,2025-04-15,Customer Receipt,SI103001,32243.19
BT701836,2025-04-15,Customer Receipt,SI102038,5952.88
BT703968,2025-04-15,Customer Receipt,SI104411,5826.18
BT702015,2025-04-15,Customer Receipt,SI102241,20207.69
BT701893,2025-04-15,Customer Receipt,SI102100,1452.68
BT706470,2025-04-15,Vendor Payment,VI202190,-3074.62
BT703841,2025-04-15,Customer Receipt,SI104271,2577.41
BT704717,2025-04-15,Vendor Payment,VI200240,-2033.56
BT704924,2025-04-15,Vendor Payment,VI200465,-820.18
BT703907,2025-04-15,Customer Receipt,SI104344,4369.64
BT703189,2025-04-16,Customer Receipt,SI103546,3097.88
BT703006,2025-04-16,Customer Receipt,SI103341,1219.01
BT701887,2025-04-16,Customer Receipt,SI102094,7973.83
BT700963,2025-04-16,Customer Receipt,SI101070,8275.97
BT703403,2025-04-17,Customer Receipt,SI103781,2306.1
BT700093,2025-04-17,Customer Receipt,SI100106,16078.36
BT706099,2025-04-17,Vendor Payment,VI201776,-3526.41
BT701683,2025-04-17,Customer Receipt,SI101867,4059.2
BT705159,2025-04-17,Vendor Payment,VI200733,-1070.2
BT705107,2025-04-17,Vendor Payment,VI200676,-2098.6
BT706110,2025-04-17,Vendor Payment,VI201788,-1797.77
BT701728,2025-04-17,Customer Receipt,SI101920,1830.73
BT701037,2025-04-17,Customer Receipt,SI101151,7379.78
BT705277,2025-04-17,Vendor Payment,VI200862,-1824.84
BT702223,2025-04-18,Customer Receipt,SI102480,13313.79
BT703920,2025-04-18,Customer Receipt,SI104357,2138.41
BT702054,2025-04-18,Customer Receipt,SI102283,1295.2
BT704973,2025-04-18,Vendor Payment,VI200522,-5940.57
BT701549,2025-04-18,Customer Receipt,SI101711,11963.95
BT704080,2025-04-18,Customer Receipt,SI104530,10696.26
BT702622,2025-04-18,Customer Receipt,SI102918,242.3
BT706282,2025-04-18,Vendor Payment,VI201980,-3175.95
BT701845,2025-04-18,Customer Receipt,SI102047,7379.78
BT704193,2025-04-18,Customer Receipt,SI104655,27377.73
BT703167,2025-04-18,Customer Receipt,SI103523,720.99
BT704702,2025-04-19,Vendor Payment,VI200224,-918.85
BT704114,2025-04-19,Customer Receipt,SI104568,2798.61
BT705734,2025-04-19,Vendor Payment,VI201374,-2927.01
BT704123,2025-04-19,Customer Receipt,SI104577,7913.71
BT702340,2025-04-19,Customer Receipt,SI102612,4369.64
BT700608,2025-04-19,Customer Receipt,SI100677,11050.03
BT700317,2025-04-19,Customer Receipt,SI100353,3504.65
BT704869,2025-04-19,Vendor Payment,VI200407,-3553.95
BT703960,2025-04-19,Customer Receipt,SI104401,3458.39
BT703890,2025-04-19,Customer Receipt,SI104325,4883.51
BT701415,2025-04-19,Customer Receipt,SI101565,39261.82
BT704634,2025-04-19,Vendor Payment,VI200145,-6042.85
BT705979,2025-04-20,Vendor Payment,VI201642,-2683.62
BT704636,2025-04-20,Vendor Payment,VI200147,-4056.47
BT706042,2025-04-20,Vendor Payment,VI201712,-1778.53
BT703756,2025-04-20,Customer Receipt,SI104176,6442.43
BT704947,2025-04-20,Vendor Payment,VI200491,-2334.65
BT705440,2025-04-20,Vendor Payment,VI201052,-1882.08
BT706130,2025-04-20,Vendor Payment,VI201814,-3563.31
BT703716,2025-04-20,Customer Receipt,SI104130,4804.36
BT700907,2025-04-20,Customer Receipt,SI101009,2378.91
BT705373,2025-04-20,Vendor Payment,VI200972,-1677.27
BT700945,2025-04-20,Customer Receipt,SI101050,10366.74
BT704742,2025-04-20,Vendor Payment,VI200268,-3437.78
BT704150,2025-04-20,Customer Receipt,SI104606,535.6
BT703566,2025-04-20,Customer Receipt,SI103960,8301.33
BT705905,2025-04-20,Vendor Payment,VI201563,-1795.17
BT702203,2025-04-21,Customer Receipt,SI102456,24979.99
BT703313,2025-04-21,Customer Receipt,SI103681,5356.75
BT706106,2025-04-21,Vendor Payment,VI201783,-1454.36
BT700887,2025-04-21,Customer Receipt,SI100988,4010.75
BT700376,2025-04-21,Customer Receipt,SI100419,8493.48
BT702816,2025-04-21,Customer Receipt,SI103134,1257.3
BT704412,2025-04-21,Customer Receipt,SI104900,11302.64
BT700399,2025-04-21,Customer Receipt,SI100445,2494.88
BT703388,2025-04-21,Customer Receipt,SI103766,154.74
BT701436,2025-04-21,Customer Receipt,SI101588,26896.02
BT704036,2025-04-21,Customer Receipt,SI104486,28548.67
BT702169,2025-04-21,Customer Receipt,SI102420,3250.62
BT704441,2025-04-22,Customer Receipt,SI104934,9978.42
BT706087,2025-04-22,Vendor Payment,VI201764,-5003.87
BT703934,2025-04-22,Customer Receipt,SI104372,5029.29
BT705404,2025-04-22,Vendor Payment,VI201008,-4042.57
BT703846,2025-04-22,Customer Receipt,SI104276,12566.88
BT702841,2025-04-22,Customer Receipt,SI103165,3571.04
BT700837,2025-04-22,Customer Receipt,SI100934,1117.47
BT706156,2025-04-22,Vendor Payment,VI201843,-1637.53
BT702551,2025-04-22,Customer Receipt,SI102843,1316.08
BT702818,2025-04-22,Customer Receipt,SI103136,18837.74
BT701732,2025-04-23,Customer Receipt,SI101925,1177.55
BT704795,2025-04-23,Vendor Payment,VI200325,-4458.12
BT703286,2025-04-23,Customer Receipt,SI103653,3666.63
BT705540,2025-04-23,Vendor Payment,VI201160,-5491.77
BT701553,2025-04-23,Customer Receipt,SI101716,13439.05
BT703986,2025-04-23,Customer Receipt,SI104430,5187.59
BT702349,2025-04-23,Customer Receipt,SI102624,15382.22
BT702307,2025-04-23,Customer Receipt,SI102576,15291.92
BT705307,2025-04-23,Vendor Payment,VI200895,-9151.19
BT701411,2025-04-24,Customer Receipt,SI101561,7303.16
BT705678,2025-04-24,Vendor Payment,VI201315,-3074.16
BT703515,2025-04-24,Customer Receipt,SI103901,2374.8
BT706094,2025-04-24,Vendor Payment,VI201771,-1204.56
BT705425,2025-04-24,Vendor Payment,VI201034,-1900.83
BT706458,2025-04-24,Vendor Payment,VI202178,-7802.49
BT701422,2025-04-24,Customer Receipt,SI101573,27205.66
BT701326,2025-04-24,Customer Receipt,SI101469,13007.68
BT702135,2025-04-24,Customer Receipt,SI102381,21441.96
BT705052,2025-04-24,Vendor Payment,VI200613,-4285.12
BT700866,2025-04-25,Customer Receipt,SI100965,15647.45
BT700971,2025-04-25,Customer Receipt,SI101078,15609.22
BT704121,2025-04-25,Customer Receipt,SI104575,1134.1
BT703774,2025-04-25,Customer Receipt,SI104197,35814.17
BT703176,2025-04-25,Customer Receipt,SI103533,16078.36
BT705978,2025-04-25,Vendor Payment,VI201641,-996.15
BT706410,2025-04-25,Vendor Payment,VI202120,-1425.91
BT701069,2025-04-25,Customer Receipt,SI101186,2879.74
BT706472,2025-04-25,Vendor Payment,VI202193,-4399.4
BT705739,2025-04-25,Vendor Payment,VI201380,-2113.32
BT701293,2025-04-25,Customer Receipt,SI101434,6208.26
BT704166,2025-04-25,Customer Receipt,SI104623,1579.0
BT705981,2025-04-25,Vendor Payment,VI201644,-3378.92
BT700143,2025-04-26,Customer Receipt,SI100160,361.89
BT706097,2025-04-26,Vendor Payment,VI201774,-5705.47
BT702854,2025-04-26,Customer Receipt,SI103178,10492.79
BT700223,2025-04-26,Customer Receipt,SI100248,3618.93
BT700203,2025-04-26,Customer Receipt,SI100227,3631.91
BT700760,2025-04-26,Customer Receipt,SI100844,2748.44
BT704582,2025-04-26,Vendor Payment,VI200086,-1158.5
BT703773,2025-04-26,Customer Receipt,SI104195,1752.32
BT702762,2025-04-26,Customer Receipt,SI103071,7282.72
BT704206,2025-04-26,Customer Receipt,SI104670,3878.84
BT702768,2025-04-26,Customer Receipt,SI103077,4917.47
BT704286,2025-04-26,Customer Receipt,SI104758,10503.96
BT705065,2025-04-26,Vendor Payment,VI200626,-4406.57
BT701031,2025-04-26,Customer Receipt,SI101142,15232.44
BT702992,2025-04-27,Customer Receipt,SI103326,30258.02
BT703193,2025-04-27,Customer Receipt,SI103550,7435.51
BT700931,2025-04-27,Customer Receipt,SI101036,8288.86
BT701148,2025-04-27,Customer Receipt,SI101277,18099.72
BT701143,2025-04-27,Customer Receipt,SI101272,2010.66
BT702283,2025-04-27,Customer Receipt,SI102549,20158.57
BT704643,2025-04-27,Vendor Payment,VI200155,-5322.94
BT701726,2025-04-27,Customer Receipt,SI101916,9397.8
BT702834,2025-04-27,Customer Receipt,SI103158,11052.11
BT706287,2025-04-27,Vendor Payment,VI201985,-1872.73
BT700472,2025-04-27,Customer Receipt,SI100527,2950.96
BT701643,2025-04-27,Customer Receipt,SI101819,7616.22
BT705323,2025-04-27,Vendor Payment,VI200915,-3729.67
BT706642,2025-04-28,Payroll,PR500004,-761983.0700000001
BT704457,2025-04-28,Customer Receipt,SI104951,7732.22
BT706369,2025-04-28,Vendor Payment,VI202075,-4992.86
BT700412,2025-04-28,Customer Receipt,SI100459,9529.76
BT700001,2025-04-28,Customer Receipt,SI100001,20905.18
BT703707,2025-04-28,Customer Receipt,SI104121,8940.96
BT706503,2025-04-28,Operating Expense,EX400025,-938247.59
BT706510,2025-04-28,Operating Expense,EX400032,-100423.75
BT703676,2025-04-28,Customer Receipt,SI104084,3878.84
BT703981,2025-04-28,Customer Receipt,SI104424,1703.16
BT703674,2025-04-28,Customer Receipt,SI104082,22194.59
BT706508,2025-04-28,Operating Expense,EX400030,-58128.14
BT706507,2025-04-28,Operating Expense,EX400029,-98721.84
BT706504,2025-04-28,Operating Expense,EX400026,-174011.14
BT706505,2025-04-28,Operating Expense,EX400027,-61577.56
BT706506,2025-04-28,Operating Expense,EX400028,-174925.64
BT700648,2025-04-28,Customer Receipt,SI100722,22799.6
BT706509,2025-04-28,Operating Expense,EX400031,-46390.46
BT701402,2025-04-29,Customer Receipt,SI101551,9389.78
BT705099,2025-04-29,Vendor Payment,VI200666,-3760.4
BT704014,2025-04-29,Customer Receipt,SI104460,3406.32
BT702461,2025-04-29,Customer Receipt,SI102746,25225.83
BT705173,2025-04-29,Vendor Payment,VI200747,-1956.23
BT701249,2025-04-29,Customer Receipt,SI101387,7488.05
BT701841,2025-04-29,Customer Receipt,SI102043,2355.1
BT701533,2025-04-29,Customer Receipt,SI101693,6719.52
BT701997,2025-04-29,Customer Receipt,SI102220,7816.81
BT703309,2025-04-29,Customer Receipt,SI103676,6138.1
BT703394,2025-04-29,Customer Receipt,SI103772,3602.55
BT706254,2025-04-30,Vendor Payment,VI201950,-3820.72
BT702848,2025-04-30,Customer Receipt,SI103172,16278.36
BT702122,2025-04-30,Customer Receipt,SI102364,7790.75
BT704278,2025-04-30,Customer Receipt,SI104747,18016.51
BT704494,2025-04-30,Customer Receipt,SI104989,12188.77
BT702351,2025-04-30,Customer Receipt,SI102626,6886.33
BT702378,2025-04-30,Customer Receipt,SI102658,14391.25
BT701687,2025-04-30,Customer Receipt,SI101871,1237.03
BT705213,2025-04-30,Vendor Payment,VI200791,-5162.48
BT703396,2025-04-30,Customer Receipt,SI103774,7816.81
BT701375,2025-04-30,Customer Receipt,SI101522,11114.08
BT702758,2025-04-30,Customer Receipt,SI103067,13838.28
BT700022,2025-04-30,Customer Receipt,SI100022,3027.02
BT704072,2025-04-30,Customer Receipt,SI104522,15133.54
BT702065,2025-04-30,Customer Receipt,SI102296,971.4
BT703200,2025-04-30,Customer Receipt,SI103560,3965.84
BT701003,2025-05-01,Customer Receipt,SI101114,15729.15
BT700841,2025-05-01,Customer Receipt,SI100938,2632.16
BT704209,2025-05-01,Customer Receipt,SI104673,567.05
BT702237,2025-05-01,Customer Receipt,SI102495,9827.53
BT700856,2025-05-01,Customer Receipt,SI100955,11456.43
BT704040,2025-05-01,Customer Receipt,SI104490,35692.56
BT701958,2025-05-01,Customer Receipt,SI102175,16211.49
BT702566,2025-05-01,Customer Receipt,SI102860,30811.62
BT706662,2025-05-01,Loan Payment,LP600004,-204827.04
BT701062,2025-05-02,Customer Receipt,SI101178,8446.58
BT705081,2025-05-02,Vendor Payment,VI200645,-1828.4
BT702410,2025-05-02,Customer Receipt,SI102692,2585.67
BT705944,2025-05-02,Vendor Payment,VI201606,-3461.01
BT704132,2025-05-02,Customer Receipt,SI104588,18043.3
BT703619,2025-05-02,Customer Receipt,SI104020,7675.01
BT701332,2025-05-02,Customer Receipt,SI101475,1116.69
BT702357,2025-05-02,Customer Receipt,SI102633,5226.93
BT701285,2025-05-02,Customer Receipt,SI101425,3257.04
BT705747,2025-05-02,Vendor Payment,VI201388,-2480.23
BT704937,2025-05-02,Vendor Payment,VI200480,-529.07
BT705046,2025-05-02,Vendor Payment,VI200607,-11003.81
BT702589,2025-05-02,Customer Receipt,SI102883,1420.6
BT706449,2025-05-02,Vendor Payment,VI202165,-1119.83
BT705993,2025-05-02,Vendor Payment,VI201658,-3117.0
BT705192,2025-05-03,Vendor Payment,VI200769,-2633.54
BT705920,2025-05-03,Vendor Payment,VI201579,-7911.51
BT704177,2025-05-03,Customer Receipt,SI104634,686.02
BT703317,2025-05-03,Customer Receipt,SI103686,2883.16
BT704250,2025-05-03,Customer Receipt,SI104716,19087.34
BT704658,2025-05-03,Vendor Payment,VI200173,-1686.24
BT706071,2025-05-03,Vendor Payment,VI201746,-1878.46
BT702759,2025-05-03,Customer Receipt,SI103068,18089.1
BT701397,2025-05-03,Customer Receipt,SI101546,12561.97
BT703455,2025-05-03,Customer Receipt,SI103839,3133.28
BT703856,2025-05-03,Customer Receipt,SI104286,2615.49
BT702531,2025-05-03,Customer Receipt,SI102820,7410.56
BT703128,2025-05-03,Customer Receipt,SI103480,7290.5
BT701712,2025-05-03,Customer Receipt,SI101900,4583.28
BT704865,2025-05-03,Vendor Payment,VI200403,-1429.6
BT704057,2025-05-04,Customer Receipt,SI104507,3227.04
BT700364,2025-05-04,Customer Receipt,SI100404,2298.85
BT704185,2025-05-04,Customer Receipt,SI104643,2221.66
BT704772,2025-05-04,Vendor Payment,VI200301,-9165.3
BT704139,2025-05-04,Customer Receipt,SI104595,4506.2
BT705576,2025-05-04,Vendor Payment,VI201200,-3598.96
BT705930,2025-05-04,Vendor Payment,VI201590,-2765.65
BT701629,2025-05-04,Customer Receipt,SI101802,3647.94
BT700649,2025-05-04,Customer Receipt,SI100723,6195.76
BT706308,2025-05-04,Vendor Payment,VI202008,-2591.27
BT706061,2025-05-04,Vendor Payment,VI201736,-1809.62
BT703760,2025-05-05,Customer Receipt,SI104180,10046.09
BT702765,2025-05-05,Customer Receipt,SI103074,215.36
BT705318,2025-05-05,Vendor Payment,VI200909,-1659.97
BT703905,2025-05-05,Customer Receipt,SI104341,8695.95
BT700125,2025-05-05,Customer Receipt,SI100139,3172.67
BT700065,2025-05-05,Customer Receipt,SI100073,896.4
BT702971,2025-05-05,Customer Receipt,SI103304,7074.96
BT705280,2025-05-05,Vendor Payment,VI200865,-3470.67
BT703831,2025-05-05,Customer Receipt,SI104261,6448.64
BT700241,2025-05-05,Customer Receipt,SI100267,16106.07
BT702676,2025-05-05,Customer Receipt,SI102981,12311.78
BT702563,2025-05-06,Customer Receipt,SI102857,13657.05
BT704884,2025-05-06,Vendor Payment,VI200423,-5013.82
BT703130,2025-05-06,Customer Receipt,SI103482,14754.82
BT702251,2025-05-06,Customer Receipt,SI102510,17673.46
BT700182,2025-05-06,Customer Receipt,SI100205,19245.42
BT700271,2025-05-06,Customer Receipt,SI100301,3298.13
BT705875,2025-05-06,Vendor Payment,VI201528,-2220.77
BT700067,2025-05-06,Customer Receipt,SI100075,10681.35
BT700553,2025-05-06,Customer Receipt,SI100617,1311.58
BT705867,2025-05-06,Vendor Payment,VI201519,-2966.09
BT700285,2025-05-06,Customer Receipt,SI100317,4150.66
BT703035,2025-05-06,Customer Receipt,SI103377,1615.32
BT705485,2025-05-06,Vendor Payment,VI201103,-1875.46
BT701785,2025-05-06,Customer Receipt,SI101984,1830.73
BT703782,2025-05-07,Customer Receipt,SI104206,15334.44
BT705008,2025-05-07,Vendor Payment,VI200560,-1670.07
BT702148,2025-05-07,Customer Receipt,SI102396,361.89
BT704065,2025-05-07,Customer Receipt,SI104515,15356.59
BT701135,2025-05-07,Customer Receipt,SI101261,2666.58
BT705594,2025-05-07,Vendor Payment,VI201220,-1999.04
BT700506,2025-05-07,Customer Receipt,SI100561,1969.7
BT701086,2025-05-07,Customer Receipt,SI101205,10318.66
BT705862,2025-05-07,Vendor Payment,VI201514,-1590.8
BT701817,2025-05-07,Customer Receipt,SI102019,30140.38
BT704394,2025-05-07,Customer Receipt,SI104880,29289.99
BT702450,2025-05-07,Customer Receipt,SI102734,1994.96
BT703106,2025-05-07,Customer Receipt,SI103455,680.42
BT703510,2025-05-07,Customer Receipt,SI103896,1085.68
BT700574,2025-05-08,Customer Receipt,SI100641,21277.98
BT704747,2025-05-08,Vendor Payment,VI200274,-5428.07
BT705090,2025-05-08,Vendor Payment,VI200654,-1951.57
BT702955,2025-05-08,Customer Receipt,SI103284,3193.98
BT704120,2025-05-08,Customer Receipt,SI104574,14471.28
BT700548,2025-05-08,Customer Receipt,SI100611,15663.28
BT703596,2025-05-08,Customer Receipt,SI103995,9127.23
BT701899,2025-05-08,Customer Receipt,SI102108,5013.87
BT702140,2025-05-08,Customer Receipt,SI102387,5525.01
BT705977,2025-05-08,Vendor Payment,VI201640,-1540.96
BT701731,2025-05-08,Customer Receipt,SI101923,544.08
BT701058,2025-05-08,Customer Receipt,SI101174,9212.58
BT706463,2025-05-08,Vendor Payment,VI202183,-3260.46
BT700267,2025-05-09,Customer Receipt,SI100297,6836.92
BT700286,2025-05-09,Customer Receipt,SI100318,16141.52
BT702432,2025-05-09,Customer Receipt,SI102714,1405.22
BT706200,2025-05-09,Vendor Payment,VI201892,-1341.65
BT705189,2025-05-09,Vendor Payment,VI200765,-4514.84
BT700265,2025-05-09,Customer Receipt,SI100294,3760.1
BT702164,2025-05-09,Customer Receipt,SI102414,6442.43
BT705500,2025-05-09,Vendor Payment,VI201119,-4433.27
BT700362,2025-05-09,Customer Receipt,SI100401,2803.72
BT701011,2025-05-09,Customer Receipt,SI101122,2638.36
BT703060,2025-05-09,Customer Receipt,SI103402,22452.99
BT706377,2025-05-09,Vendor Payment,VI202083,-1405.57
BT701757,2025-05-09,Customer Receipt,SI101952,16789.79
BT704337,2025-05-09,Customer Receipt,SI104817,35257.7
BT703151,2025-05-09,Customer Receipt,SI103505,1360.2
BT703446,2025-05-09,Customer Receipt,SI103829,9389.78
BT706350,2025-05-09,Vendor Payment,VI202054,-1159.63
BT703694,2025-05-09,Customer Receipt,SI104108,7480.89
BT703791,2025-05-09,Customer Receipt,SI104215,7058.92
BT705501,2025-05-09,Vendor Payment,VI201120,-6026.71
BT701322,2025-05-09,Customer Receipt,SI101465,9984.06
BT702755,2025-05-10,Customer Receipt,SI103063,6226.0
BT703028,2025-05-10,Customer Receipt,SI103368,1441.98
BT705924,2025-05-10,Vendor Payment,VI201583,-5340.41
BT705632,2025-05-10,Vendor Payment,VI201262,-1788.61
BT705281,2025-05-10,Vendor Payment,VI200866,-3896.19
BT705685,2025-05-10,Vendor Payment,VI201323,-4259.02
BT705172,2025-05-10,Vendor Payment,VI200746,-2698.25
BT704374,2025-05-10,Customer Receipt,SI104858,25604.6
BT702790,2025-05-10,Customer Receipt,SI103102,1372.05
BT700334,2025-05-10,Customer Receipt,SI100370,22548.5
BT704919,2025-05-10,Vendor Payment,VI200459,-2092.94
BT700319,2025-05-10,Customer Receipt,SI100355,4718.74
BT700667,2025-05-11,Customer Receipt,SI100742,18089.1
BT700610,2025-05-11,Customer Receipt,SI100679,11532.62
BT702634,2025-05-11,Customer Receipt,SI102933,6033.27
BT701665,2025-05-11,Customer Receipt,SI101846,12974.2
BT700057,2025-05-11,Customer Receipt,SI100062,5830.27
BT705180,2025-05-11,Vendor Payment,VI200756,-7116.45
BT700668,2025-05-11,Customer Receipt,SI100743,37985.9
BT702779,2025-05-11,Customer Receipt,SI103090,1873.63
BT705525,2025-05-11,Vendor Payment,VI201144,-6469.9
BT704213,2025-05-11,Customer Receipt,SI104677,10376.66
BT704130,2025-05-11,Customer Receipt,SI104585,11818.21
BT702511,2025-05-11,Customer Receipt,SI102799,8077.36
BT701272,2025-05-11,Customer Receipt,SI101412,2779.92
BT704729,2025-05-12,Vendor Payment,VI200254,-3468.4
BT701778,2025-05-12,Customer Receipt,SI101977,31731.93
BT702742,2025-05-12,Customer Receipt,SI103050,7239.92
BT704184,2025-05-12,Customer Receipt,SI104642,13853.5
BT703390,2025-05-12,Customer Receipt,SI103768,6656.89
BT706220,2025-05-12,Vendor Payment,VI201915,-5526.23
BT703359,2025-05-12,Customer Receipt,SI103734,11638.46
BT701962,2025-05-12,Customer Receipt,SI102179,6069.8
BT704029,2025-05-12,Customer Receipt,SI104479,17285.76
BT700703,2025-05-12,Customer Receipt,SI100783,1579.0
BT703753,2025-05-12,Customer Receipt,SI104173,8301.98
BT701460,2025-05-12,Customer Receipt,SI101615,29509.64
BT702201,2025-05-13,Customer Receipt,SI102454,3173.67
BT700106,2025-05-13,Customer Receipt,SI100119,2025.14
BT705343,2025-05-13,Vendor Payment,VI200940,-5948.42
BT704358,2025-05-13,Customer Receipt,SI104840,2680.88
BT701139,2025-05-13,Customer Receipt,SI101267,1344.6
BT701420,2025-05-13,Customer Receipt,SI101570,414.57
BT701491,2025-05-13,Customer Receipt,SI101649,269.22
BT700300,2025-05-14,Customer Receipt,SI100336,3517.2
BT703683,2025-05-14,Customer Receipt,SI104094,1566.33
BT706148,2025-05-14,Vendor Payment,VI201834,-5740.46
BT702250,2025-05-14,Customer Receipt,SI102509,1233.2
BT704223,2025-05-14,Customer Receipt,SI104688,2257.21
BT700305,2025-05-14,Customer Receipt,SI100341,5488.19
BT703342,2025-05-14,Customer Receipt,SI103716,4970.27
BT703692,2025-05-15,Customer Receipt,SI104106,1972.24
BT701026,2025-05-15,Customer Receipt,SI101137,10947.65
BT704698,2025-05-15,Vendor Payment,VI200220,-3916.69
BT704605,2025-05-15,Vendor Payment,VI200112,-10683.09
BT703940,2025-05-15,Customer Receipt,SI104378,19607.39
BT705079,2025-05-15,Vendor Payment,VI200643,-2204.88
BT701633,2025-05-15,Customer Receipt,SI101807,1420.85
BT705018,2025-05-15,Vendor Payment,VI200572,-4148.59
BT702951,2025-05-15,Customer Receipt,SI103280,6520.95
BT706050,2025-05-15,Vendor Payment,VI201720,-15361.56
BT702984,2025-05-15,Customer Receipt,SI103318,35035.61
BT703202,2025-05-15,Customer Receipt,SI103562,2261.42
BT705126,2025-05-15,Vendor Payment,VI200695,-7736.54
BT702205,2025-05-15,Customer Receipt,SI102458,624.55
BT704287,2025-05-15,Customer Receipt,SI104759,5952.88
BT703054,2025-05-15,Customer Receipt,SI103396,6479.06
BT704169,2025-05-15,Customer Receipt,SI104626,5462.05
BT703263,2025-05-15,Customer Receipt,SI103627,935.7
BT704242,2025-05-16,Customer Receipt,SI104708,4747.77
BT705094,2025-05-16,Vendor Payment,VI200658,-10997.28
BT701089,2025-05-16,Customer Receipt,SI101208,6062.17
BT704942,2025-05-16,Vendor Payment,VI200486,-3542.26
BT705894,2025-05-16,Vendor Payment,VI201550,-2555.04
BT705725,2025-05-16,Vendor Payment,VI201365,-694.86
BT700662,2025-05-16,Customer Receipt,SI100737,997.92
BT700743,2025-05-16,Customer Receipt,SI100826,10091.04
BT701303,2025-05-16,Customer Receipt,SI101445,1024.5
BT704716,2025-05-16,Vendor Payment,VI200239,-3688.91
BT705849,2025-05-16,Vendor Payment,VI201501,-1768.84
BT701399,2025-05-16,Customer Receipt,SI101548,14224.95
BT702518,2025-05-16,Customer Receipt,SI102806,24577.97
BT704625,2025-05-16,Vendor Payment,VI200136,-1616.76
BT706078,2025-05-16,Vendor Payment,VI201754,-5673.16
BT700363,2025-05-16,Customer Receipt,SI100402,9710.32
BT703519,2025-05-17,Customer Receipt,SI103908,12244.08
BT702199,2025-05-17,Customer Receipt,SI102452,17635.68
BT700539,2025-05-17,Customer Receipt,SI100601,29302.51
BT701079,2025-05-17,Customer Receipt,SI101197,22218.06
BT702914,2025-05-17,Customer Receipt,SI103240,1456.54
BT703148,2025-05-17,Customer Receipt,SI103502,1884.54
BT702126,2025-05-17,Customer Receipt,SI102370,2802.87
BT700687,2025-05-17,Customer Receipt,SI100766,1405.22
BT704967,2025-05-17,Vendor Payment,VI200515,-2377.05
BT702332,2025-05-17,Customer Receipt,SI102603,9281.37
BT705137,2025-05-18,Vendor Payment,VI200708,-1432.19
BT705198,2025-05-18,Vendor Payment,VI200775,-1668.0
BT701236,2025-05-18,Customer Receipt,SI101374,21106.27
BT703275,2025-05-18,Customer Receipt,SI103640,5670.39
BT700008,2025-05-18,Customer Receipt,SI100008,8970.56
BT704022,2025-05-18,Customer Receipt,SI104469,10503.96
BT705696,2025-05-18,Vendor Payment,VI201334,-1281.15
BT705983,2025-05-18,Vendor Payment,VI201646,-9515.54
BT704340,2025-05-18,Customer Receipt,SI104820,9430.26
BT701204,2025-05-18,Customer Receipt,SI101337,1219.01
BT702706,2025-05-18,Customer Receipt,SI103012,8277.67
BT702636,2025-05-18,Customer Receipt,SI102936,1424.22
BT705880,2025-05-18,Vendor Payment,VI201535,-4305.06
BT703571,2025-05-18,Customer Receipt,SI103965,2779.92
BT705095,2025-05-18,Vendor Payment,VI200660,-5033.83
BT700517,2025-05-19,Customer Receipt,SI100577,728.27
BT704243,2025-05-19,Customer Receipt,SI104709,6006.09
BT703464,2025-05-19,Customer Receipt,SI103850,6146.99
BT702129,2025-05-19,Customer Receipt,SI102373,17168.5
BT706065,2025-05-19,Vendor Payment,VI201740,-3305.67
BT701438,2025-05-19,Customer Receipt,SI101590,670.22
BT704425,2025-05-19,Customer Receipt,SI104916,30145.33
BT704174,2025-05-19,Customer Receipt,SI104631,30388.72
BT700675,2025-05-19,Customer Receipt,SI100751,26780.71
BT705765,2025-05-19,Vendor Payment,VI201409,-1077.45
BT701338,2025-05-19,Customer Receipt,SI101482,4010.75
BT706314,2025-05-19,Vendor Payment,VI202014,-3527.13
BT700025,2025-05-19,Customer Receipt,SI100025,18254.46
BT701455,2025-05-19,Customer Receipt,SI101610,2228.48
BT705968,2025-05-19,Vendor Payment,VI201631,-3410.05
BT701724,2025-05-19,Customer Receipt,SI101914,14976.09
BT700333,2025-05-19,Customer Receipt,SI100369,13940.45
BT705593,2025-05-20,Vendor Payment,VI201219,-2169.85
BT706055,2025-05-20,Vendor Payment,VI201726,-7512.72
BT701144,2025-05-20,Customer Receipt,SI101273,3948.25
BT704076,2025-05-20,Customer Receipt,SI104526,464.23
BT705356,2025-05-20,Vendor Payment,VI200954,-3124.12
BT703945,2025-05-20,Customer Receipt,SI104384,3711.1
BT700689,2025-05-20,Customer Receipt,SI100768,6350.9
BT700245,2025-05-20,Customer Receipt,SI100272,26785.1
BT704974,2025-05-20,Vendor Payment,VI200523,-2917.75
BT704638,2025-05-20,Vendor Payment,VI200150,-2933.16
BT700677,2025-05-21,Customer Receipt,SI100754,11921.04
BT704343,2025-05-21,Customer Receipt,SI104824,3326.25
BT702217,2025-05-21,Customer Receipt,SI102472,6013.84
BT705792,2025-05-21,Vendor Payment,VI201439,-3785.33
BT701673,2025-05-21,Customer Receipt,SI101855,16551.94
BT700026,2025-05-21,Customer Receipt,SI100026,19773.36
BT704048,2025-05-22,Customer Receipt,SI104498,15906.11
BT703636,2025-05-22,Customer Receipt,SI104039,6195.76
BT701939,2025-05-22,Customer Receipt,SI102153,7732.22
BT704964,2025-05-22,Vendor Payment,VI200512,-2852.52
BT704329,2025-05-22,Customer Receipt,SI104809,2776.74
BT700112,2025-05-22,Customer Receipt,SI100125,4382.21
BT704730,2025-05-22,Vendor Payment,VI200255,-9491.7
BT700885,2025-05-22,Customer Receipt,SI100986,17136.84
BT703380,2025-05-22,Customer Receipt,SI103758,8568.42
BT703996,2025-05-22,Customer Receipt,SI104441,5699.52
BT704922,2025-05-22,Vendor Payment,VI200462,-1315.3
BT700956,2025-05-22,Customer Receipt,SI101063,5026.75
BT703397,2025-05-22,Customer Receipt,SI103775,11649.56
BT702265,2025-05-22,Customer Receipt,SI102526,4867.15
BT704395,2025-05-22,Customer Receipt,SI104881,1237.03
BT702007,2025-05-23,Customer Receipt,SI102232,25953.34
BT702116,2025-05-23,Customer Receipt,SI102358,7124.4
BT703955,2025-05-23,Customer Receipt,SI104395,1300.25
BT702651,2025-05-23,Customer Receipt,SI102952,5475.55
BT703149,2025-05-23,Customer Receipt,SI103503,992.32
BT702207,2025-05-23,Customer Receipt,SI102461,10259.82
BT704681,2025-05-23,Vendor Payment,VI200200,-8814.1
BT705687,2025-05-23,Vendor Payment,VI201325,-1431.32
BT703351,2025-05-23,Customer Receipt,SI103726,1047.75
BT700617,2025-05-24,Customer Receipt,SI100687,1507.55
BT703642,2025-05-24,Customer Receipt,SI104045,1328.72
BT704089,2025-05-24,Customer Receipt,SI104539,5066.24
BT701396,2025-05-24,Customer Receipt,SI101545,12460.01
BT700914,2025-05-24,Customer Receipt,SI101016,7878.81
BT701854,2025-05-24,Customer Receipt,SI102058,1024.5
BT705738,2025-05-24,Vendor Payment,VI201379,-1850.59
BT700496,2025-05-24,Customer Receipt,SI100551,1938.38
BT705403,2025-05-24,Vendor Payment,VI201007,-3144.89
BT702433,2025-05-24,Customer Receipt,SI102715,2085.64
BT704202,2025-05-24,Customer Receipt,SI104666,2886.41
BT705751,2025-05-24,Vendor Payment,VI201392,-2946.94
BT700756,2025-05-24,Customer Receipt,SI100840,8407.63
BT704451,2025-05-24,Customer Receipt,SI104944,1449.6
BT705015,2025-05-24,Vendor Payment,VI200569,-3999.25
BT703963,2025-05-24,Customer Receipt,SI104404,19165.41
BT704539,2025-05-25,Vendor Payment,VI200037,-1982.26
BT706150,2025-05-25,Vendor Payment,VI201836,-4518.71
BT704107,2025-05-25,Customer Receipt,SI104561,12032.43
BT703904,2025-05-25,Customer Receipt,SI104340,3315.01
BT705906,2025-05-25,Vendor Payment,VI201564,-2079.1
BT701227,2025-05-25,Customer Receipt,SI101363,4187.38
BT705154,2025-05-25,Vendor Payment,VI200727,-3020.87
BT705717,2025-05-25,Vendor Payment,VI201356,-3608.1
BT705644,2025-05-25,Vendor Payment,VI201276,-4765.07
BT701047,2025-05-25,Customer Receipt,SI101162,2129.32
BT703166,2025-05-26,Customer Receipt,SI103522,14315.51
BT704098,2025-05-26,Customer Receipt,SI104549,8645.1
BT705254,2025-05-26,Vendor Payment,VI200836,-2321.32
BT700693,2025-05-26,Customer Receipt,SI100773,11586.36
BT701758,2025-05-26,Customer Receipt,SI101953,350.46
BT704074,2025-05-26,Customer Receipt,SI104524,911.31
BT704396,2025-05-26,Customer Receipt,SI104883,1622.23
BT702550,2025-05-26,Customer Receipt,SI102842,5286.36
BT701915,2025-05-26,Customer Receipt,SI102127,1316.08
BT704931,2025-05-26,Vendor Payment,VI200474,-3975.8
BT705077,2025-05-26,Vendor Payment,VI200641,-4911.25
BT705510,2025-05-26,Vendor Payment,VI201129,-2776.5
BT705819,2025-05-26,Vendor Payment,VI201467,-2942.96
BT703761,2025-05-26,Customer Receipt,SI104182,7757.68
BT701275,2025-05-27,Customer Receipt,SI101415,2596.64
BT703998,2025-05-27,Customer Receipt,SI104443,6969.24
BT705712,2025-05-27,Vendor Payment,VI201351,-3064.07
BT700846,2025-05-27,Customer Receipt,SI100943,17423.1
BT700900,2025-05-27,Customer Receipt,SI101002,6485.8
BT700658,2025-05-27,Customer Receipt,SI100733,12898.33
BT703697,2025-05-27,Customer Receipt,SI104111,928.45
BT700731,2025-05-27,Customer Receipt,SI100813,10807.66
BT706460,2025-05-27,Vendor Payment,VI202180,-3451.49
BT702177,2025-05-27,Customer Receipt,SI102428,8272.22
BT704725,2025-05-27,Vendor Payment,VI200250,-14808.13
BT701765,2025-05-27,Customer Receipt,SI101962,7435.51
BT706513,2025-05-28,Operating Expense,EX400035,-59226.29
BT706514,2025-05-28,Operating Expense,EX400036,-152108.72
BT706516,2025-05-28,Operating Expense,EX400038,-65958.34
BT706643,2025-05-28,Payroll,PR500005,-791191.14
BT702113,2025-05-28,Customer Receipt,SI102353,15161.73
BT706518,2025-05-28,Operating Expense,EX400040,-103785.02
BT706511,2025-05-28,Operating Expense,EX400033,-846490.6
BT705888,2025-05-28,Vendor Payment,VI201544,-2635.28
BT704310,2025-05-28,Customer Receipt,SI104786,928.45
BT703874,2025-05-28,Customer Receipt,SI104306,3255.83
BT706512,2025-05-28,Operating Expense,EX400034,-201239.69
BT706515,2025-05-28,Operating Expense,EX400037,-88720.61
BT706517,2025-05-28,Operating Expense,EX400039,-48790.75
BT706037,2025-05-28,Vendor Payment,VI201707,-3102.81
BT701896,2025-05-28,Customer Receipt,SI102104,31092.19
BT701933,2025-05-28,Customer Receipt,SI102147,3948.25
BT702273,2025-05-28,Customer Receipt,SI102537,13368.06
BT703547,2025-05-28,Customer Receipt,SI103938,7558.15
BT703673,2025-05-28,Customer Receipt,SI104081,4763.18
BT704587,2025-05-28,Vendor Payment,VI200091,-7088.08
BT705535,2025-05-28,Vendor Payment,VI201155,-2471.93
BT706170,2025-05-28,Vendor Payment,VI201858,-1840.22
BT702717,2025-05-28,Customer Receipt,SI103023,14627.79
BT704164,2025-05-29,Customer Receipt,SI104620,8272.22
BT702873,2025-05-29,Customer Receipt,SI103198,1970.45
BT701288,2025-05-29,Customer Receipt,SI101428,6719.52
BT702808,2025-05-29,Customer Receipt,SI103124,2041.27
BT700404,2025-05-29,Customer Receipt,SI100451,5442.41
BT700789,2025-05-29,Customer Receipt,SI100879,14207.19
BT706101,2025-05-29,Vendor Payment,VI201778,-12140.27
BT702088,2025-05-29,Customer Receipt,SI102324,1981.46
BT700144,2025-05-29,Customer Receipt,SI100161,1547.42
BT705289,2025-05-30,Vendor Payment,VI200874,-1200.59
BT703534,2025-05-30,Customer Receipt,SI103924,11114.08
BT702889,2025-05-30,Customer Receipt,SI103215,29936.29
BT703664,2025-05-30,Customer Receipt,SI104068,21974.5
BT704106,2025-05-30,Customer Receipt,SI104559,15396.34
BT704809,2025-05-30,Vendor Payment,VI200342,-796.54
BT701979,2025-05-30,Customer Receipt,SI102200,2191.15
BT704052,2025-05-30,Customer Receipt,SI104502,1553.14
BT701518,2025-05-30,Customer Receipt,SI101678,17042.27
BT706096,2025-05-30,Vendor Payment,VI201773,-6528.12
BT700430,2025-05-30,Customer Receipt,SI100478,12468.15
BT700938,2025-05-30,Customer Receipt,SI101043,1970.45
BT705422,2025-05-30,Vendor Payment,VI201030,-2226.53
BT701306,2025-05-30,Customer Receipt,SI101448,3144.43
BT704096,2025-05-30,Customer Receipt,SI104547,5526.05
BT703429,2025-05-31,Customer Receipt,SI103811,11838.81
BT701717,2025-05-31,Customer Receipt,SI101907,3731.13
BT705445,2025-05-31,Vendor Payment,VI201057,-3264.5
BT701054,2025-05-31,Customer Receipt,SI101170,4106.53
BT701605,2025-05-31,Customer Receipt,SI101774,19039.16
BT701317,2025-05-31,Customer Receipt,SI101460,12480.08
BT703145,2025-05-31,Customer Receipt,SI103499,6827.16
BT705493,2025-05-31,Vendor Payment,VI201112,-4558.89
BT701241,2025-06-01,Customer Receipt,SI101379,5496.89
BT700487,2025-06-01,Customer Receipt,SI100542,10433.09
BT701829,2025-06-01,Customer Receipt,SI102031,6330.36
BT703456,2025-06-01,Customer Receipt,SI103840,8394.11
BT702561,2025-06-01,Customer Receipt,SI102855,4019.59
BT702272,2025-06-01,Customer Receipt,SI102536,35692.56
BT706663,2025-06-01,Loan Payment,LP600005,-204827.04
BT703010,2025-06-01,Customer Receipt,SI103347,581.07
BT706249,2025-06-01,Vendor Payment,VI201944,-4140.49
BT704779,2025-06-01,Vendor Payment,VI200308,-4417.63
BT701721,2025-06-01,Customer Receipt,SI101911,6860.15
BT702225,2025-06-01,Customer Receipt,SI102482,6092.98
BT705376,2025-06-01,Vendor Payment,VI200975,-1506.5
BT705365,2025-06-01,Vendor Payment,VI200964,-4188.51
BT705609,2025-06-01,Vendor Payment,VI201236,-6152.31
BT705266,2025-06-02,Vendor Payment,VI200849,-1695.76
BT700140,2025-06-02,Customer Receipt,SI100157,5323.3
BT705527,2025-06-02,Vendor Payment,VI201147,-5039.92
BT701966,2025-06-02,Customer Receipt,SI102183,38007.8
BT701257,2025-06-02,Customer Receipt,SI101396,3698.22
BT706157,2025-06-02,Vendor Payment,VI201844,-1160.03
BT704758,2025-06-03,Vendor Payment,VI200287,-1956.36
BT702569,2025-06-03,Customer Receipt,SI102863,2666.79
BT705335,2025-06-03,Vendor Payment,VI200929,-3509.51
BT703287,2025-06-03,Customer Receipt,SI103654,2142.4
BT703946,2025-06-03,Customer Receipt,SI104385,10191.88
BT701129,2025-06-03,Customer Receipt,SI101252,5553.48
BT703789,2025-06-03,Customer Receipt,SI104213,9224.8
BT702067,2025-06-03,Customer Receipt,SI102299,1541.51
BT700095,2025-06-03,Customer Receipt,SI100108,3048.17
BT702074,2025-06-04,Customer Receipt,SI102307,3047.52
BT701976,2025-06-04,Customer Receipt,SI102196,4397.51
BT701722,2025-06-04,Customer Receipt,SI101912,11050.03
BT703523,2025-06-04,Customer Receipt,SI103912,20867.91
BT702347,2025-06-04,Customer Receipt,SI102622,23825.58
BT702723,2025-06-04,Customer Receipt,SI103030,1206.65
BT704003,2025-06-04,Customer Receipt,SI104449,4138.84
BT702962,2025-06-04,Customer Receipt,SI103294,1180.42
BT704834,2025-06-04,Vendor Payment,VI200369,-2244.92
BT700110,2025-06-04,Customer Receipt,SI100123,312.28
BT700109,2025-06-04,Customer Receipt,SI100122,1922.78
BT702672,2025-06-04,Customer Receipt,SI102977,5823.47
BT704182,2025-06-04,Customer Receipt,SI104639,6557.99
BT703323,2025-06-04,Customer Receipt,SI103693,9921.46
BT704672,2025-06-04,Vendor Payment,VI200188,-1438.27
BT705857,2025-06-04,Vendor Payment,VI201509,-1373.93
BT700155,2025-06-05,Customer Receipt,SI100172,2190.77
BT703823,2025-06-05,Customer Receipt,SI104252,6724.0
BT706143,2025-06-05,Vendor Payment,VI201829,-1130.33
BT701376,2025-06-05,Customer Receipt,SI101523,7953.15
BT702080,2025-06-05,Customer Receipt,SI102314,13659.65
BT703721,2025-06-05,Customer Receipt,SI104135,1330.57
BT703118,2025-06-05,Customer Receipt,SI103469,1775.02
BT700980,2025-06-05,Customer Receipt,SI101088,1639.42
BT703894,2025-06-05,Customer Receipt,SI104330,5953.91
BT705986,2025-06-06,Vendor Payment,VI201650,-12968.14
BT704715,2025-06-06,Vendor Payment,VI200238,-1027.69
BT700897,2025-06-06,Customer Receipt,SI100999,17084.15
BT703857,2025-06-06,Customer Receipt,SI104287,35814.17
BT706302,2025-06-06,Vendor Payment,VI202001,-2926.49
BT700906,2025-06-06,Customer Receipt,SI101008,15382.22
BT705135,2025-06-06,Vendor Payment,VI200706,-6918.75
BT701555,2025-06-06,Customer Receipt,SI101718,9487.97
BT704261,2025-06-06,Customer Receipt,SI104729,12544.63
BT701080,2025-06-06,Customer Receipt,SI101198,2627.26
BT702702,2025-06-06,Customer Receipt,SI103008,1251.38
BT706018,2025-06-06,Vendor Payment,VI201685,-7405.02
BT701700,2025-06-07,Customer Receipt,SI101887,13417.64
BT701325,2025-06-07,Customer Receipt,SI101468,3161.1
BT700559,2025-06-07,Customer Receipt,SI100625,13803.97
BT703325,2025-06-07,Customer Receipt,SI103695,1455.98
BT702289,2025-06-07,Customer Receipt,SI102555,21857.49
BT702454,2025-06-07,Customer Receipt,SI102738,15865.97
BT700318,2025-06-07,Customer Receipt,SI100354,1551.54
BT702772,2025-06-07,Customer Receipt,SI103081,385.39
BT700151,2025-06-07,Customer Receipt,SI100168,3702.32
BT702687,2025-06-07,Customer Receipt,SI102993,7976.4
BT704945,2025-06-07,Vendor Payment,VI200489,-4133.4
BT706064,2025-06-07,Vendor Payment,VI201739,-2365.9
BT702722,2025-06-07,Customer Receipt,SI103029,6916.78
BT705601,2025-06-08,Vendor Payment,VI201227,-11590.97
BT700602,2025-06-08,Customer Receipt,SI100671,20481.48
BT705117,2025-06-08,Vendor Payment,VI200686,-4056.14
BT703660,2025-06-08,Customer Receipt,SI104064,2018.58
BT704606,2025-06-08,Vendor Payment,VI200113,-4705.06
BT702266,2025-06-08,Customer Receipt,SI102527,1071.2
BT704112,2025-06-08,Customer Receipt,SI104566,8645.98
BT701797,2025-06-08,Customer Receipt,SI101998,6704.81
BT701688,2025-06-08,Customer Receipt,SI101872,3003.04
BT702642,2025-06-08,Customer Receipt,SI102943,3514.3
BT702422,2025-06-08,Customer Receipt,SI102704,10784.2
BT702995,2025-06-08,Customer Receipt,SI103329,4369.12
BT701454,2025-06-08,Customer Receipt,SI101609,6479.06
BT702321,2025-06-09,Customer Receipt,SI102590,536.86
BT701753,2025-06-09,Customer Receipt,SI101947,24646.14
BT704660,2025-06-09,Vendor Payment,VI200175,-1952.71
BT702271,2025-06-09,Customer Receipt,SI102534,5588.1
BT704295,2025-06-09,Customer Receipt,SI104767,7507.61
BT702711,2025-06-09,Customer Receipt,SI103017,3406.13
BT702420,2025-06-09,Customer Receipt,SI102702,9499.77
BT704087,2025-06-09,Customer Receipt,SI104537,26830.18
BT702503,2025-06-09,Customer Receipt,SI102790,568.34
BT700999,2025-06-09,Customer Receipt,SI101107,7667.22
BT702115,2025-06-09,Customer Receipt,SI102357,7869.59
BT702932,2025-06-09,Customer Receipt,SI103260,2714.39
BT703175,2025-06-09,Customer Receipt,SI103532,4983.64
BT700672,2025-06-09,Customer Receipt,SI100748,4512.12
BT703204,2025-06-09,Customer Receipt,SI103564,2677.29
BT703264,2025-06-09,Customer Receipt,SI103629,309.48
BT705315,2025-06-10,Vendor Payment,VI200904,-3783.26
BT705102,2025-06-10,Vendor Payment,VI200670,-1706.87
BT705211,2025-06-10,Vendor Payment,VI200789,-4287.86
BT704143,2025-06-10,Customer Receipt,SI104599,27772.58
BT704968,2025-06-10,Vendor Payment,VI200516,-7560.19
BT701182,2025-06-10,Customer Receipt,SI101314,4965.58
BT701624,2025-06-10,Customer Receipt,SI101796,761.88
BT701134,2025-06-10,Customer Receipt,SI101259,16631.27
BT702770,2025-06-10,Customer Receipt,SI103079,2913.09
BT706060,2025-06-10,Vendor Payment,VI201733,-5825.78
BT704773,2025-06-10,Vendor Payment,VI200302,-1826.3
BT703776,2025-06-10,Customer Receipt,SI104200,5262.77
BT700166,2025-06-10,Customer Receipt,SI100186,3994.07
BT704517,2025-06-10,Vendor Payment,VI200014,-6195.6
BT705615,2025-06-11,Vendor Payment,VI201243,-2372.51
BT700863,2025-06-11,Customer Receipt,SI100962,6966.08
BT700031,2025-06-11,Customer Receipt,SI100031,2792.11
BT700800,2025-06-11,Customer Receipt,SI100892,7535.1
BT700777,2025-06-11,Customer Receipt,SI100865,3726.26
BT703168,2025-06-11,Customer Receipt,SI103524,4797.08
BT705031,2025-06-11,Vendor Payment,VI200588,-2668.38
BT700976,2025-06-11,Customer Receipt,SI101083,7401.46
BT703765,2025-06-11,Customer Receipt,SI104187,5190.67
BT704126,2025-06-11,Customer Receipt,SI104581,13370.32
BT700501,2025-06-11,Customer Receipt,SI100556,11221.33
BT700264,2025-06-11,Customer Receipt,SI100293,13531.14
BT700142,2025-06-11,Customer Receipt,SI100159,1655.19
BT700644,2025-06-11,Customer Receipt,SI100718,13787.91
BT704608,2025-06-11,Vendor Payment,VI200115,-7419.62
BT704408,2025-06-12,Customer Receipt,SI104896,3725.4
BT704612,2025-06-12,Vendor Payment,VI200119,-3411.64
BT701314,2025-06-12,Customer Receipt,SI101457,3818.81
BT706167,2025-06-12,Vendor Payment,VI201854,-1827.76
BT703336,2025-06-12,Customer Receipt,SI103708,15041.61
BT704070,2025-06-12,Customer Receipt,SI104520,7907.18
BT706116,2025-06-12,Vendor Payment,VI201795,-3314.45
BT700172,2025-06-12,Customer Receipt,SI100193,20815.92
BT704927,2025-06-12,Vendor Payment,VI200468,-1157.69
BT705290,2025-06-12,Vendor Payment,VI200875,-12140.25
BT702839,2025-06-12,Customer Receipt,SI103163,11864.02
BT705598,2025-06-12,Vendor Payment,VI201224,-2683.1
BT704886,2025-06-12,Vendor Payment,VI200425,-1966.72
BT701481,2025-06-12,Customer Receipt,SI101637,9705.78
BT704814,2025-06-12,Vendor Payment,VI200347,-7543.89
BT703643,2025-06-13,Customer Receipt,SI104046,24721.31
BT702941,2025-06-13,Customer Receipt,SI103269,4163.1
BT705831,2025-06-13,Vendor Payment,VI201480,-2833.16
BT705799,2025-06-13,Vendor Payment,VI201447,-1719.77
BT703551,2025-06-13,Customer Receipt,SI103943,5521.58
BT705929,2025-06-13,Vendor Payment,VI201589,-3712.55
BT704894,2025-06-13,Vendor Payment,VI200433,-5423.13
BT703611,2025-06-13,Customer Receipt,SI104010,5797.3
BT704953,2025-06-14,Vendor Payment,VI200498,-8267.37
BT701946,2025-06-14,Customer Receipt,SI102161,992.32
BT700505,2025-06-14,Customer Receipt,SI100560,22086.36
BT702218,2025-06-14,Customer Receipt,SI102473,1459.95
BT701448,2025-06-14,Customer Receipt,SI101602,2208.04
BT703685,2025-06-14,Customer Receipt,SI104097,10077.53
BT701273,2025-06-14,Customer Receipt,SI101413,6918.6
BT706348,2025-06-14,Vendor Payment,VI202052,-5979.75
BT704033,2025-06-14,Customer Receipt,SI104483,3933.72
BT704428,2025-06-14,Customer Receipt,SI104920,14415.78
BT705943,2025-06-15,Vendor Payment,VI201605,-926.18
BT702673,2025-06-15,Customer Receipt,SI102978,10430.91
BT704569,2025-06-15,Vendor Payment,VI200073,-2228.41
BT701302,2025-06-15,Customer Receipt,SI101444,13038.9
BT702361,2025-06-15,Customer Receipt,SI102637,8940.96
BT705545,2025-06-15,Vendor Payment,VI201166,-9106.48
BT700728,2025-06-16,Customer Receipt,SI100810,9945.03
BT700919,2025-06-16,Customer Receipt,SI101023,3731.13
BT703328,2025-06-16,Customer Receipt,SI103698,8201.82
BT701258,2025-06-16,Customer Receipt,SI101397,7065.28
BT700708,2025-06-16,Customer Receipt,SI100788,8497.72
BT701239,2025-06-16,Customer Receipt,SI101377,3878.84
BT700776,2025-06-16,Customer Receipt,SI100864,19744.31
BT701902,2025-06-16,Customer Receipt,SI102112,373.32
BT701061,2025-06-16,Customer Receipt,SI101177,1873.65
BT703749,2025-06-16,Customer Receipt,SI104167,37226.18
BT703080,2025-06-16,Customer Receipt,SI103424,1049.26
BT700216,2025-06-16,Customer Receipt,SI100241,17981.43
BT705655,2025-06-16,Vendor Payment,VI201291,-4291.2
BT703991,2025-06-16,Customer Receipt,SI104435,2273.36
BT705874,2025-06-17,Vendor Payment,VI201527,-9526.36
BT705344,2025-06-17,Vendor Payment,VI200941,-8431.18
BT703340,2025-06-17,Customer Receipt,SI103713,833.98
BT700585,2025-06-17,Customer Receipt,SI100653,16037.85
BT706227,2025-06-17,Vendor Payment,VI201922,-7020.25
BT701198,2025-06-18,Customer Receipt,SI101331,15015.22
BT700220,2025-06-18,Customer Receipt,SI100245,750.02
BT701171,2025-06-18,Customer Receipt,SI101302,14019.74
BT706013,2025-06-18,Vendor Payment,VI201680,-6714.01
BT700114,2025-06-18,Customer Receipt,SI100127,5462.05
BT701245,2025-06-18,Customer Receipt,SI101383,6968.39
BT705759,2025-06-18,Vendor Payment,VI201402,-8954.73
BT702811,2025-06-18,Customer Receipt,SI103128,37675.48
BT704157,2025-06-18,Customer Receipt,SI104613,2557.59
BT704536,2025-06-18,Vendor Payment,VI200034,-11813.53
BT701802,2025-06-18,Customer Receipt,SI102003,22268.56
BT700676,2025-06-18,Customer Receipt,SI100752,5162.22
BT704273,2025-06-18,Customer Receipt,SI104742,1993.9
BT701279,2025-06-18,Customer Receipt,SI101419,8657.47
BT704704,2025-06-18,Vendor Payment,VI200226,-6210.76
BT701154,2025-06-18,Customer Receipt,SI101284,8454.81
BT702374,2025-06-18,Customer Receipt,SI102653,6765.09
BT705651,2025-06-19,Vendor Payment,VI201286,-2621.52
BT700195,2025-06-19,Customer Receipt,SI100218,1311.6
BT702131,2025-06-19,Customer Receipt,SI102377,3568.54
BT700824,2025-06-19,Customer Receipt,SI100920,13838.28
BT703206,2025-06-19,Customer Receipt,SI103566,2058.07
BT703377,2025-06-19,Customer Receipt,SI103754,5695.59
BT703816,2025-06-19,Customer Receipt,SI104244,1480.96
BT702031,2025-06-19,Customer Receipt,SI102260,3349.48
BT700386,2025-06-19,Customer Receipt,SI100430,6546.21
BT705333,2025-06-19,Vendor Payment,VI200926,-953.29
BT705667,2025-06-19,Vendor Payment,VI201304,-1704.54
BT702989,2025-06-19,Customer Receipt,SI103323,15805.5
BT700719,2025-06-19,Customer Receipt,SI100799,16448.14
BT703404,2025-06-19,Customer Receipt,SI103782,536.18
BT706349,2025-06-19,Vendor Payment,VI202053,-7529.29
BT704384,2025-06-19,Customer Receipt,SI104869,2190.0
BT703254,2025-06-20,Customer Receipt,SI103618,10148.0
BT700069,2025-06-20,Customer Receipt,SI100077,11610.7
BT705021,2025-06-20,Vendor Payment,VI200577,-1956.51
BT701613,2025-06-20,Customer Receipt,SI101782,9820.7
BT701681,2025-06-20,Customer Receipt,SI101865,19110.33
BT701484,2025-06-20,Customer Receipt,SI101640,16555.35
BT705352,2025-06-20,Vendor Payment,VI200949,-987.95
BT704478,2025-06-20,Customer Receipt,SI104972,28898.72
BT704503,2025-06-20,Customer Receipt,SI105000,7757.96
BT703812,2025-06-20,Customer Receipt,SI104238,15275.24
BT701203,2025-06-20,Customer Receipt,SI101336,1495.29
BT704235,2025-06-20,Customer Receipt,SI104701,5284.26
BT705499,2025-06-20,Vendor Payment,VI201118,-3703.97
BT700248,2025-06-20,Customer Receipt,SI100275,7938.63
BT702424,2025-06-21,Customer Receipt,SI102706,6016.16
BT705367,2025-06-21,Vendor Payment,VI200966,-4840.1
BT701133,2025-06-21,Customer Receipt,SI101258,7735.02
BT702798,2025-06-21,Customer Receipt,SI103112,5070.84
BT704031,2025-06-21,Customer Receipt,SI104481,966.22
BT701999,2025-06-21,Customer Receipt,SI102223,1487.1
BT701790,2025-06-21,Customer Receipt,SI101990,5045.17
BT700700,2025-06-21,Customer Receipt,SI100780,2721.21
BT701825,2025-06-21,Customer Receipt,SI102027,26896.02
BT700609,2025-06-21,Customer Receipt,SI100678,7620.42
BT700530,2025-06-21,Customer Receipt,SI100591,9584.03
BT703100,2025-06-21,Customer Receipt,SI103448,4041.45
BT700464,2025-06-21,Customer Receipt,SI100517,23128.8
BT705806,2025-06-22,Vendor Payment,VI201454,-2950.94
BT705270,2025-06-22,Vendor Payment,VI200854,-1204.76
BT701502,2025-06-22,Customer Receipt,SI101662,5947.57
BT706255,2025-06-22,Vendor Payment,VI201951,-1063.14
BT705597,2025-06-22,Vendor Payment,VI201223,-3006.0
BT706147,2025-06-22,Vendor Payment,VI201833,-3023.4
BT703840,2025-06-22,Customer Receipt,SI104270,5452.87
BT702405,2025-06-22,Customer Receipt,SI102687,10924.11
BT701813,2025-06-22,Customer Receipt,SI102015,7754.69
BT705927,2025-06-22,Vendor Payment,VI201586,-3824.17
BT700857,2025-06-22,Customer Receipt,SI100956,13993.06
BT701371,2025-06-22,Customer Receipt,SI101517,7137.09
BT703623,2025-06-22,Customer Receipt,SI104024,4612.76
BT701311,2025-06-23,Customer Receipt,SI101453,2640.92
BT705129,2025-06-23,Vendor Payment,VI200698,-10052.87
BT701400,2025-06-23,Customer Receipt,SI101549,2886.81
BT705642,2025-06-23,Vendor Payment,VI201274,-2889.49
BT703360,2025-06-23,Customer Receipt,SI103735,1328.72
BT701092,2025-06-23,Customer Receipt,SI101213,8663.85
BT700389,2025-06-23,Customer Receipt,SI100434,6426.74
BT700757,2025-06-23,Customer Receipt,SI100841,6350.9
BT706401,2025-06-23,Vendor Payment,VI202109,-4551.91
BT702529,2025-06-23,Customer Receipt,SI102817,8346.47
BT701185,2025-06-23,Customer Receipt,SI101317,7450.65
BT700828,2025-06-23,Customer Receipt,SI100924,2256.06
BT703555,2025-06-23,Customer Receipt,SI103949,24742.84
BT705570,2025-06-23,Vendor Payment,VI201193,-7314.79
BT700525,2025-06-23,Customer Receipt,SI100585,7279.91
BT701651,2025-06-24,Customer Receipt,SI101829,21895.3
BT700180,2025-06-24,Customer Receipt,SI100203,3130.15
BT703085,2025-06-24,Customer Receipt,SI103429,665.28
BT703978,2025-06-24,Customer Receipt,SI104421,9437.49
BT705756,2025-06-24,Vendor Payment,VI201397,-6673.63
BT700816,2025-06-24,Customer Receipt,SI100911,7440.06
BT706008,2025-06-24,Vendor Payment,VI201674,-6476.4
BT702230,2025-06-24,Customer Receipt,SI102487,6370.11
BT700152,2025-06-24,Customer Receipt,SI100169,10347.09
BT700829,2025-06-24,Customer Receipt,SI100925,13762.73
BT701040,2025-06-24,Customer Receipt,SI101154,3798.59
BT703255,2025-06-24,Customer Receipt,SI103619,19661.04
BT705606,2025-06-25,Vendor Payment,VI201233,-3717.32
BT705941,2025-06-25,Vendor Payment,VI201602,-2744.55
BT700671,2025-06-25,Customer Receipt,SI100747,1501.52
BT701585,2025-06-25,Customer Receipt,SI101753,4055.58
BT705537,2025-06-25,Vendor Payment,VI201157,-2588.92
BT700059,2025-06-25,Customer Receipt,SI100064,1862.7
BT700443,2025-06-25,Customer Receipt,SI100492,1076.82
BT701741,2025-06-26,Customer Receipt,SI101935,1415.37
BT702938,2025-06-26,Customer Receipt,SI103266,10244.99
BT704007,2025-06-26,Customer Receipt,SI104453,23825.58
BT701524,2025-06-26,Customer Receipt,SI101684,4615.63
BT705671,2025-06-26,Vendor Payment,VI201308,-3134.48
BT704743,2025-06-26,Vendor Payment,VI200269,-1837.92
BT703245,2025-06-26,Customer Receipt,SI103608,5699.52
BT700884,2025-06-26,Customer Receipt,SI100985,13406.16
BT703430,2025-06-26,Customer Receipt,SI103812,18207.14
BT700234,2025-06-26,Customer Receipt,SI100260,3726.26
BT704609,2025-06-26,Vendor Payment,VI200116,-2007.66
BT701941,2025-06-26,Customer Receipt,SI102155,14850.2
BT705961,2025-06-27,Vendor Payment,VI201624,-1331.9
BT702486,2025-06-27,Customer Receipt,SI102773,18041.85
BT702320,2025-06-27,Customer Receipt,SI102589,11553.0
BT700758,2025-06-27,Customer Receipt,SI100842,12993.92
BT702117,2025-06-27,Customer Receipt,SI102359,8929.32
BT702484,2025-06-27,Customer Receipt,SI102771,2721.21
BT702905,2025-06-27,Customer Receipt,SI103231,7597.18
BT701242,2025-06-27,Customer Receipt,SI101380,15680.79
BT701637,2025-06-27,Customer Receipt,SI101811,907.23
BT705060,2025-06-27,Vendor Payment,VI200621,-3580.61
BT703121,2025-06-27,Customer Receipt,SI103472,7786.0
BT702090,2025-06-28,Customer Receipt,SI102326,5641.23
BT706644,2025-06-28,Payroll,PR500006,-764346.7000000001
BT706525,2025-06-28,Operating Expense,EX400047,-50479.21
BT704889,2025-06-28,Vendor Payment,VI200428,-2691.31
BT705473,2025-06-28,Vendor Payment,VI201087,-5291.38
BT706519,2025-06-28,Operating Expense,EX400041,-959459.33
BT703704,2025-06-28,Customer Receipt,SI104118,1579.0
BT706523,2025-06-28,Operating Expense,EX400045,-84035.87
BT706524,2025-06-28,Operating Expense,EX400046,-67045.03
BT702931,2025-06-28,Customer Receipt,SI103259,3852.8
BT701048,2025-06-28,Customer Receipt,SI101163,1534.55
BT704626,2025-06-28,Vendor Payment,VI200137,-6628.69
BT706526,2025-06-28,Operating Expense,EX400048,-102052.47
BT705805,2025-06-28,Vendor Payment,VI201453,-8727.49
BT706521,2025-06-28,Operating Expense,EX400043,-72849.12
BT706522,2025-06-28,Operating Expense,EX400044,-146754.7
BT705483,2025-06-28,Vendor Payment,VI201100,-2419.25
BT706520,2025-06-28,Operating Expense,EX400042,-177693.85
BT700889,2025-06-28,Customer Receipt,SI100990,3968.59
BT701366,2025-06-28,Customer Receipt,SI101512,520.76
BT701646,2025-06-28,Customer Receipt,SI101824,2973.64
BT701464,2025-06-28,Customer Receipt,SI101619,10808.31
BT700607,2025-06-29,Customer Receipt,SI100676,3845.56
BT700350,2025-06-29,Customer Receipt,SI100388,2760.8
BT700908,2025-06-29,Customer Receipt,SI101010,4929.23
BT704154,2025-06-29,Customer Receipt,SI104610,4632.13
BT703624,2025-06-29,Customer Receipt,SI104025,23283.78
BT703511,2025-06-29,Customer Receipt,SI103897,10269.33
BT705752,2025-06-30,Vendor Payment,VI201393,-2855.17
BT704988,2025-06-30,Vendor Payment,VI200537,-3208.44
BT704459,2025-06-30,Customer Receipt,SI104953,4033.8
BT705293,2025-06-30,Vendor Payment,VI200879,-11066.85
BT703069,2025-06-30,Customer Receipt,SI103411,6390.5
BT703778,2025-06-30,Customer Receipt,SI104202,1443.87
BT703242,2025-07-01,Customer Receipt,SI103604,6643.6
BT700201,2025-07-01,Customer Receipt,SI100225,2681.19
BT702452,2025-07-01,Customer Receipt,SI102736,6622.8
BT706004,2025-07-01,Vendor Payment,VI201670,-2871.23
BT706678,2025-07-01,Loan Payment,LP600020,-164880.03
BT706664,2025-07-01,Loan Payment,LP600006,-204827.04
BT703787,2025-07-01,Customer Receipt,SI104211,10628.38
BT700958,2025-07-01,Customer Receipt,SI101065,5488.19
BT701823,2025-07-01,Customer Receipt,SI102025,2678.37
BT700335,2025-07-01,Customer Receipt,SI100371,14156.52
BT705145,2025-07-01,Vendor Payment,VI200716,-1875.55
BT705089,2025-07-01,Vendor Payment,VI200653,-2528.23
BT700928,2025-07-01,Customer Receipt,SI101032,17694.75
BT703258,2025-07-01,Customer Receipt,SI103622,9313.5
BT703860,2025-07-01,Customer Receipt,SI104290,549.69
BT704618,2025-07-02,Vendor Payment,VI200128,-2483.15
BT703231,2025-07-02,Customer Receipt,SI103592,2046.07
BT703234,2025-07-02,Customer Receipt,SI103596,3101.88
BT703821,2025-07-02,Customer Receipt,SI104250,2627.26
BT702043,2025-07-02,Customer Receipt,SI102272,1001.65
BT701973,2025-07-02,Customer Receipt,SI102193,3650.02
BT705347,2025-07-02,Vendor Payment,VI200944,-2806.08
BT700794,2025-07-02,Customer Receipt,SI100884,22268.56
BT701842,2025-07-02,Customer Receipt,SI102044,2327.3
BT704246,2025-07-02,Customer Receipt,SI104712,1401.86
BT705893,2025-07-02,Vendor Payment,VI201549,-3240.78
BT701754,2025-07-02,Customer Receipt,SI101948,19716.91
BT706152,2025-07-02,Vendor Payment,VI201838,-6037.11
BT701327,2025-07-02,Customer Receipt,SI101470,1389.96
BT700771,2025-07-02,Customer Receipt,SI100859,8959.36
BT703747,2025-07-02,Customer Receipt,SI104165,29936.29
BT704272,2025-07-02,Customer Receipt,SI104741,8724.64
BT704646,2025-07-02,Vendor Payment,VI200158,-4398.4
BT704362,2025-07-03,Customer Receipt,SI104844,3406.13
BT700373,2025-07-03,Customer Receipt,SI100416,1650.05
BT706469,2025-07-03,Vendor Payment,VI202189,-5004.71
BT702575,2025-07-03,Customer Receipt,SI102869,3738.0
BT705204,2025-07-03,Vendor Payment,VI200782,-3041.17
BT704537,2025-07-03,Vendor Payment,VI200035,-6916.01
BT703828,2025-07-03,Customer Receipt,SI104258,12024.94
BT704137,2025-07-03,Customer Receipt,SI104593,6818.28
BT704133,2025-07-03,Customer Receipt,SI104589,5226.93
BT701895,2025-07-03,Customer Receipt,SI102103,1031.72
BT705515,2025-07-03,Vendor Payment,VI201134,-4539.84
BT702877,2025-07-03,Customer Receipt,SI103203,1442.58
BT703090,2025-07-03,Customer Receipt,SI103436,13448.01
BT704462,2025-07-03,Customer Receipt,SI104956,4461.3
BT704836,2025-07-04,Vendor Payment,VI200371,-5248.85
BT702004,2025-07-04,Customer Receipt,SI102228,3501.32
BT700336,2025-07-04,Customer Receipt,SI100372,6372.61
BT706154,2025-07-04,Vendor Payment,VI201841,-3726.18
BT705925,2025-07-04,Vendor Payment,VI201584,-1643.3
BT705683,2025-07-04,Vendor Payment,VI201320,-4110.95
BT700084,2025-07-04,Customer Receipt,SI100096,17918.73
BT705700,2025-07-04,Vendor Payment,VI201338,-5363.56
BT702200,2025-07-04,Customer Receipt,SI102453,2625.48
BT706464,2025-07-04,Vendor Payment,VI202184,-2413.32
BT702737,2025-07-04,Customer Receipt,SI103044,13762.73
BT701990,2025-07-04,Customer Receipt,SI102213,1884.54
BT700066,2025-07-04,Customer Receipt,SI100074,1785.58
BT701098,2025-07-04,Customer Receipt,SI101220,19590.29
BT702893,2025-07-04,Customer Receipt,SI103219,746.64
BT703222,2025-07-05,Customer Receipt,SI103583,408.06
BT705953,2025-07-05,Vendor Payment,VI201615,-1342.63
BT703494,2025-07-05,Customer Receipt,SI103880,555.98
BT704215,2025-07-05,Customer Receipt,SI104679,3221.21
BT702139,2025-07-05,Customer Receipt,SI102386,228.84
BT701905,2025-07-05,Customer Receipt,SI102115,1655.19
BT702720,2025-07-05,Customer Receipt,SI103027,4050.28
BT703581,2025-07-05,Customer Receipt,SI103978,33907.93
BT700895,2025-07-05,Customer Receipt,SI100996,6442.43
BT703137,2025-07-05,Customer Receipt,SI103491,11456.43
BT705397,2025-07-06,Vendor Payment,VI201000,-6288.76
BT700061,2025-07-06,Customer Receipt,SI100066,3175.45
BT704162,2025-07-06,Customer Receipt,SI104618,14289.53
BT702539,2025-07-06,Customer Receipt,SI102830,3205.85
BT705142,2025-07-06,Vendor Payment,VI200713,-3454.44
BT704227,2025-07-06,Customer Receipt,SI104692,19968.12
BT702325,2025-07-06,Customer Receipt,SI102596,3760.1
BT700429,2025-07-06,Customer Receipt,SI100477,4820.39
BT703929,2025-07-06,Customer Receipt,SI104367,4106.53
BT704684,2025-07-06,Vendor Payment,VI200204,-3360.74
BT705723,2025-07-06,Vendor Payment,VI201363,-3829.67
BT704966,2025-07-06,Vendor Payment,VI200514,-5680.72
BT705532,2025-07-07,Vendor Payment,VI201152,-2173.41
BT703585,2025-07-07,Customer Receipt,SI103982,2360.23
BT703113,2025-07-07,Customer Receipt,SI103464,13038.9
BT706462,2025-07-07,Vendor Payment,VI202182,-2822.36
BT704138,2025-07-07,Customer Receipt,SI104594,9188.34
BT704913,2025-07-07,Vendor Payment,VI200452,-2284.54
BT701081,2025-07-07,Customer Receipt,SI101199,20629.12
BT703678,2025-07-07,Customer Receipt,SI104088,2051.96
BT703911,2025-07-07,Customer Receipt,SI104348,2849.76
BT703964,2025-07-07,Customer Receipt,SI104406,15350.01
BT702034,2025-07-08,Customer Receipt,SI102263,9357.04
BT704159,2025-07-08,Customer Receipt,SI104615,6630.02
BT703811,2025-07-08,Customer Receipt,SI104237,17520.84
BT700296,2025-07-08,Customer Receipt,SI100332,1456.54
BT704957,2025-07-08,Vendor Payment,VI200503,-13235.09
BT706076,2025-07-08,Vendor Payment,VI201752,-3022.21
BT701821,2025-07-08,Customer Receipt,SI102023,6335.42
BT705985,2025-07-08,Vendor Payment,VI201649,-5503.56
BT704796,2025-07-09,Vendor Payment,VI200326,-5163.32
BT701767,2025-07-09,Customer Receipt,SI101964,6230.0
BT704677,2025-07-09,Vendor Payment,VI200194,-2927.68
BT702011,2025-07-09,Customer Receipt,SI102236,12032.43
BT705624,2025-07-09,Vendor Payment,VI201253,-4164.0
BT704531,2025-07-09,Vendor Payment,VI200029,-1531.08
BT705355,2025-07-10,Vendor Payment,VI200952,-5658.98
BT702693,2025-07-10,Customer Receipt,SI102999,5797.3
BT702206,2025-07-10,Customer Receipt,SI102460,4129.78
BT706175,2025-07-10,Vendor Payment,VI201865,-5581.93
BT705010,2025-07-10,Vendor Payment,VI200564,-5414.36
BT701382,2025-07-10,Customer Receipt,SI101529,15680.79
BT706044,2025-07-10,Vendor Payment,VI201714,-2195.93
BT704172,2025-07-10,Customer Receipt,SI104629,4632.13
BT703622,2025-07-10,Customer Receipt,SI104023,15440.44
BT705169,2025-07-11,Vendor Payment,VI200743,-4029.19
BT704933,2025-07-11,Vendor Payment,VI200476,-9234.29
BT700840,2025-07-11,Customer Receipt,SI100937,11896.81
BT701847,2025-07-11,Customer Receipt,SI102049,3097.88
BT702833,2025-07-11,Customer Receipt,SI103157,28898.72
BT702935,2025-07-12,Customer Receipt,SI103263,7476.01
BT703995,2025-07-12,Customer Receipt,SI104440,21415.54
BT700969,2025-07-12,Customer Receipt,SI101076,17409.26
BT700873,2025-07-12,Customer Receipt,SI100972,1622.23
BT701383,2025-07-12,Customer Receipt,SI101530,3603.27
BT705206,2025-07-12,Vendor Payment,VI200784,-2493.75
BT701809,2025-07-12,Customer Receipt,SI102011,3661.45
BT702982,2025-07-12,Customer Receipt,SI103316,11897.52
BT700709,2025-07-12,Customer Receipt,SI100789,21460.63
BT700471,2025-07-12,Customer Receipt,SI100525,5246.39
BT700261,2025-07-13,Customer Receipt,SI100290,2787.7
BT701006,2025-07-13,Customer Receipt,SI101117,14682.94
BT701046,2025-07-13,Customer Receipt,SI101161,7078.26
BT703220,2025-07-13,Customer Receipt,SI103581,7303.16
BT701532,2025-07-13,Customer Receipt,SI101692,10492.79
BT702491,2025-07-13,Customer Receipt,SI102778,17285.76
BT701188,2025-07-13,Customer Receipt,SI101320,1183.34
BT706269,2025-07-13,Vendor Payment,VI201965,-2382.52
BT703102,2025-07-13,Customer Receipt,SI103450,7781.38
BT703616,2025-07-13,Customer Receipt,SI104015,1586.9
BT703533,2025-07-13,Customer Receipt,SI103923,8785.76
BT704245,2025-07-13,Customer Receipt,SI104711,577.03
BT703770,2025-07-13,Customer Receipt,SI104192,1171.02
BT702391,2025-07-13,Customer Receipt,SI102672,2153.76
BT703579,2025-07-13,Customer Receipt,SI103975,11952.25
BT703107,2025-07-13,Customer Receipt,SI103456,2934.36
BT706136,2025-07-14,Vendor Payment,VI201822,-4218.31
BT705646,2025-07-14,Vendor Payment,VI201280,-3747.8
BT706021,2025-07-14,Vendor Payment,VI201689,-2521.67
BT704938,2025-07-14,Vendor Payment,VI200481,-8032.08
BT701297,2025-07-14,Customer Receipt,SI101438,13657.05
BT704068,2025-07-14,Customer Receipt,SI104518,4371.09
BT703303,2025-07-14,Customer Receipt,SI103670,616.6
BT703797,2025-07-14,Customer Receipt,SI104221,403.38
BT703923,2025-07-14,Customer Receipt,SI104360,11735.01
BT705345,2025-07-14,Vendor Payment,VI200942,-6168.89
BT704197,2025-07-14,Customer Receipt,SI104659,8117.76
BT701879,2025-07-14,Customer Receipt,SI102084,10309.63
BT704830,2025-07-14,Vendor Payment,VI200364,-3116.33
BT706384,2025-07-14,Vendor Payment,VI202090,-2899.52
BT702641,2025-07-15,Customer Receipt,SI102942,17593.63
BT703304,2025-07-15,Customer Receipt,SI103671,20519.64
BT701116,2025-07-15,Customer Receipt,SI101239,4165.77
BT706108,2025-07-15,Vendor Payment,VI201786,-2065.23
BT702663,2025-07-15,Customer Receipt,SI102965,13361.04
BT702783,2025-07-15,Customer Receipt,SI103094,3569.26
BT705004,2025-07-15,Vendor Payment,VI200556,-1702.1
BT702313,2025-07-15,Customer Receipt,SI102582,13706.01
BT701023,2025-07-15,Customer Receipt,SI101134,2016.9
BT704554,2025-07-15,Vendor Payment,VI200055,-2228.69
BT703089,2025-07-15,Customer Receipt,SI103435,5728.22
BT702688,2025-07-15,Customer Receipt,SI102994,6006.09
BT701937,2025-07-15,Customer Receipt,SI102151,5207.58
BT702414,2025-07-15,Customer Receipt,SI102696,536.86
BT705892,2025-07-15,Vendor Payment,VI201548,-918.42
BT705628,2025-07-15,Vendor Payment,VI201258,-2299.18
BT701068,2025-07-15,Customer Receipt,SI101185,14485.93
BT706295,2025-07-15,Vendor Payment,VI201993,-4432.84
BT706324,2025-07-16,Vendor Payment,VI202025,-2727.79
BT702733,2025-07-16,Customer Receipt,SI103040,6053.07
BT704400,2025-07-16,Customer Receipt,SI104888,17092.28
BT703695,2025-07-16,Customer Receipt,SI104109,16429.01
BT705617,2025-07-16,Vendor Payment,VI201245,-1915.11
BT702502,2025-07-16,Customer Receipt,SI102789,1447.57
BT700426,2025-07-16,Customer Receipt,SI100474,2599.67
BT703718,2025-07-16,Customer Receipt,SI104132,971.71
BT703832,2025-07-16,Customer Receipt,SI104262,1713.68
BT702193,2025-07-17,Customer Receipt,SI102445,5008.24
BT703666,2025-07-17,Customer Receipt,SI104070,3035.06
BT702419,2025-07-17,Customer Receipt,SI102701,8929.86
BT705755,2025-07-17,Vendor Payment,VI201396,-3479.64
BT704053,2025-07-17,Customer Receipt,SI104503,2355.1
BT701964,2025-07-17,Customer Receipt,SI102181,11864.02
BT702348,2025-07-17,Customer Receipt,SI102623,2661.65
BT705421,2025-07-17,Vendor Payment,VI201029,-1500.05
BT703804,2025-07-17,Customer Receipt,SI104230,9220.49
BT704371,2025-07-17,Customer Receipt,SI104855,7171.49
BT702727,2025-07-17,Customer Receipt,SI103034,7840.39
BT702991,2025-07-17,Customer Receipt,SI103325,21907.68
BT704115,2025-07-17,Customer Receipt,SI104569,23874.93
BT702107,2025-07-17,Customer Receipt,SI102347,737.98
BT702134,2025-07-17,Customer Receipt,SI102380,2981.13
BT703825,2025-07-17,Customer Receipt,SI104254,644.92
BT700538,2025-07-17,Customer Receipt,SI100600,908.11
BT704055,2025-07-18,Customer Receipt,SI104505,7938.55
BT705841,2025-07-18,Vendor Payment,VI201493,-3521.05
BT705705,2025-07-18,Vendor Payment,VI201343,-555.23
BT705393,2025-07-18,Vendor Payment,VI200995,-1874.4
BT705386,2025-07-18,Vendor Payment,VI200986,-2428.54
BT704238,2025-07-18,Customer Receipt,SI104704,851.53
BT701498,2025-07-18,Customer Receipt,SI101658,25856.74
BT704497,2025-07-18,Customer Receipt,SI104993,7729.73
BT705239,2025-07-18,Vendor Payment,VI200820,-6062.43
BT705076,2025-07-18,Vendor Payment,VI200640,-2087.13
BT703469,2025-07-18,Customer Receipt,SI103855,4612.2
BT704682,2025-07-18,Vendor Payment,VI200201,-2456.83
BT703247,2025-07-18,Customer Receipt,SI103610,435.8
BT701331,2025-07-19,Customer Receipt,SI101474,15041.61
BT702849,2025-07-19,Customer Receipt,SI103173,7207.89
BT705999,2025-07-19,Vendor Payment,VI201665,-3151.09
BT704225,2025-07-19,Customer Receipt,SI104690,4831.6
BT702435,2025-07-19,Customer Receipt,SI102717,3458.39
BT701607,2025-07-19,Customer Receipt,SI101776,28206.16
BT702907,2025-07-19,Customer Receipt,SI103233,8933.49
BT704023,2025-07-19,Customer Receipt,SI104470,935.7
BT704437,2025-07-19,Customer Receipt,SI104930,10240.74
BT700446,2025-07-19,Customer Receipt,SI100495,12845.21
BT704325,2025-07-19,Customer Receipt,SI104805,18627.0
BT702369,2025-07-19,Customer Receipt,SI102647,14243.31
BT704850,2025-07-19,Vendor Payment,VI200386,-9486.68
BT703752,2025-07-19,Customer Receipt,SI104172,8139.18
BT702180,2025-07-19,Customer Receipt,SI102431,7637.62
BT703013,2025-07-19,Customer Receipt,SI103351,13255.26
BT702976,2025-07-19,Customer Receipt,SI103309,4280.89
BT702521,2025-07-20,Customer Receipt,SI102809,13806.3
BT703111,2025-07-20,Customer Receipt,SI103462,13434.68
BT706166,2025-07-20,Vendor Payment,VI201853,-1126.29
BT702096,2025-07-20,Customer Receipt,SI102333,8852.89
BT705078,2025-07-20,Vendor Payment,VI200642,-581.57
BT702282,2025-07-20,Customer Receipt,SI102548,4479.68
BT705448,2025-07-20,Vendor Payment,VI201060,-1797.73
BT702880,2025-07-20,Customer Receipt,SI103206,10945.72
BT706080,2025-07-20,Vendor Payment,VI201756,-2128.74
BT703391,2025-07-20,Customer Receipt,SI103769,34312.94
BT703381,2025-07-20,Customer Receipt,SI103759,1116.69
BT705868,2025-07-20,Vendor Payment,VI201520,-2992.0
BT703101,2025-07-20,Customer Receipt,SI103449,13397.93
BT700177,2025-07-21,Customer Receipt,SI100200,28102.49
BT701353,2025-07-21,Customer Receipt,SI101497,8718.3
BT700118,2025-07-21,Customer Receipt,SI100132,3953.12
BT701666,2025-07-21,Customer Receipt,SI101847,1342.15
BT704318,2025-07-21,Customer Receipt,SI104797,8278.5
BT700164,2025-07-21,Customer Receipt,SI100184,3392.13
BT705401,2025-07-21,Vendor Payment,VI201005,-5333.66
BT700288,2025-07-21,Customer Receipt,SI100321,11078.13
BT703093,2025-07-21,Customer Receipt,SI103440,4257.9
BT702835,2025-07-21,Customer Receipt,SI103159,18734.99
BT703346,2025-07-21,Customer Receipt,SI103720,6218.9
BT700229,2025-07-21,Customer Receipt,SI100255,2085.64
BT700977,2025-07-21,Customer Receipt,SI101084,5553.48
BT700238,2025-07-21,Customer Receipt,SI100264,11160.09
BT701921,2025-07-21,Customer Receipt,SI102134,11410.36
BT701974,2025-07-21,Customer Receipt,SI102194,11568.14
BT700355,2025-07-21,Customer Receipt,SI100393,3326.14
BT705761,2025-07-21,Vendor Payment,VI201404,-3603.07
BT703449,2025-07-21,Customer Receipt,SI103832,25794.55
BT702443,2025-07-21,Customer Receipt,SI102726,892.79
BT704877,2025-07-21,Vendor Payment,VI200415,-4228.0
BT705232,2025-07-22,Vendor Payment,VI200813,-1229.1
BT700175,2025-07-22,Customer Receipt,SI100198,21408.69
BT705025,2025-07-22,Vendor Payment,VI200581,-2182.4
BT700674,2025-07-22,Customer Receipt,SI100750,1340.44
BT701537,2025-07-22,Customer Receipt,SI101697,3143.42
BT702406,2025-07-22,Customer Receipt,SI102688,17184.64
BT704688,2025-07-23,Vendor Payment,VI200208,-2878.59
BT703937,2025-07-23,Customer Receipt,SI104375,6302.38
BT701682,2025-07-23,Customer Receipt,SI101866,2498.2
BT703784,2025-07-23,Customer Receipt,SI104208,8118.4
BT706129,2025-07-23,Vendor Payment,VI201812,-1056.45
BT705478,2025-07-23,Vendor Payment,VI201093,-8149.97
BT701911,2025-07-24,Customer Receipt,SI102123,3540.9
BT704490,2025-07-24,Customer Receipt,SI104985,6589.32
BT703957,2025-07-24,Customer Receipt,SI104397,412.34
BT706431,2025-07-24,Vendor Payment,VI202144,-2654.9
BT706047,2025-07-24,Vendor Payment,VI201717,-816.1
BT703713,2025-07-24,Customer Receipt,SI104127,1758.6
BT702479,2025-07-24,Customer Receipt,SI102765,10945.72
BT705284,2025-07-25,Vendor Payment,VI200869,-1607.03
BT702232,2025-07-25,Customer Receipt,SI102489,4743.99
BT700951,2025-07-25,Customer Receipt,SI101057,1809.46
BT700545,2025-07-25,Customer Receipt,SI100607,19818.12
BT704604,2025-07-25,Vendor Payment,VI200111,-2697.71
BT701200,2025-07-25,Customer Receipt,SI101333,11148.43
BT705790,2025-07-25,Vendor Payment,VI201437,-4933.66
BT703640,2025-07-25,Customer Receipt,SI104043,1622.59
BT702202,2025-07-25,Customer Receipt,SI102455,3406.32
BT703943,2025-07-25,Customer Receipt,SI104382,9006.39
BT702355,2025-07-25,Customer Receipt,SI102630,11220.48
BT703477,2025-07-25,Customer Receipt,SI103863,8496.53
BT705091,2025-07-26,Vendor Payment,VI200655,-3790.89
BT704314,2025-07-26,Customer Receipt,SI104791,8669.61
BT700623,2025-07-26,Customer Receipt,SI100693,7548.94
BT700871,2025-07-26,Customer Receipt,SI100970,14415.78
BT700934,2025-07-26,Customer Receipt,SI101039,10371.46
BT700511,2025-07-26,Customer Receipt,SI100569,2441.75
BT704697,2025-07-26,Vendor Payment,VI200218,-6910.23
BT701970,2025-07-26,Customer Receipt,SI102188,4665.66
BT701296,2025-07-26,Customer Receipt,SI101437,9931.17
BT702448,2025-07-26,Customer Receipt,SI102731,936.83
BT701140,2025-07-26,Customer Receipt,SI101268,11804.22
BT700427,2025-07-26,Customer Receipt,SI100475,23781.27
BT701059,2025-07-26,Customer Receipt,SI101175,5952.24
BT701593,2025-07-26,Customer Receipt,SI101761,4055.58
BT700269,2025-07-26,Customer Receipt,SI100299,10376.66
BT705548,2025-07-26,Vendor Payment,VI201169,-3117.92
BT705353,2025-07-26,Vendor Payment,VI200950,-1631.2
BT703050,2025-07-27,Customer Receipt,SI103392,18239.68
BT704731,2025-07-27,Vendor Payment,VI200256,-6234.88
BT705776,2025-07-27,Vendor Payment,VI201421,-1027.6
BT704165,2025-07-27,Customer Receipt,SI104621,16677.08
BT706386,2025-07-27,Vendor Payment,VI202092,-851.78
BT705822,2025-07-27,Vendor Payment,VI201470,-2790.2
BT703150,2025-07-27,Customer Receipt,SI103504,3517.2
BT703916,2025-07-27,Customer Receipt,SI104353,3145.83
BT706534,2025-07-28,Operating Expense,EX400056,-102223.92
BT700257,2025-07-28,Customer Receipt,SI100285,5826.19
BT700926,2025-07-28,Customer Receipt,SI101030,1597.95
BT706645,2025-07-28,Payroll,PR500007,-816113.22
BT701033,2025-07-28,Customer Receipt,SI101144,20936.62
BT706527,2025-07-28,Operating Expense,EX400049,-938001.32
BT701763,2025-07-28,Customer Receipt,SI101959,8210.74
BT706528,2025-07-28,Operating Expense,EX400050,-200706.61
BT702743,2025-07-28,Customer Receipt,SI103051,3532.86
BT706529,2025-07-28,Operating Expense,EX400051,-71764.67
BT706530,2025-07-28,Operating Expense,EX400052,-176955.82
BT706532,2025-07-28,Operating Expense,EX400054,-65937.68
BT705389,2025-07-28,Vendor Payment,VI200990,-1532.43
BT706531,2025-07-28,Operating Expense,EX400053,-89686.78
BT706533,2025-07-28,Operating Expense,EX400055,-41803.97
BT706257,2025-07-28,Vendor Payment,VI201953,-2705.22
BT706035,2025-07-28,Vendor Payment,VI201705,-3350.64
BT706285,2025-07-28,Vendor Payment,VI201983,-887.14
BT701940,2025-07-28,Customer Receipt,SI102154,4188.16
BT703588,2025-07-29,Customer Receipt,SI103985,34947.03
BT705641,2025-07-29,Vendor Payment,VI201273,-4599.49
BT704943,2025-07-29,Vendor Payment,VI200487,-1435.48
BT705013,2025-07-29,Vendor Payment,VI200567,-4333.47
BT706016,2025-07-29,Vendor Payment,VI201683,-7046.72
BT702224,2025-07-29,Customer Receipt,SI102481,3185.61
BT703559,2025-07-29,Customer Receipt,SI103953,1360.2
BT703485,2025-07-29,Customer Receipt,SI103871,10492.79
BT702895,2025-07-29,Customer Receipt,SI103221,23271.07
BT701115,2025-07-29,Customer Receipt,SI101238,3458.39
BT704125,2025-07-29,Customer Receipt,SI104580,8985.67
BT703215,2025-07-29,Customer Receipt,SI103576,14019.74
BT701998,2025-07-29,Customer Receipt,SI102221,10601.93
BT701434,2025-07-30,Customer Receipt,SI101586,18099.72
BT702356,2025-07-30,Customer Receipt,SI102631,6969.24
BT703750,2025-07-30,Customer Receipt,SI104168,3818.81
BT703635,2025-07-30,Customer Receipt,SI104038,444.33
BT701373,2025-07-30,Customer Receipt,SI101519,5473.82
BT704392,2025-07-30,Customer Receipt,SI104878,40948.8
BT702685,2025-07-30,Customer Receipt,SI102991,2673.61
BT700292,2025-07-30,Customer Receipt,SI100325,12964.32
BT702097,2025-07-30,Customer Receipt,SI102334,361.89
BT701906,2025-07-30,Customer Receipt,SI102117,226.7
BT703047,2025-07-30,Customer Receipt,SI103389,31731.93
BT703499,2025-07-30,Customer Receipt,SI103885,19534.03
BT702917,2025-07-30,Customer Receipt,SI103243,11391.91
BT700943,2025-07-31,Customer Receipt,SI101048,12027.68
BT700779,2025-07-31,Customer Receipt,SI100867,1064.25
BT705760,2025-07-31,Vendor Payment,VI201403,-1374.75
BT702647,2025-07-31,Customer Receipt,SI102948,1344.6
BT703565,2025-07-31,Customer Receipt,SI103959,18491.08
BT702254,2025-07-31,Customer Receipt,SI102513,468.41
BT705066,2025-07-31,Vendor Payment,VI200627,-4660.17
BT703018,2025-07-31,Customer Receipt,SI103356,9556.82
BT701082,2025-07-31,Customer Receipt,SI101201,1856.27
BT704699,2025-07-31,Vendor Payment,VI200221,-2079.65
BT700431,2025-07-31,Customer Receipt,SI100479,2061.72
BT702630,2025-07-31,Customer Receipt,SI102929,484.6
BT703392,2025-07-31,Customer Receipt,SI103770,31754.94
BT704685,2025-07-31,Vendor Payment,VI200205,-6700.54
BT702213,2025-07-31,Customer Receipt,SI102467,2511.52
BT702700,2025-07-31,Customer Receipt,SI103006,13383.91
BT705132,2025-07-31,Vendor Payment,VI200701,-4716.07
BT703961,2025-07-31,Customer Receipt,SI104402,13211.99
BT702801,2025-07-31,Customer Receipt,SI103115,8657.47
BT703727,2025-07-31,Customer Receipt,SI104142,2009.8
BT704633,2025-08-01,Vendor Payment,VI200144,-5505.75
BT702855,2025-08-01,Customer Receipt,SI103179,1592.8
BT706131,2025-08-01,Vendor Payment,VI201815,-3553.6
BT700368,2025-08-01,Customer Receipt,SI100408,19168.05
BT705492,2025-08-01,Vendor Payment,VI201111,-3238.78
BT704317,2025-08-01,Customer Receipt,SI104796,28809.6
BT704848,2025-08-01,Vendor Payment,VI200384,-844.41
BT706665,2025-08-01,Loan Payment,LP600007,-204827.04
BT706679,2025-08-01,Loan Payment,LP600021,-164880.03
BT700345,2025-08-01,Customer Receipt,SI100383,24277.2
BT702311,2025-08-01,Customer Receipt,SI102580,13877.28
BT701392,2025-08-01,Customer Receipt,SI101541,13657.05
BT700968,2025-08-01,Customer Receipt,SI101075,851.53
BT705937,2025-08-02,Vendor Payment,VI201598,-2149.96
BT706079,2025-08-02,Vendor Payment,VI201755,-2070.25
BT705619,2025-08-02,Vendor Payment,VI201247,-3810.43
BT702492,2025-08-02,Customer Receipt,SI102779,6415.29
BT702373,2025-08-02,Customer Receipt,SI102652,27384.6
BT706272,2025-08-02,Vendor Payment,VI201969,-2815.54
BT703645,2025-08-02,Customer Receipt,SI104048,35433.36
BT704078,2025-08-02,Customer Receipt,SI104528,1365.71
BT705727,2025-08-02,Vendor Payment,VI201367,-2860.37
BT700481,2025-08-02,Customer Receipt,SI100536,7896.5
BT706398,2025-08-02,Vendor Payment,VI202105,-3154.81
BT701180,2025-08-02,Customer Receipt,SI101311,4427.87
BT704904,2025-08-03,Vendor Payment,VI200443,-6875.99
BT704051,2025-08-03,Customer Receipt,SI104501,7124.4
BT704939,2025-08-03,Vendor Payment,VI200482,-2675.71
BT704424,2025-08-03,Customer Receipt,SI104915,1691.2
BT705391,2025-08-03,Vendor Payment,VI200992,-1236.54
BT700803,2025-08-03,Customer Receipt,SI100895,18266.39
BT701344,2025-08-03,Customer Receipt,SI101488,6862.59
BT702978,2025-08-03,Customer Receipt,SI103311,10915.5
BT701458,2025-08-03,Customer Receipt,SI101613,2934.36
BT704461,2025-08-04,Customer Receipt,SI104955,20975.63
BT705891,2025-08-04,Vendor Payment,VI201547,-917.29
BT703278,2025-08-04,Customer Receipt,SI103644,13688.87
BT702100,2025-08-04,Customer Receipt,SI102340,27110.75
BT700417,2025-08-04,Customer Receipt,SI100464,12897.28
BT700673,2025-08-04,Customer Receipt,SI100749,8390.25
BT702891,2025-08-04,Customer Receipt,SI103217,1507.55
BT700316,2025-08-04,Customer Receipt,SI100352,350.46
BT703003,2025-08-04,Customer Receipt,SI103338,21907.68
BT702819,2025-08-04,Customer Receipt,SI103137,16218.54
BT706442,2025-08-04,Vendor Payment,VI202157,-9250.92
BT705097,2025-08-04,Vendor Payment,VI200662,-2766.08
BT701426,2025-08-04,Customer Receipt,SI101577,5873.73
BT703610,2025-08-04,Customer Receipt,SI104009,11610.7
BT705610,2025-08-05,Vendor Payment,VI201238,-5902.28
BT704427,2025-08-05,Customer Receipt,SI104919,3484.62
BT702262,2025-08-05,Customer Receipt,SI102522,20180.66
BT701786,2025-08-05,Customer Receipt,SI101986,350.46
BT704060,2025-08-05,Customer Receipt,SI104510,3932.21
BT702172,2025-08-05,Customer Receipt,SI102423,6573.45
BT700655,2025-08-05,Customer Receipt,SI100729,10852.24
BT706207,2025-08-05,Vendor Payment,VI201902,-3638.78
BT700387,2025-08-05,Customer Receipt,SI100431,4188.16
BT702155,2025-08-05,Customer Receipt,SI102405,28351.48
BT703540,2025-08-05,Customer Receipt,SI103930,6286.84
BT700200,2025-08-05,Customer Receipt,SI100223,23500.62
BT702498,2025-08-05,Customer Receipt,SI102785,3931.01
BT705190,2025-08-06,Vendor Payment,VI200766,-8863.49
BT700624,2025-08-06,Customer Receipt,SI100694,28102.49
BT704354,2025-08-06,Customer Receipt,SI104836,12947.75
BT703780,2025-08-06,Customer Receipt,SI104204,17339.23
BT700359,2025-08-06,Customer Receipt,SI100398,2727.31
BT700823,2025-08-06,Customer Receipt,SI100918,6245.0
BT704347,2025-08-06,Customer Receipt,SI104829,2898.65
BT703708,2025-08-06,Customer Receipt,SI104122,23030.29
BT703958,2025-08-07,Customer Receipt,SI104399,7422.85
BT701312,2025-08-07,Customer Receipt,SI101454,318.35
BT701578,2025-08-07,Customer Receipt,SI101745,6812.27
BT705419,2025-08-07,Vendor Payment,VI201027,-538.53
BT701638,2025-08-07,Customer Receipt,SI101812,17464.98
BT704890,2025-08-07,Vendor Payment,VI200429,-2975.43
BT704153,2025-08-07,Customer Receipt,SI104609,17251.25
BT702485,2025-08-07,Customer Receipt,SI102772,6553.68
BT705436,2025-08-07,Vendor Payment,VI201047,-2004.99
BT700916,2025-08-07,Customer Receipt,SI101019,6059.47
BT705406,2025-08-08,Vendor Payment,VI201011,-2502.5
BT706388,2025-08-08,Vendor Payment,VI202094,-2451.09
BT704186,2025-08-08,Customer Receipt,SI104644,13513.7
BT700543,2025-08-08,Customer Receipt,SI100605,14156.52
BT705395,2025-08-08,Vendor Payment,VI200998,-5880.3
BT700504,2025-08-08,Customer Receipt,SI100559,1816.21
BT701886,2025-08-08,Customer Receipt,SI102093,15930.04
BT701501,2025-08-08,Customer Receipt,SI101661,935.7
BT705890,2025-08-08,Vendor Payment,VI201546,-4262.97
BT703201,2025-08-08,Customer Receipt,SI103561,2831.16
BT701310,2025-08-08,Customer Receipt,SI101452,14580.78
BT701216,2025-08-08,Customer Receipt,SI101350,1441.58
BT703487,2025-08-09,Customer Receipt,SI103873,7195.62
BT701196,2025-08-09,Customer Receipt,SI101329,1249.1
BT701734,2025-08-09,Customer Receipt,SI101927,2724.51
BT700440,2025-08-09,Customer Receipt,SI100488,24587.37
BT706098,2025-08-09,Vendor Payment,VI201775,-3844.42
BT703746,2025-08-09,Customer Receipt,SI104164,9209.84
BT702482,2025-08-09,Customer Receipt,SI102769,6150.35
BT706176,2025-08-09,Vendor Payment,VI201866,-813.98
BT706446,2025-08-09,Vendor Payment,VI202162,-7633.62
BT704619,2025-08-09,Vendor Payment,VI200129,-3451.71
BT701747,2025-08-09,Customer Receipt,SI101941,4718.74
BT702059,2025-08-09,Customer Receipt,SI102288,11539.08
BT705692,2025-08-10,Vendor Payment,VI201330,-1640.44
BT700188,2025-08-10,Customer Receipt,SI100211,16630.7
BT703967,2025-08-10,Customer Receipt,SI104410,20656.75
BT705767,2025-08-10,Vendor Payment,VI201411,-5227.54
BT701130,2025-08-10,Customer Receipt,SI101253,11391.91
BT701244,2025-08-10,Customer Receipt,SI101382,22605.29
BT701390,2025-08-10,Customer Receipt,SI101538,3097.88
BT700051,2025-08-10,Customer Receipt,SI100056,13949.28
BT703407,2025-08-10,Customer Receipt,SI103787,5584.22
BT701838,2025-08-10,Customer Receipt,SI102040,2119.65
BT702548,2025-08-11,Customer Receipt,SI102839,1816.21
BT705360,2025-08-11,Vendor Payment,VI200958,-3755.78
BT701121,2025-08-11,Customer Receipt,SI101244,1210.81
BT703537,2025-08-11,Customer Receipt,SI103927,10247.21
BT701881,2025-08-11,Customer Receipt,SI102086,13293.99
BT705429,2025-08-11,Vendor Payment,VI201040,-1857.66
BT703361,2025-08-11,Customer Receipt,SI103736,3166.59
BT700761,2025-08-11,Customer Receipt,SI100845,1360.85
BT705803,2025-08-11,Vendor Payment,VI201451,-4961.67
BT701362,2025-08-11,Customer Receipt,SI101507,3349.48
BT701612,2025-08-11,Customer Receipt,SI101781,1110.83
BT702805,2025-08-12,Customer Receipt,SI103121,16430.76
BT705974,2025-08-12,Vendor Payment,VI201637,-3098.91
BT700626,2025-08-12,Customer Receipt,SI100698,6109.24
BT700432,2025-08-12,Customer Receipt,SI100480,4720.46
BT701298,2025-08-12,Customer Receipt,SI101439,8071.7
BT703915,2025-08-12,Customer Receipt,SI104352,4607.58
BT703335,2025-08-12,Customer Receipt,SI103707,17689.56
BT700102,2025-08-12,Customer Receipt,SI100115,7988.13
BT700811,2025-08-12,Customer Receipt,SI100904,4145.7
BT706383,2025-08-12,Vendor Payment,VI202089,-5610.66
BT703759,2025-08-13,Customer Receipt,SI104179,15350.01
BT704857,2025-08-13,Vendor Payment,VI200393,-6937.42
BT702993,2025-08-13,Customer Receipt,SI103327,8793.01
BT704819,2025-08-13,Vendor Payment,VI200352,-1235.71
BT700293,2025-08-13,Customer Receipt,SI100326,7558.15
BT705305,2025-08-13,Vendor Payment,VI200893,-834.14
BT704493,2025-08-13,Customer Receipt,SI104988,1180.42
BT702956,2025-08-13,Customer Receipt,SI103288,10430.91
BT706077,2025-08-13,Vendor Payment,VI201753,-996.92
BT704908,2025-08-13,Vendor Payment,VI200447,-2361.6
BT703298,2025-08-13,Customer Receipt,SI103665,3934.8
BT705714,2025-08-13,Vendor Payment,VI201353,-5801.69
BT705838,2025-08-13,Vendor Payment,VI201490,-3036.43
BT705639,2025-08-14,Vendor Payment,VI201270,-837.33
BT704801,2025-08-14,Vendor Payment,VI200333,-2071.18
BT704018,2025-08-14,Customer Receipt,SI104464,5993.81
BT705571,2025-08-14,Vendor Payment,VI201194,-3623.33
BT704247,2025-08-14,Customer Receipt,SI104713,18621.53
BT703252,2025-08-14,Customer Receipt,SI103615,5581.16
BT701318,2025-08-14,Customer Receipt,SI101461,11987.62
BT706006,2025-08-14,Vendor Payment,VI201672,-4328.09
BT704356,2025-08-14,Customer Receipt,SI104838,5058.43
BT703779,2025-08-14,Customer Receipt,SI104203,1587.65
BT702738,2025-08-14,Customer Receipt,SI103045,16015.81
BT701971,2025-08-15,Customer Receipt,SI102191,18210.76
BT705108,2025-08-15,Vendor Payment,VI200677,-3593.67
BT704198,2025-08-15,Customer Receipt,SI104660,4055.58
BT702986,2025-08-15,Customer Receipt,SI103320,13993.06
BT700230,2025-08-15,Customer Receipt,SI100256,33503.56
BT700521,2025-08-15,Customer Receipt,SI100581,6286.84
BT706303,2025-08-16,Vendor Payment,VI202002,-2794.04
BT703037,2025-08-16,Customer Receipt,SI103379,1784.19
BT701507,2025-08-16,Customer Receipt,SI101667,10581.36
BT703284,2025-08-16,Customer Receipt,SI103651,1283.67
BT704084,2025-08-16,Customer Receipt,SI104534,7912.95
BT703205,2025-08-16,Customer Receipt,SI103565,15926.08
BT701677,2025-08-16,Customer Receipt,SI101861,17141.71
BT702187,2025-08-16,Customer Receipt,SI102439,3608.66
BT702939,2025-08-16,Customer Receipt,SI103267,5769.83
BT706473,2025-08-16,Vendor Payment,VI202194,-1966.73
BT706259,2025-08-16,Vendor Payment,VI201955,-3031.17
BT701901,2025-08-16,Customer Receipt,SI102111,3689.89
BT700138,2025-08-16,Customer Receipt,SI100154,7869.59
BT701517,2025-08-17,Customer Receipt,SI101677,5823.93
BT703273,2025-08-17,Customer Receipt,SI103638,10318.66
BT706182,2025-08-17,Vendor Payment,VI201872,-2536.55
BT705200,2025-08-17,Vendor Payment,VI200777,-1586.02
BT705778,2025-08-17,Vendor Payment,VI201424,-6514.67
BT704146,2025-08-17,Customer Receipt,SI104602,1785.58
BT703855,2025-08-17,Customer Receipt,SI104285,916.46
BT704667,2025-08-17,Vendor Payment,VI200183,-3964.08
BT702535,2025-08-17,Customer Receipt,SI102826,8606.84
BT705600,2025-08-17,Vendor Payment,VI201226,-1408.47
BT703017,2025-08-17,Customer Receipt,SI103355,3471.72
BT705870,2025-08-17,Vendor Payment,VI201523,-5854.61
BT703844,2025-08-18,Customer Receipt,SI104274,1972.24
BT703256,2025-08-18,Customer Receipt,SI103620,26015.37
BT705588,2025-08-18,Vendor Payment,VI201213,-2091.54
BT705494,2025-08-18,Vendor Payment,VI201113,-1988.81
BT700842,2025-08-18,Customer Receipt,SI100939,10268.36
BT702837,2025-08-18,Customer Receipt,SI103161,27072.97
BT702159,2025-08-18,Customer Receipt,SI102409,28102.49
BT705294,2025-08-18,Vendor Payment,VI200880,-881.72
BT701264,2025-08-18,Customer Receipt,SI101404,8238.27
BT703400,2025-08-18,Customer Receipt,SI103778,6088.8
BT703103,2025-08-19,Customer Receipt,SI103451,4654.61
BT706357,2025-08-19,Vendor Payment,VI202062,-2122.66
BT705288,2025-08-19,Vendor Payment,VI200873,-925.65
BT701102,2025-08-19,Customer Receipt,SI101225,3617.82
BT705148,2025-08-19,Vendor Payment,VI200719,-8424.71
BT700262,2025-08-19,Customer Receipt,SI100291,4195.13
BT702226,2025-08-19,Customer Receipt,SI102483,2511.52
BT704780,2025-08-19,Vendor Payment,VI200310,-1418.45
BT704161,2025-08-20,Customer Receipt,SI104617,39658.4
BT706244,2025-08-20,Vendor Payment,VI201939,-1146.66
BT702525,2025-08-20,Customer Receipt,SI102813,4612.2
BT705257,2025-08-20,Vendor Payment,VI200840,-1509.21
BT705701,2025-08-20,Vendor Payment,VI201339,-8778.48
BT705276,2025-08-20,Vendor Payment,VI200860,-5607.22
BT702297,2025-08-20,Customer Receipt,SI102563,12745.22
BT702830,2025-08-21,Customer Receipt,SI103154,14580.78
BT702209,2025-08-21,Customer Receipt,SI102463,28290.77
BT700235,2025-08-21,Customer Receipt,SI100261,2374.52
BT700120,2025-08-21,Customer Receipt,SI100134,3810.54
BT705489,2025-08-21,Vendor Payment,VI201108,-2761.96
BT703209,2025-08-21,Customer Receipt,SI103569,16415.71
BT704972,2025-08-21,Vendor Payment,VI200521,-965.63
BT703015,2025-08-21,Customer Receipt,SI103353,3976.58
BT703620,2025-08-21,Customer Receipt,SI104021,9305.63
BT703042,2025-08-21,Customer Receipt,SI103384,6703.08
BT700273,2025-08-22,Customer Receipt,SI100304,12451.99
BT705722,2025-08-22,Vendor Payment,VI201362,-3606.71
BT700778,2025-08-22,Customer Receipt,SI100866,5045.17
BT703661,2025-08-22,Customer Receipt,SI104065,3213.59
BT704100,2025-08-22,Customer Receipt,SI104553,16913.45
BT704050,2025-08-22,Customer Receipt,SI104500,19956.84
BT706271,2025-08-23,Vendor Payment,VI201967,-5612.66
BT704117,2025-08-23,Customer Receipt,SI104571,791.51
BT705070,2025-08-23,Vendor Payment,VI200633,-5173.16
BT703094,2025-08-23,Customer Receipt,SI103441,10244.78
BT701792,2025-08-23,Customer Receipt,SI101992,1965.51
BT701625,2025-08-23,Customer Receipt,SI101798,15863.36
BT702241,2025-08-23,Customer Receipt,SI102500,1292.19
BT702851,2025-08-24,Customer Receipt,SI103175,25573.68
BT701365,2025-08-24,Customer Receipt,SI101511,1367.38
BT703554,2025-08-24,Customer Receipt,SI103947,3740.45
BT701592,2025-08-24,Customer Receipt,SI101760,20832.85
BT704567,2025-08-24,Vendor Payment,VI200071,-3366.83
BT705243,2025-08-24,Vendor Payment,VI200824,-3043.23
BT701508,2025-08-24,Customer Receipt,SI101668,405.56
BT700243,2025-08-24,Customer Receipt,SI100269,7720.22
BT702190,2025-08-24,Customer Receipt,SI102442,12802.45
BT702926,2025-08-25,Customer Receipt,SI103253,11258.76
BT705995,2025-08-25,Vendor Payment,VI201660,-6376.97
BT700805,2025-08-25,Customer Receipt,SI100898,8136.56
BT701346,2025-08-25,Customer Receipt,SI101490,2422.98
BT704333,2025-08-25,Customer Receipt,SI104813,18012.77
BT703353,2025-08-25,Customer Receipt,SI103728,3245.17
BT703792,2025-08-25,Customer Receipt,SI104216,2380.44
BT704507,2025-08-25,Vendor Payment,VI200004,-4330.12
BT700822,2025-08-25,Customer Receipt,SI100917,222.17
BT702946,2025-08-25,Customer Receipt,SI103274,21106.27
BT705187,2025-08-25,Vendor Payment,VI200763,-3194.62
BT702519,2025-08-25,Customer Receipt,SI102807,4188.16
BT701824,2025-08-25,Customer Receipt,SI102026,2196.18
BT704728,2025-08-25,Vendor Payment,VI200253,-4524.87
BT706268,2025-08-26,Vendor Payment,VI201964,-2288.61
BT700808,2025-08-26,Customer Receipt,SI100901,14096.95
BT705621,2025-08-26,Vendor Payment,VI201249,-4518.94
BT700791,2025-08-26,Customer Receipt,SI100881,23413.83
BT705585,2025-08-26,Vendor Payment,VI201210,-4624.78
BT703601,2025-08-26,Customer Receipt,SI104000,20071.85
BT705222,2025-08-26,Vendor Payment,VI200802,-2372.24
BT701760,2025-08-26,Customer Receipt,SI101955,4019.8
BT701015,2025-08-26,Customer Receipt,SI101126,2557.59
BT705298,2025-08-26,Vendor Payment,VI200885,-12169.49
BT703281,2025-08-26,Customer Receipt,SI103647,14289.53
BT703939,2025-08-26,Customer Receipt,SI104377,2794.69
BT700989,2025-08-26,Customer Receipt,SI101097,1028.54
BT701493,2025-08-26,Customer Receipt,SI101651,6885.48
BT703785,2025-08-27,Customer Receipt,SI104209,12666.11
BT702278,2025-08-27,Customer Receipt,SI102544,11747.46
BT701822,2025-08-27,Customer Receipt,SI102024,4960.73
BT703364,2025-08-27,Customer Receipt,SI103739,10528.66
BT705375,2025-08-27,Vendor Payment,VI200974,-4056.83
BT705793,2025-08-27,Vendor Payment,VI201440,-561.42
BT703862,2025-08-27,Customer Receipt,SI104292,4970.27
BT702629,2025-08-27,Customer Receipt,SI102928,27110.75
BT704025,2025-08-27,Customer Receipt,SI104472,2239.93
BT706538,2025-08-28,Operating Expense,EX400060,-149248.46
BT700232,2025-08-28,Customer Receipt,SI100258,2568.53
BT706646,2025-08-28,Payroll,PR500008,-783343.75
BT706537,2025-08-28,Operating Expense,EX400059,-68504.32
BT704417,2025-08-28,Customer Receipt,SI104907,10964.01
BT706535,2025-08-28,Operating Expense,EX400057,-872004.19
BT706539,2025-08-28,Operating Expense,EX400061,-84838.29
BT706536,2025-08-28,Operating Expense,EX400058,-166277.4
BT702402,2025-08-28,Customer Receipt,SI102684,10053.5
BT706541,2025-08-28,Operating Expense,EX400063,-51030.65
BT701284,2025-08-28,Customer Receipt,SI101424,8647.74
BT706542,2025-08-28,Operating Expense,EX400064,-92453.36
BT701357,2025-08-28,Customer Receipt,SI101502,9547.02
BT703839,2025-08-28,Customer Receipt,SI104269,7080.69
BT706354,2025-08-28,Vendor Payment,VI202059,-1158.77
BT706540,2025-08-28,Operating Expense,EX400062,-56042.92
BT703249,2025-08-29,Customer Receipt,SI103612,20340.19
BT703385,2025-08-29,Customer Receipt,SI103763,10317.22
BT701551,2025-08-29,Customer Receipt,SI101714,7303.83
BT700720,2025-08-29,Customer Receipt,SI100800,3976.58
BT700169,2025-08-29,Customer Receipt,SI100190,28311.6
BT701516,2025-08-29,Customer Receipt,SI101676,1023.04
BT705635,2025-08-29,Vendor Payment,VI201265,-2655.01
BT700573,2025-08-29,Customer Receipt,SI100640,860.68
BT705997,2025-08-29,Vendor Payment,VI201663,-4172.46
BT701017,2025-08-29,Customer Receipt,SI101128,2895.14
BT701466,2025-08-29,Customer Receipt,SI101621,154.74
BT701828,2025-08-29,Customer Receipt,SI102030,5164.11
BT700586,2025-08-29,Customer Receipt,SI100654,2221.39
BT702964,2025-08-29,Customer Receipt,SI103296,18991.42
BT705043,2025-08-29,Vendor Payment,VI200604,-1774.96
BT701954,2025-08-30,Customer Receipt,SI102170,1076.26
BT701278,2025-08-30,Customer Receipt,SI101418,2153.65
BT705551,2025-08-30,Vendor Payment,VI201172,-1792.19
BT702671,2025-08-30,Customer Receipt,SI102976,5923.71
BT702316,2025-08-30,Customer Receipt,SI102585,1822.63
BT702545,2025-08-30,Customer Receipt,SI102836,6249.54
BT705753,2025-08-30,Vendor Payment,VI201394,-4632.88
BT703836,2025-08-30,Customer Receipt,SI104266,2577.41
BT701320,2025-08-31,Customer Receipt,SI101463,15015.22
BT701414,2025-08-31,Customer Receipt,SI101564,992.15
BT706172,2025-08-31,Vendor Payment,VI201860,-2559.92
BT706395,2025-08-31,Vendor Payment,VI202102,-1928.0
BT702123,2025-08-31,Customer Receipt,SI102365,5298.24
BT702263,2025-08-31,Customer Receipt,SI102523,2814.69
BT704887,2025-08-31,Vendor Payment,VI200426,-5020.13
BT702749,2025-08-31,Customer Receipt,SI103057,26609.12
BT704815,2025-08-31,Vendor Payment,VI200348,-1192.69
BT702975,2025-08-31,Customer Receipt,SI103308,3321.8
BT702179,2025-08-31,Customer Receipt,SI102430,6580.41
BT700372,2025-09-01,Customer Receipt,SI100415,7773.05
BT702149,2025-09-01,Customer Receipt,SI102397,3394.02
BT704210,2025-09-01,Customer Receipt,SI104674,16254.98
BT706680,2025-09-01,Loan Payment,LP600022,-164880.03
BT700027,2025-09-01,Customer Receipt,SI100027,4392.36
BT702496,2025-09-01,Customer Receipt,SI102783,2191.15
BT703136,2025-09-01,Customer Receipt,SI103490,4820.39
BT703833,2025-09-01,Customer Receipt,SI104263,2885.82
BT700633,2025-09-01,Customer Receipt,SI100705,4323.92
BT703459,2025-09-01,Customer Receipt,SI103844,4778.41
BT706666,2025-09-01,Loan Payment,LP600008,-204827.04
BT705860,2025-09-01,Vendor Payment,VI201512,-5020.79
BT703558,2025-09-01,Customer Receipt,SI103952,33262.54
BT705741,2025-09-01,Vendor Payment,VI201382,-4470.0
BT705736,2025-09-01,Vendor Payment,VI201377,-2377.35
BT703243,2025-09-01,Customer Receipt,SI103605,644.92
BT705706,2025-09-01,Vendor Payment,VI201345,-2183.21
BT700266,2025-09-01,Customer Receipt,SI100295,24040.98
BT704784,2025-09-01,Vendor Payment,VI200314,-1748.11
BT700932,2025-09-02,Customer Receipt,SI101037,23931.12
BT700579,2025-09-02,Customer Receipt,SI100647,12306.46
BT706201,2025-09-02,Vendor Payment,VI201893,-7776.17
BT702576,2025-09-02,Customer Receipt,SI102870,3088.09
BT703439,2025-09-02,Customer Receipt,SI103822,29843.66
BT702002,2025-09-02,Customer Receipt,SI102226,5473.82
BT704432,2025-09-02,Customer Receipt,SI104924,6554.47
BT701650,2025-09-02,Customer Receipt,SI101828,3969.33
BT702826,2025-09-02,Customer Receipt,SI103148,2865.19
BT701872,2025-09-02,Customer Receipt,SI102076,2474.06
BT702287,2025-09-02,Customer Receipt,SI102553,30115.5
BT705505,2025-09-03,Vendor Payment,VI201124,-17918.54
BT702305,2025-09-03,Customer Receipt,SI102574,494.21
BT701146,2025-09-03,Customer Receipt,SI101275,13452.02
BT705556,2025-09-03,Vendor Payment,VI201178,-2245.87
BT702721,2025-09-03,Customer Receipt,SI103028,10825.98
BT702771,2025-09-03,Customer Receipt,SI103080,6206.14
BT705842,2025-09-03,Vendor Payment,VI201494,-3205.01
BT700007,2025-09-03,Customer Receipt,SI100007,665.63
BT705856,2025-09-03,Vendor Payment,VI201508,-5713.19
BT703181,2025-09-04,Customer Receipt,SI103538,6369.19
BT703283,2025-09-04,Customer Receipt,SI103649,13633.81
BT704315,2025-09-04,Customer Receipt,SI104793,6350.9
BT704073,2025-09-04,Customer Receipt,SI104523,3103.07
BT701598,2025-09-04,Customer Receipt,SI101766,19956.84
BT701181,2025-09-04,Customer Receipt,SI101312,8395.84
BT703837,2025-09-04,Customer Receipt,SI104267,12998.13
BT700379,2025-09-04,Customer Receipt,SI100422,12155.03
BT704878,2025-09-04,Vendor Payment,VI200416,-2232.89
BT702285,2025-09-04,Customer Receipt,SI102551,13709.2
BT701368,2025-09-04,Customer Receipt,SI101514,8970.56
BT705584,2025-09-04,Vendor Payment,VI201209,-4230.39
BT705342,2025-09-04,Vendor Payment,VI200938,-4188.2
BT700502,2025-09-04,Customer Receipt,SI100557,9886.68
BT701977,2025-09-04,Customer Receipt,SI102198,1454.11
BT700217,2025-09-04,Customer Receipt,SI100242,11358.1
BT701693,2025-09-04,Customer Receipt,SI101877,1487.1
BT701423,2025-09-05,Customer Receipt,SI101574,9128.28
BT701175,2025-09-05,Customer Receipt,SI101306,3864.87
BT703318,2025-09-05,Customer Receipt,SI103687,2046.07
BT701759,2025-09-05,Customer Receipt,SI101954,14655.64
BT701468,2025-09-05,Customer Receipt,SI101623,3974.47
BT704344,2025-09-05,Customer Receipt,SI104825,4612.4
BT700569,2025-09-05,Customer Receipt,SI100636,9672.31
BT700489,2025-09-05,Customer Receipt,SI100544,11512.51
BT705336,2025-09-05,Vendor Payment,VI200930,-3059.24
BT705729,2025-09-05,Vendor Payment,VI201369,-9798.45
BT706193,2025-09-05,Vendor Payment,VI201884,-868.91
BT705130,2025-09-05,Vendor Payment,VI200699,-2893.96
BT703374,2025-09-05,Customer Receipt,SI103750,20155.07
BT704995,2025-09-05,Vendor Payment,VI200545,-1759.84
BT701705,2025-09-05,Customer Receipt,SI101892,3352.27
BT702911,2025-09-05,Customer Receipt,SI103237,20694.19
BT702945,2025-09-06,Customer Receipt,SI103273,4792.88
BT703711,2025-09-06,Customer Receipt,SI104125,2355.1
BT703024,2025-09-06,Customer Receipt,SI103363,1921.74
BT701354,2025-09-06,Customer Receipt,SI101498,3886.85
BT700342,2025-09-06,Customer Receipt,SI100378,16415.71
BT703652,2025-09-06,Customer Receipt,SI104055,13165.01
BT706082,2025-09-06,Vendor Payment,VI201758,-3265.04
BT700428,2025-09-06,Customer Receipt,SI100476,5323.3
BT702434,2025-09-06,Customer Receipt,SI102716,22620.38
BT706360,2025-09-06,Vendor Payment,VI202065,-1485.84
BT704010,2025-09-06,Customer Receipt,SI104456,8695.95
BT701910,2025-09-06,Customer Receipt,SI102122,5769.54
BT705947,2025-09-06,Vendor Payment,VI201609,-2309.59
BT702806,2025-09-06,Customer Receipt,SI103122,13674.92
BT704372,2025-09-06,Customer Receipt,SI104856,6685.16
BT706229,2025-09-06,Vendor Payment,VI201924,-2603.54
BT705940,2025-09-06,Vendor Payment,VI201601,-1519.94
BT705845,2025-09-07,Vendor Payment,VI201497,-1193.3
BT704792,2025-09-07,Vendor Payment,VI200322,-1138.9
BT700401,2025-09-07,Customer Receipt,SI100448,3035.06
BT700737,2025-09-07,Customer Receipt,SI100819,1760.62
BT703615,2025-09-07,Customer Receipt,SI104014,6549.93
BT701113,2025-09-07,Customer Receipt,SI101236,13365.84
BT703457,2025-09-07,Customer Receipt,SI103841,2844.99
BT702791,2025-09-07,Customer Receipt,SI103103,1587.73
BT702840,2025-09-07,Customer Receipt,SI103164,8458.02
BT704807,2025-09-07,Vendor Payment,VI200340,-2964.65
BT704431,2025-09-07,Customer Receipt,SI104923,21651.96
BT706027,2025-09-07,Vendor Payment,VI201695,-3192.63
BT701723,2025-09-07,Customer Receipt,SI101913,13353.56
BT702591,2025-09-07,Customer Receipt,SI102885,5826.18
BT703416,2025-09-07,Customer Receipt,SI103796,3568.37
BT702227,2025-09-07,Customer Receipt,SI102484,3144.43
BT706256,2025-09-08,Vendor Payment,VI201952,-3098.32
BT700870,2025-09-08,Customer Receipt,SI100969,21293.79
BT702259,2025-09-08,Customer Receipt,SI102519,11553.0
BT701780,2025-09-08,Customer Receipt,SI101979,9662.16
BT704002,2025-09-08,Customer Receipt,SI104448,12188.77
BT702555,2025-09-08,Customer Receipt,SI102848,1206.4
BT704406,2025-09-08,Customer Receipt,SI104894,23196.66
BT701282,2025-09-08,Customer Receipt,SI101422,10492.64
BT701083,2025-09-08,Customer Receipt,SI101202,9153.63
BT701504,2025-09-08,Customer Receipt,SI101664,25949.67
BT703332,2025-09-08,Customer Receipt,SI103703,24995.32
BT705282,2025-09-08,Vendor Payment,VI200867,-3825.97
BT704296,2025-09-09,Customer Receipt,SI104768,12188.77
BT706241,2025-09-09,Vendor Payment,VI201936,-2318.59
BT700694,2025-09-09,Customer Receipt,SI100774,21627.14
BT700157,2025-09-09,Customer Receipt,SI100174,16190.16
BT702715,2025-09-09,Customer Receipt,SI103021,38514.52
BT701850,2025-09-09,Customer Receipt,SI102052,14984.52
BT704963,2025-09-09,Vendor Payment,VI200511,-6778.1
BT703583,2025-09-09,Customer Receipt,SI103980,4150.66
BT704201,2025-09-09,Customer Receipt,SI104665,2017.69
BT705825,2025-09-09,Vendor Payment,VI201474,-2720.92
BT702793,2025-09-09,Customer Receipt,SI103105,11194.45
BT705840,2025-09-09,Vendor Payment,VI201492,-2501.74
BT700996,2025-09-10,Customer Receipt,SI101104,11194.45
BT702051,2025-09-10,Customer Receipt,SI102280,14752.42
BT705146,2025-09-10,Vendor Payment,VI200717,-2690.42
BT700563,2025-09-10,Customer Receipt,SI100629,27642.04
BT703044,2025-09-10,Customer Receipt,SI103386,3122.5
BT702704,2025-09-10,Customer Receipt,SI103010,7691.11
BT700801,2025-09-10,Customer Receipt,SI100893,646.13
BT706224,2025-09-10,Vendor Payment,VI201919,-1170.85
BT700420,2025-09-10,Customer Receipt,SI100467,5246.32
BT703063,2025-09-10,Customer Receipt,SI103405,2354.14
BT701412,2025-09-11,Customer Receipt,SI101562,33519.11
BT702625,2025-09-11,Customer Receipt,SI102923,18384.19
BT703221,2025-09-11,Customer Receipt,SI103582,12947.75
BT700320,2025-09-11,Customer Receipt,SI100356,2257.21
BT705798,2025-09-11,Vendor Payment,VI201446,-1616.79
BT701694,2025-09-11,Customer Receipt,SI101881,35433.36
BT703865,2025-09-11,Customer Receipt,SI104295,3046.49
BT701520,2025-09-11,Customer Receipt,SI101680,8735.2
BT700825,2025-09-11,Customer Receipt,SI100921,6858.38
BT702352,2025-09-11,Customer Receipt,SI102627,1841.43
BT704090,2025-09-11,Customer Receipt,SI104540,25260.62
BT704774,2025-09-11,Vendor Payment,VI200303,-1299.69
BT700570,2025-09-11,Customer Receipt,SI100637,4512.48
BT702719,2025-09-11,Customer Receipt,SI103025,7422.85
BT701356,2025-09-12,Customer Receipt,SI101501,2847.98
BT704853,2025-09-12,Vendor Payment,VI200389,-3322.41
BT701173,2025-09-12,Customer Receipt,SI101304,5521.59
BT704808,2025-09-12,Vendor Payment,VI200341,-500.0
BT704458,2025-09-12,Customer Receipt,SI104952,8985.67
BT701183,2025-09-12,Customer Receipt,SI101315,11818.21
BT704304,2025-09-12,Customer Receipt,SI104779,2322.8
BT703143,2025-09-12,Customer Receipt,SI103497,1655.19
BT705317,2025-09-12,Vendor Payment,VI200908,-1758.83
BT706276,2025-09-12,Vendor Payment,VI201974,-4148.76
BT704216,2025-09-12,Customer Receipt,SI104680,12407.51
BT703680,2025-09-12,Customer Receipt,SI104091,4369.63
BT702781,2025-09-12,Customer Receipt,SI103092,1537.59
BT702611,2025-09-12,Customer Receipt,SI102907,9119.84
BT700196,2025-09-12,Customer Receipt,SI100219,19039.16
BT700939,2025-09-13,Customer Receipt,SI101044,29188.58
BT704413,2025-09-13,Customer Receipt,SI104901,12908.89
BT705879,2025-09-13,Vendor Payment,VI201533,-4479.48
BT702381,2025-09-13,Customer Receipt,SI102661,13803.97
BT706426,2025-09-13,Vendor Payment,VI202139,-4794.07
BT700528,2025-09-13,Customer Receipt,SI100588,430.73
BT704614,2025-09-13,Vendor Payment,VI200121,-1913.23
BT705371,2025-09-13,Vendor Payment,VI200970,-2242.44
BT704707,2025-09-13,Vendor Payment,VI200229,-3691.03
BT701647,2025-09-13,Customer Receipt,SI101825,15857.35
BT702894,2025-09-13,Customer Receipt,SI103220,17184.64
BT700804,2025-09-13,Customer Receipt,SI100897,3648.57
BT704948,2025-09-13,Vendor Payment,VI200492,-1287.9
BT700488,2025-09-13,Customer Receipt,SI100543,12995.77
BT702017,2025-09-13,Customer Receipt,SI102243,22674.45
BT704387,2025-09-13,Customer Receipt,SI104872,42751.76
BT704171,2025-09-13,Customer Receipt,SI104628,5122.39
BT701894,2025-09-13,Customer Receipt,SI102102,18639.09
BT700326,2025-09-13,Customer Receipt,SI100362,14682.94
BT702415,2025-09-14,Customer Receipt,SI102697,26780.71
BT705274,2025-09-14,Vendor Payment,VI200858,-1571.06
BT700639,2025-09-14,Customer Receipt,SI100712,2662.73
BT703513,2025-09-14,Customer Receipt,SI103899,2229.69
BT701680,2025-09-14,Customer Receipt,SI101864,2427.58
BT704710,2025-09-14,Vendor Payment,VI200232,-4069.58
BT701510,2025-09-14,Customer Receipt,SI101670,1213.79
BT706321,2025-09-14,Vendor Payment,VI202022,-6037.23
BT704675,2025-09-14,Vendor Payment,VI200192,-2308.95
BT704385,2025-09-14,Customer Receipt,SI104870,3458.39
BT701805,2025-09-14,Customer Receipt,SI102006,3316.56
BT704959,2025-09-14,Vendor Payment,VI200506,-3674.53
BT702586,2025-09-14,Customer Receipt,SI102880,1270.18
BT703172,2025-09-15,Customer Receipt,SI103528,6422.61
BT703399,2025-09-15,Customer Receipt,SI103777,1916.81
BT706234,2025-09-15,Vendor Payment,VI201929,-3477.66
BT701664,2025-09-15,Customer Receipt,SI101845,8249.91
BT701358,2025-09-15,Customer Receipt,SI101503,1873.65
BT703902,2025-09-15,Customer Receipt,SI104338,1701.14
BT706330,2025-09-15,Vendor Payment,VI202032,-2325.47
BT702451,2025-09-15,Customer Receipt,SI102735,6176.18
BT701158,2025-09-15,Customer Receipt,SI101288,8346.47
BT701987,2025-09-15,Customer Receipt,SI102210,13406.16
BT701110,2025-09-15,Customer Receipt,SI101233,15133.54
BT704826,2025-09-16,Vendor Payment,VI200360,-3355.45
BT704986,2025-09-16,Vendor Payment,VI200535,-1228.94
BT704368,2025-09-16,Customer Receipt,SI104852,23607.72
BT704632,2025-09-16,Vendor Payment,VI200143,-2338.09
BT706120,2025-09-16,Vendor Payment,VI201802,-1246.43
BT704307,2025-09-16,Customer Receipt,SI104782,2029.6
BT706083,2025-09-16,Vendor Payment,VI201759,-2107.02
BT703011,2025-09-16,Customer Receipt,SI103349,1421.1
BT705514,2025-09-16,Vendor Payment,VI201133,-1458.07
BT703147,2025-09-16,Customer Receipt,SI103501,549.69
BT702829,2025-09-17,Customer Receipt,SI103152,7206.54
BT703355,2025-09-17,Customer Receipt,SI103730,2986.98
BT705413,2025-09-17,Vendor Payment,VI201018,-1253.11
BT702739,2025-09-17,Customer Receipt,SI103046,4857.68
BT705351,2025-09-17,Vendor Payment,VI200948,-4270.93
BT701352,2025-09-17,Customer Receipt,SI101496,1486.09
BT700194,2025-09-17,Customer Receipt,SI100217,3810.21
BT705596,2025-09-17,Vendor Payment,VI201222,-2336.22
BT702620,2025-09-17,Customer Receipt,SI102916,2578.64
BT700328,2025-09-17,Customer Receipt,SI100364,1289.83
BT705249,2025-09-17,Vendor Payment,VI200831,-2070.23
BT703854,2025-09-17,Customer Receipt,SI104284,3830.27
BT704734,2025-09-17,Vendor Payment,VI200259,-1748.96
BT702421,2025-09-17,Customer Receipt,SI102703,18677.99
BT705291,2025-09-18,Vendor Payment,VI200877,-2595.83
BT701094,2025-09-18,Customer Receipt,SI101215,13241.56
BT702996,2025-09-18,Customer Receipt,SI103330,5771.65
BT703594,2025-09-18,Customer Receipt,SI103992,6155.89
BT704449,2025-09-18,Customer Receipt,SI104942,22208.7
BT703465,2025-09-19,Customer Receipt,SI103851,15334.44
BT706205,2025-09-19,Vendor Payment,VI201898,-2033.16
BT703843,2025-09-19,Customer Receipt,SI104273,9128.28
BT701301,2025-09-19,Customer Receipt,SI101442,538.44
BT706396,2025-09-19,Vendor Payment,VI202103,-958.01
BT703936,2025-09-19,Customer Receipt,SI104374,1856.27
BT700921,2025-09-19,Customer Receipt,SI101025,16749.3
BT706316,2025-09-19,Vendor Payment,VI202016,-1633.64
BT703124,2025-09-19,Customer Receipt,SI103475,4941.99
BT702608,2025-09-19,Customer Receipt,SI102904,4771.84
BT705506,2025-09-19,Vendor Payment,VI201125,-2792.33
BT703813,2025-09-19,Customer Receipt,SI104239,3484.62
BT705269,2025-09-20,Vendor Payment,VI200853,-3595.07
BT700480,2025-09-20,Customer Receipt,SI100535,2165.96
BT703509,2025-09-20,Customer Receipt,SI103895,2306.2
BT705006,2025-09-20,Vendor Payment,VI200558,-3274.58
BT700560,2025-09-20,Customer Receipt,SI100626,4324.73
BT704655,2025-09-20,Vendor Payment,VI200168,-8115.35
BT702417,2025-09-20,Customer Receipt,SI102699,916.46
BT703849,2025-09-20,Customer Receipt,SI104279,4229.01
BT700933,2025-09-20,Customer Receipt,SI101038,28102.49
BT705463,2025-09-20,Vendor Payment,VI201076,-2545.21
BT704719,2025-09-20,Vendor Payment,VI200243,-5274.13
BT702667,2025-09-20,Customer Receipt,SI102971,565.35
BT700068,2025-09-20,Customer Receipt,SI100076,20229.1
BT705923,2025-09-20,Vendor Payment,VI201582,-5158.84
BT700006,2025-09-21,Customer Receipt,SI100006,14249.66
BT702480,2025-09-21,Customer Receipt,SI102766,9024.32
BT705279,2025-09-21,Vendor Payment,VI200864,-1506.99
BT701859,2025-09-21,Customer Receipt,SI102063,1153.1
BT701996,2025-09-21,Customer Receipt,SI102219,3073.5
BT706461,2025-09-21,Vendor Payment,VI202181,-1467.43
BT701027,2025-09-21,Customer Receipt,SI101138,5580.04
BT702828,2025-09-21,Customer Receipt,SI103150,1757.15
BT701863,2025-09-22,Customer Receipt,SI102067,12993.92
BT705490,2025-09-22,Vendor Payment,VI201109,-6245.13
BT700098,2025-09-22,Customer Receipt,SI100111,6260.3
BT705166,2025-09-22,Vendor Payment,VI200740,-2494.07
BT705574,2025-09-22,Vendor Payment,VI201198,-3348.01
BT701136,2025-09-22,Customer Receipt,SI101263,21902.18
BT702817,2025-09-22,Customer Receipt,SI103135,16041.67
BT703382,2025-09-22,Customer Receipt,SI103760,268.43
BT706104,2025-09-22,Vendor Payment,VI201781,-4894.81
BT701486,2025-09-22,Customer Receipt,SI101642,36982.03
BT704011,2025-09-22,Customer Receipt,SI104457,12953.02
BT701447,2025-09-22,Customer Receipt,SI101601,2228.48
BT701218,2025-09-22,Customer Receipt,SI101352,19535.0
BT703296,2025-09-22,Customer Receipt,SI103663,9662.16
BT703802,2025-09-22,Customer Receipt,SI104227,17694.75
BT703751,2025-09-22,Customer Receipt,SI104170,1965.51
BT703781,2025-09-22,Customer Receipt,SI104205,24095.62
BT700017,2025-09-23,Customer Receipt,SI100017,2902.13
BT705451,2025-09-23,Vendor Payment,VI201064,-4433.51
BT703931,2025-09-23,Customer Receipt,SI104369,7195.62
BT703527,2025-09-23,Customer Receipt,SI103916,988.4
BT705850,2025-09-23,Vendor Payment,VI201502,-2631.79
BT703725,2025-09-23,Customer Receipt,SI104139,2294.2
BT701256,2025-09-23,Customer Receipt,SI101395,4150.66
BT705771,2025-09-23,Vendor Payment,VI201415,-1296.82
BT705962,2025-09-23,Vendor Payment,VI201625,-6042.86
BT703671,2025-09-23,Customer Receipt,SI104078,23929.19
BT701042,2025-09-23,Customer Receipt,SI101156,7287.84
BT701777,2025-09-24,Customer Receipt,SI101976,13565.3
BT702909,2025-09-24,Customer Receipt,SI103235,9089.21
BT701137,2025-09-24,Customer Receipt,SI101264,5141.05
BT702309,2025-09-24,Customer Receipt,SI102578,6176.18
BT701156,2025-09-24,Customer Receipt,SI101286,4396.5
BT702844,2025-09-24,Customer Receipt,SI103168,10528.66
BT701206,2025-09-24,Customer Receipt,SI101339,2579.67
BT701215,2025-09-24,Customer Receipt,SI101349,2736.91
BT702822,2025-09-25,Customer Receipt,SI103141,5750.42
BT702747,2025-09-25,Customer Receipt,SI103055,3397.68
BT705209,2025-09-25,Vendor Payment,VI200787,-4481.94
BT701437,2025-09-25,Customer Receipt,SI101589,6763.52
BT703228,2025-09-25,Customer Receipt,SI103589,13370.32
BT700978,2025-09-25,Customer Receipt,SI101085,628.65
BT705157,2025-09-25,Vendor Payment,VI200731,-2613.28
BT705179,2025-09-25,Vendor Payment,VI200755,-5244.31
BT702137,2025-09-25,Customer Receipt,SI102384,6422.61
BT706190,2025-09-25,Vendor Payment,VI201881,-1774.0
BT704561,2025-09-25,Vendor Payment,VI200063,-2781.24
BT701861,2025-09-25,Customer Receipt,SI102065,7517.3
BT704196,2025-09-25,Customer Receipt,SI104658,14391.25
BT701214,2025-09-25,Customer Receipt,SI101348,13952.9
BT705300,2025-09-25,Vendor Payment,VI200888,-2558.06
BT704075,2025-09-25,Customer Receipt,SI104525,24665.26
BT702736,2025-09-26,Customer Receipt,SI103043,20172.01
BT704469,2025-09-26,Customer Receipt,SI104963,2162.98
BT704530,2025-09-26,Vendor Payment,VI200028,-7351.46
BT701290,2025-09-26,Customer Receipt,SI101430,11299.06
BT702005,2025-09-26,Customer Receipt,SI102230,12971.6
BT703557,2025-09-26,Customer Receipt,SI103951,6816.91
BT703543,2025-09-26,Customer Receipt,SI103933,6700.12
BT703186,2025-09-26,Customer Receipt,SI103543,2153.76
BT704303,2025-09-26,Customer Receipt,SI104777,14103.08
BT701030,2025-09-26,Customer Receipt,SI101141,3329.73
BT702745,2025-09-26,Customer Receipt,SI103053,16378.64
BT702621,2025-09-26,Customer Receipt,SI102917,15291.92
BT705830,2025-09-26,Vendor Payment,VI201479,-4505.15
BT700397,2025-09-26,Customer Receipt,SI100443,8277.67
BT702247,2025-09-27,Customer Receipt,SI102506,5403.83
BT704321,2025-09-27,Customer Receipt,SI104800,27748.41
BT704361,2025-09-27,Customer Receipt,SI104843,8790.33
BT702000,2025-09-27,Customer Receipt,SI102224,594.73
BT704367,2025-09-27,Customer Receipt,SI104850,22464.14
BT704847,2025-09-27,Vendor Payment,VI200383,-3323.31
BT700056,2025-09-27,Customer Receipt,SI100061,22783.82
BT700577,2025-09-27,Customer Receipt,SI100645,865.55
BT701223,2025-09-27,Customer Receipt,SI101357,24417.54
BT703659,2025-09-27,Customer Receipt,SI104063,2342.03
BT702049,2025-09-27,Customer Receipt,SI102278,8010.99
BT706466,2025-09-27,Vendor Payment,VI202186,-6461.79
BT704803,2025-09-27,Vendor Payment,VI200335,-5372.29
BT701931,2025-09-27,Customer Receipt,SI102145,5103.43
BT704691,2025-09-27,Vendor Payment,VI200212,-1325.34
BT705123,2025-09-28,Vendor Payment,VI200692,-1241.42
BT705160,2025-09-28,Vendor Payment,VI200734,-2434.93
BT702418,2025-09-28,Customer Receipt,SI102700,17327.7
BT706550,2025-09-28,Operating Expense,EX400072,-110230.0
BT706179,2025-09-28,Vendor Payment,VI201869,-5793.25
BT706545,2025-09-28,Operating Expense,EX400067,-71679.87
BT706544,2025-09-28,Operating Expense,EX400066,-191575.52
BT706548,2025-09-28,Operating Expense,EX400070,-59626.9
BT706547,2025-09-28,Operating Expense,EX400069,-102341.43
BT703098,2025-09-28,Customer Receipt,SI103445,1995.85
BT701217,2025-09-28,Customer Receipt,SI101351,1577.79
BT706543,2025-09-28,Operating Expense,EX400065,-880680.01
BT701480,2025-09-28,Customer Receipt,SI101636,11632.85
BT706549,2025-09-28,Operating Expense,EX400071,-46076.31
BT706546,2025-09-28,Operating Expense,EX400068,-168716.94
BT701582,2025-09-28,Customer Receipt,SI101749,2261.42
BT705770,2025-09-28,Vendor Payment,VI201414,-1567.86
BT700661,2025-09-28,Customer Receipt,SI100736,29188.58
BT701619,2025-09-28,Customer Receipt,SI101788,23248.8
BT706647,2025-09-28,Payroll,PR500009,-823672.47
BT701475,2025-09-29,Customer Receipt,SI101630,6664.18
BT700063,2025-09-29,Customer Receipt,SI100068,255.76
BT703386,2025-09-29,Customer Receipt,SI103764,15116.3
BT702296,2025-09-29,Customer Receipt,SI102562,5768.33
BT701927,2025-09-29,Customer Receipt,SI102141,4908.08
BT705193,2025-09-30,Vendor Payment,VI200770,-1722.37
BT701727,2025-09-30,Customer Receipt,SI101917,1360.85
BT704484,2025-09-30,Customer Receipt,SI104979,12386.95
BT704037,2025-09-30,Customer Receipt,SI104487,6442.43
BT701992,2025-09-30,Customer Receipt,SI102215,14156.24
BT703109,2025-09-30,Customer Receipt,SI103459,11539.08
BT706336,2025-09-30,Vendor Payment,VI202038,-3173.36
BT704690,2025-09-30,Vendor Payment,VI200211,-8352.97
BT702557,2025-09-30,Customer Receipt,SI102851,2593.79
BT705470,2025-09-30,Vendor Payment,VI201084,-1695.64
BT705656,2025-09-30,Vendor Payment,VI201293,-2150.68
BT703389,2025-09-30,Customer Receipt,SI103767,37334.22
BT700910,2025-09-30,Customer Receipt,SI101012,13993.06
BT700385,2025-10-01,Customer Receipt,SI100429,20815.92
BT706342,2025-10-01,Vendor Payment,VI202045,-3318.3
BT706667,2025-10-01,Loan Payment,LP600009,-204827.04
BT706681,2025-10-01,Loan Payment,LP600023,-164880.03
BT703977,2025-10-01,Customer Receipt,SI104420,5600.92
BT702416,2025-10-01,Customer Receipt,SI102698,32460.61
BT700281,2025-10-01,Customer Receipt,SI100313,856.18
BT703539,2025-10-01,Customer Receipt,SI103929,4323.87
BT705248,2025-10-01,Vendor Payment,VI200830,-972.18
BT705349,2025-10-01,Vendor Payment,VI200946,-4636.1
BT700970,2025-10-01,Customer Receipt,SI101077,1316.08
BT701240,2025-10-01,Customer Receipt,SI101378,1650.05
BT700795,2025-10-01,Customer Receipt,SI100885,14607.66
BT705000,2025-10-01,Vendor Payment,VI200551,-2763.66
BT704038,2025-10-02,Customer Receipt,SI104488,2146.06
BT700225,2025-10-02,Customer Receipt,SI100250,3886.85
BT705011,2025-10-02,Vendor Payment,VI200565,-1960.27
BT705225,2025-10-02,Vendor Payment,VI200806,-3163.02
BT700153,2025-10-02,Customer Receipt,SI100170,5103.43
BT705614,2025-10-02,Vendor Payment,VI201242,-653.19
BT705286,2025-10-02,Vendor Payment,VI200871,-2531.27
BT701718,2025-10-02,Customer Receipt,SI101908,7816.81
BT705287,2025-10-02,Vendor Payment,VI200872,-3259.67
BT706378,2025-10-02,Vendor Payment,VI202084,-2755.61
BT701075,2025-10-03,Customer Receipt,SI101193,1587.73
BT702878,2025-10-03,Customer Receipt,SI103204,15926.08
BT704277,2025-10-03,Customer Receipt,SI104746,7379.78
BT703517,2025-10-03,Customer Receipt,SI103904,5638.68
BT700683,2025-10-03,Customer Receipt,SI100761,17156.47
BT705843,2025-10-03,Vendor Payment,VI201495,-1754.02
BT704956,2025-10-03,Vendor Payment,VI200502,-7455.58
BT702807,2025-10-03,Customer Receipt,SI103123,12291.35
BT703153,2025-10-03,Customer Receipt,SI103507,5430.38
BT704596,2025-10-03,Vendor Payment,VI200102,-5666.74
BT702504,2025-10-04,Customer Receipt,SI102791,3810.54
BT700839,2025-10-04,Customer Receipt,SI100936,13853.5
BT704665,2025-10-04,Vendor Payment,VI200181,-1396.09
BT700135,2025-10-04,Customer Receipt,SI100151,2779.92
BT701246,2025-10-04,Customer Receipt,SI101384,9858.46
BT704800,2025-10-04,Vendor Payment,VI200332,-4524.91
BT700036,2025-10-04,Customer Receipt,SI100037,12416.51
BT701599,2025-10-04,Customer Receipt,SI101767,5026.75
BT702744,2025-10-04,Customer Receipt,SI103052,7102.98
BT705775,2025-10-04,Vendor Payment,VI201419,-1243.49
BT705241,2025-10-05,Vendor Payment,VI200822,-3135.01
BT701804,2025-10-05,Customer Receipt,SI102005,11162.32
BT706052,2025-10-05,Vendor Payment,VI201723,-1713.81
BT701485,2025-10-05,Customer Receipt,SI101641,1932.8
BT702637,2025-10-05,Customer Receipt,SI102937,25949.67
BT704611,2025-10-05,Vendor Payment,VI200118,-1352.68
BT702565,2025-10-05,Customer Receipt,SI102859,5903.82
BT703157,2025-10-05,Customer Receipt,SI103511,10381.33
BT704244,2025-10-06,Customer Receipt,SI104710,6029.7
BT700536,2025-10-06,Customer Receipt,SI100597,8374.65
BT700799,2025-10-06,Customer Receipt,SI100889,7675.01
BT701716,2025-10-06,Customer Receipt,SI101905,16551.94
BT706226,2025-10-06,Vendor Payment,VI201921,-2773.01
BT700042,2025-10-06,Customer Receipt,SI100044,9388.28
BT700187,2025-10-06,Customer Receipt,SI100210,1504.16
BT701271,2025-10-06,Customer Receipt,SI101411,8117.76
BT702915,2025-10-06,Customer Receipt,SI103241,8210.74
BT700516,2025-10-06,Customer Receipt,SI100576,7072.54
BT705637,2025-10-06,Vendor Payment,VI201268,-2793.84
BT704300,2025-10-06,Customer Receipt,SI104773,36086.6
BT702032,2025-10-06,Customer Receipt,SI102261,21150.56
BT703232,2025-10-06,Customer Receipt,SI103593,1606.8
BT704134,2025-10-06,Customer Receipt,SI104590,7440.06
BT705517,2025-10-06,Vendor Payment,VI201136,-2890.51
BT705197,2025-10-06,Vendor Payment,VI200774,-5538.87
BT700904,2025-10-07,Customer Receipt,SI101006,1541.56
BT703406,2025-10-07,Customer Receipt,SI103785,5248.87
BT703262,2025-10-07,Customer Receipt,SI103626,702.61
BT702952,2025-10-07,Customer Receipt,SI103281,12701.8
BT704712,2025-10-07,Vendor Payment,VI200234,-3525.2
BT704365,2025-10-07,Customer Receipt,SI104848,12974.2
BT702619,2025-10-07,Customer Receipt,SI102915,8545.68
BT705141,2025-10-07,Vendor Payment,VI200712,-1596.91
BT702370,2025-10-08,Customer Receipt,SI102648,9303.82
BT704693,2025-10-08,Vendor Payment,VI200214,-1924.93
BT703570,2025-10-08,Customer Receipt,SI103964,5080.72
BT701661,2025-10-08,Customer Receipt,SI101842,4280.89
BT706235,2025-10-08,Vendor Payment,VI201930,-4436.35
BT704316,2025-10-08,Customer Receipt,SI104795,4037.16
BT705869,2025-10-08,Vendor Payment,VI201521,-2014.73
BT706448,2025-10-08,Vendor Payment,VI202164,-2991.8
BT705312,2025-10-08,Vendor Payment,VI200901,-2485.47
BT705055,2025-10-08,Vendor Payment,VI200616,-4596.66
BT703362,2025-10-08,Customer Receipt,SI103737,5246.39
BT703925,2025-10-08,Customer Receipt,SI104363,1490.13
BT701124,2025-10-09,Customer Receipt,SI101247,4790.97
BT704601,2025-10-09,Vendor Payment,VI200107,-3938.79
BT704885,2025-10-09,Vendor Payment,VI200424,-2914.72
BT706454,2025-10-09,Vendor Payment,VI202171,-3872.05
BT703156,2025-10-09,Customer Receipt,SI103510,10825.98
BT704267,2025-10-09,Customer Receipt,SI104736,2974.2
BT705048,2025-10-09,Vendor Payment,VI200609,-4288.66
BT702166,2025-10-09,Customer Receipt,SI102416,7786.0
BT705164,2025-10-09,Vendor Payment,VI200738,-3442.81
BT701020,2025-10-10,Customer Receipt,SI101131,5164.11
BT701907,2025-10-10,Customer Receipt,SI102118,2523.47
BT704689,2025-10-10,Vendor Payment,VI200209,-1400.1
BT706334,2025-10-10,Vendor Payment,VI202036,-5317.9
BT703197,2025-10-10,Customer Receipt,SI103556,20753.32
BT703020,2025-10-10,Customer Receipt,SI103358,14363.75
BT704975,2025-10-10,Vendor Payment,VI200524,-3034.0
BT702599,2025-10-10,Customer Receipt,SI102894,7540.13
BT701667,2025-10-10,Customer Receipt,SI101848,468.41
BT704552,2025-10-10,Vendor Payment,VI200051,-3354.21
BT705158,2025-10-10,Vendor Payment,VI200732,-4609.1
BT702692,2025-10-10,Customer Receipt,SI102998,3431.29
BT700413,2025-10-10,Customer Receipt,SI100460,8515.34
BT700028,2025-10-10,Customer Receipt,SI100028,11770.68
BT704738,2025-10-11,Vendor Payment,VI200263,-3328.01
BT704998,2025-10-11,Vendor Payment,VI200548,-1490.84
BT700064,2025-10-11,Customer Receipt,SI100072,26015.37
BT700948,2025-10-11,Customer Receipt,SI101053,7540.13
BT701067,2025-10-11,Customer Receipt,SI101184,3742.82
BT700127,2025-10-11,Customer Receipt,SI100141,14120.33
BT702542,2025-10-11,Customer Receipt,SI102833,11113.99
BT703982,2025-10-11,Customer Receipt,SI104425,1325.53
BT701105,2025-10-11,Customer Receipt,SI101228,666.5
BT704718,2025-10-11,Vendor Payment,VI200241,-2369.7
BT703178,2025-10-11,Customer Receipt,SI103535,7620.42
BT702483,2025-10-11,Customer Receipt,SI102770,617.76
BT706196,2025-10-12,Vendor Payment,VI201887,-1836.57
BT705912,2025-10-12,Vendor Payment,VI201571,-2150.22
BT701953,2025-10-12,Customer Receipt,SI102169,628.65
BT702523,2025-10-12,Customer Receipt,SI102811,9940.54
BT704676,2025-10-12,Vendor Payment,VI200193,-4049.5
BT704271,2025-10-12,Customer Receipt,SI104740,2128.5
BT702095,2025-10-12,Customer Receipt,SI102332,7119.49
BT700310,2025-10-12,Customer Receipt,SI100346,300.01
BT705454,2025-10-12,Vendor Payment,VI201067,-10581.11
BT706394,2025-10-12,Vendor Payment,VI202101,-1073.21
BT703891,2025-10-13,Customer Receipt,SI104326,1415.37
BT701333,2025-10-13,Customer Receipt,SI101476,10244.78
BT702683,2025-10-13,Customer Receipt,SI102989,3957.48
BT704092,2025-10-13,Customer Receipt,SI104542,134.22
BT702567,2025-10-13,Customer Receipt,SI102861,6916.78
BT705433,2025-10-13,Vendor Payment,VI201044,-7797.65
BT702465,2025-10-13,Customer Receipt,SI102751,234.2
BT706111,2025-10-13,Vendor Payment,VI201790,-2266.99
BT705668,2025-10-13,Vendor Payment,VI201305,-5630.58
BT700449,2025-10-14,Customer Receipt,SI100498,7780.59
BT700936,2025-10-14,Customer Receipt,SI101041,27319.3
BT705122,2025-10-14,Vendor Payment,VI200691,-1240.46
BT702604,2025-10-14,Customer Receipt,SI102900,14754.82
BT704873,2025-10-14,Vendor Payment,VI200411,-2783.75
BT701111,2025-10-14,Customer Receipt,SI101234,28010.56
BT705036,2025-10-14,Vendor Payment,VI200597,-1605.39
BT701826,2025-10-14,Customer Receipt,SI102028,13241.56
BT702036,2025-10-14,Customer Receipt,SI102265,28206.16
BT700707,2025-10-14,Customer Receipt,SI100787,10282.79
BT700085,2025-10-14,Customer Receipt,SI100097,4323.87
BT704399,2025-10-14,Customer Receipt,SI104887,8371.74
BT701565,2025-10-14,Customer Receipt,SI101731,5769.54
BT705325,2025-10-14,Vendor Payment,VI200917,-5276.0
BT700360,2025-10-14,Customer Receipt,SI100399,4031.63
BT703071,2025-10-15,Customer Receipt,SI103413,4272.84
BT702969,2025-10-15,Customer Receipt,SI103302,9044.55
BT706408,2025-10-15,Vendor Payment,VI202118,-8988.98
BT705616,2025-10-15,Vendor Payment,VI201244,-1052.21
BT701631,2025-10-15,Customer Receipt,SI101805,12566.88
BT703625,2025-10-15,Customer Receipt,SI104026,4437.18
BT703518,2025-10-15,Customer Receipt,SI103905,8195.79
BT701192,2025-10-15,Customer Receipt,SI101324,1551.54
BT702335,2025-10-15,Customer Receipt,SI102606,1849.81
BT700024,2025-10-15,Customer Receipt,SI100024,24960.15
BT700755,2025-10-15,Customer Receipt,SI100839,30784.74
BT702119,2025-10-15,Customer Receipt,SI102361,11735.36
BT706091,2025-10-15,Vendor Payment,VI201768,-2785.84
BT701355,2025-10-15,Customer Receipt,SI101499,722.13
BT706440,2025-10-15,Vendor Payment,VI202155,-1530.82
BT701443,2025-10-15,Customer Receipt,SI101597,13679.76
BT704812,2025-10-15,Vendor Payment,VI200345,-6237.65
BT705718,2025-10-15,Vendor Payment,VI201357,-2262.14
BT702912,2025-10-16,Customer Receipt,SI103238,32477.94
BT706245,2025-10-16,Vendor Payment,VI201940,-977.16
BT702953,2025-10-16,Customer Receipt,SI103282,6068.95
BT701928,2025-10-16,Customer Receipt,SI102142,2093.66
BT700770,2025-10-16,Customer Receipt,SI100858,2911.73
BT703740,2025-10-16,Customer Receipt,SI104158,8895.58
BT704846,2025-10-16,Vendor Payment,VI200382,-4069.19
BT706346,2025-10-16,Vendor Payment,VI202049,-3002.16
BT703460,2025-10-16,Customer Receipt,SI103846,25660.56
BT704516,2025-10-16,Vendor Payment,VI200013,-2882.99
BT701833,2025-10-17,Customer Receipt,SI102035,2347.49
BT702318,2025-10-17,Customer Receipt,SI102587,6788.21
BT702408,2025-10-17,Customer Receipt,SI102690,9555.16
BT701659,2025-10-17,Customer Receipt,SI101840,10487.82
BT704435,2025-10-17,Customer Receipt,SI104928,14096.95
BT705562,2025-10-17,Vendor Payment,VI201185,-6831.4
BT704944,2025-10-17,Vendor Payment,VI200488,-2239.73
BT703628,2025-10-17,Customer Receipt,SI104030,20425.64
BT705168,2025-10-17,Vendor Payment,VI200742,-1090.14
BT702703,2025-10-17,Customer Receipt,SI103009,5473.82
BT705634,2025-10-17,Vendor Payment,VI201264,-3195.63
BT700520,2025-10-18,Customer Receipt,SI100580,12893.2
BT706333,2025-10-18,Vendor Payment,VI202035,-3375.71
BT702796,2025-10-18,Customer Receipt,SI103110,10209.26
BT701952,2025-10-18,Customer Receipt,SI102168,21895.3
BT700323,2025-10-18,Customer Receipt,SI100359,4607.58
BT706181,2025-10-18,Vendor Payment,VI201871,-1572.21
BT702857,2025-10-18,Customer Receipt,SI103181,3832.51
BT704512,2025-10-18,Vendor Payment,VI200009,-1353.39
BT700117,2025-10-18,Customer Receipt,SI100131,2908.21
BT704870,2025-10-18,Vendor Payment,VI200408,-3753.5
BT702366,2025-10-18,Customer Receipt,SI102643,1769.56
BT702740,2025-10-18,Customer Receipt,SI103048,4082.45
BT705554,2025-10-18,Vendor Payment,VI201176,-2481.68
BT703125,2025-10-19,Customer Receipt,SI103476,1705.02
BT702470,2025-10-19,Customer Receipt,SI102756,8610.04
BT701408,2025-10-19,Customer Receipt,SI101557,358.56
BT702429,2025-10-19,Customer Receipt,SI102711,8985.67
BT704600,2025-10-19,Vendor Payment,VI200106,-6680.71
BT706432,2025-10-19,Vendor Payment,VI202145,-4092.49
BT702238,2025-10-19,Customer Receipt,SI102496,12908.89
BT705498,2025-10-19,Vendor Payment,VI201117,-9418.68
BT702847,2025-10-19,Customer Receipt,SI103171,19535.0
BT704893,2025-10-19,Vendor Payment,VI200432,-4143.53
BT700669,2025-10-19,Customer Receipt,SI100744,7427.5
BT703417,2025-10-20,Customer Receipt,SI103797,3641.37
BT703501,2025-10-20,Customer Receipt,SI103887,29811.31
BT700515,2025-10-20,Customer Receipt,SI100574,8167.41
BT705480,2025-10-20,Vendor Payment,VI201096,-2321.91
BT705038,2025-10-20,Vendor Payment,VI200599,-6182.07
BT705487,2025-10-20,Vendor Payment,VI201105,-897.79
BT706397,2025-10-20,Vendor Payment,VI202104,-3102.04
BT700346,2025-10-20,Customer Receipt,SI100384,2020.72
BT705820,2025-10-20,Vendor Payment,VI201468,-9070.29
BT703690,2025-10-20,Customer Receipt,SI104103,7520.2
BT701085,2025-10-20,Customer Receipt,SI101204,9024.97
BT706185,2025-10-21,Vendor Payment,VI201875,-6374.85
BT704322,2025-10-21,Customer Receipt,SI104802,2965.19
BT705547,2025-10-21,Vendor Payment,VI201168,-3065.65
BT703530,2025-10-21,Customer Receipt,SI103920,1541.51
BT700309,2025-10-21,Customer Receipt,SI100345,15015.22
BT705789,2025-10-21,Vendor Payment,VI201436,-2062.35
BT704683,2025-10-21,Vendor Payment,VI200203,-1546.33
BT702928,2025-10-21,Customer Receipt,SI103255,12371.42
BT702944,2025-10-21,Customer Receipt,SI103272,3317.59
BT705104,2025-10-21,Vendor Payment,VI200673,-1391.29
BT704880,2025-10-21,Vendor Payment,VI200419,-5996.68
BT706329,2025-10-22,Vendor Payment,VI202031,-976.62
BT702078,2025-10-22,Customer Receipt,SI102312,2996.62
BT705461,2025-10-22,Vendor Payment,VI201074,-2527.02
BT701209,2025-10-22,Customer Receipt,SI101342,25209.5
BT703754,2025-10-22,Customer Receipt,SI104174,3837.5
BT705697,2025-10-22,Vendor Payment,VI201335,-1315.54
BT702888,2025-10-22,Customer Receipt,SI103214,8195.99
BT701321,2025-10-22,Customer Receipt,SI101464,612.09
BT706477,2025-10-22,Vendor Payment,VI202198,-3047.17
BT703561,2025-10-22,Customer Receipt,SI103955,23964.54
BT705212,2025-10-22,Vendor Payment,VI200790,-5656.24
BT702906,2025-10-22,Customer Receipt,SI103232,3315.01
BT704647,2025-10-22,Vendor Payment,VI200159,-4038.04
BT701034,2025-10-22,Customer Receipt,SI101145,12893.2
BT701913,2025-10-22,Customer Receipt,SI102125,14871.01
BT705542,2025-10-22,Vendor Payment,VI201163,-3589.71
BT700483,2025-10-22,Customer Receipt,SI100538,8395.84
BT702748,2025-10-22,Customer Receipt,SI103056,9416.55
BT705380,2025-10-22,Vendor Payment,VI200979,-3765.3
BT700730,2025-10-23,Customer Receipt,SI100812,25441.67
BT701000,2025-10-23,Customer Receipt,SI101109,583.21
BT703146,2025-10-23,Customer Receipt,SI103500,8568.42
BT705497,2025-10-23,Vendor Payment,VI201116,-607.53
BT701657,2025-10-23,Customer Receipt,SI101838,6977.1
BT701238,2025-10-23,Customer Receipt,SI101376,14096.95
BT705707,2025-10-23,Vendor Payment,VI201346,-12062.9
BT700782,2025-10-23,Customer Receipt,SI100872,10468.46
BT700739,2025-10-23,Customer Receipt,SI100822,3154.18
BT703886,2025-10-23,Customer Receipt,SI104321,4869.22
BT704456,2025-10-23,Customer Receipt,SI104950,38865.23
BT700162,2025-10-23,Customer Receipt,SI100182,26780.71
BT700324,2025-10-23,Customer Receipt,SI100360,6411.96
BT703270,2025-10-24,Customer Receipt,SI103635,1500.05
BT701972,2025-10-24,Customer Receipt,SI102192,1712.36
BT706351,2025-10-24,Vendor Payment,VI202056,-2697.02
BT705578,2025-10-24,Vendor Payment,VI201202,-2364.51
BT705695,2025-10-24,Vendor Payment,VI201333,-3964.76
BT702354,2025-10-24,Customer Receipt,SI102629,6295.58
BT706393,2025-10-24,Vendor Payment,VI202100,-10487.82
BT704379,2025-10-24,Customer Receipt,SI104863,8239.48
BT702509,2025-10-24,Customer Receipt,SI102797,4033.8
BT703872,2025-10-24,Customer Receipt,SI104303,2485.13
BT703422,2025-10-24,Customer Receipt,SI103802,16144.01
BT704373,2025-10-24,Customer Receipt,SI104857,5682.39
BT702104,2025-10-25,Customer Receipt,SI102344,2413.31
BT700107,2025-10-25,Customer Receipt,SI100120,14476.91
BT703142,2025-10-25,Customer Receipt,SI103496,1879.56
BT704599,2025-10-25,Vendor Payment,VI200105,-5217.76
BT702979,2025-10-25,Customer Receipt,SI103312,2990.19
BT700738,2025-10-25,Customer Receipt,SI100821,4857.68
BT704339,2025-10-25,Customer Receipt,SI104819,9024.32
BT702870,2025-10-25,Customer Receipt,SI103195,1503.46
BT704522,2025-10-25,Vendor Payment,VI200019,-8574.66
BT702929,2025-10-25,Customer Receipt,SI103256,8654.75
BT706468,2025-10-25,Vendor Payment,VI202188,-2516.23
BT702512,2025-10-26,Customer Receipt,SI102800,871.61
BT703053,2025-10-26,Customer Receipt,SI103395,2453.25
BT706188,2025-10-26,Vendor Payment,VI201879,-3651.47
BT702194,2025-10-26,Customer Receipt,SI102446,10181.38
BT702795,2025-10-26,Customer Receipt,SI103107,7840.39
BT705660,2025-10-26,Vendor Payment,VI201297,-1015.47
BT701261,2025-10-26,Customer Receipt,SI101401,4741.65
BT705383,2025-10-26,Vendor Payment,VI200982,-4371.43
BT704671,2025-10-26,Vendor Payment,VI200187,-4505.58
BT701405,2025-10-26,Customer Receipt,SI101554,350.46
BT704082,2025-10-26,Customer Receipt,SI104532,9705.78
BT703706,2025-10-26,Customer Receipt,SI104120,17632.18
BT700590,2025-10-26,Customer Receipt,SI100658,10068.99
BT703956,2025-10-26,Customer Receipt,SI104396,3884.13
BT700457,2025-10-26,Customer Receipt,SI100509,9389.78
BT705320,2025-10-26,Vendor Payment,VI200912,-4098.88
BT704595,2025-10-26,Vendor Payment,VI200100,-2574.83
BT700950,2025-10-26,Customer Receipt,SI101055,10682.1
BT701359,2025-10-26,Customer Receipt,SI101504,1923.88
BT703805,2025-10-27,Customer Receipt,SI104231,7410.56
BT706474,2025-10-27,Vendor Payment,VI202195,-1966.33
BT704285,2025-10-27,Customer Receipt,SI104757,7041.21
BT705662,2025-10-27,Vendor Payment,VI201299,-1800.9
BT706445,2025-10-27,Vendor Payment,VI202160,-4752.07
BT703295,2025-10-27,Customer Receipt,SI103662,2009.8
BT702644,2025-10-27,Customer Receipt,SI102945,9827.53
BT704821,2025-10-27,Vendor Payment,VI200355,-2378.84
BT701462,2025-10-27,Customer Receipt,SI101617,27319.3
BT704188,2025-10-27,Customer Receipt,SI104646,12995.77
BT700221,2025-10-27,Customer Receipt,SI100246,4397.51
BT706553,2025-10-28,Operating Expense,EX400075,-67107.65
BT706554,2025-10-28,Operating Expense,EX400076,-182366.73
BT702802,2025-10-28,Customer Receipt,SI103117,5670.48
BT703990,2025-10-28,Customer Receipt,SI104434,17472.11
BT703987,2025-10-28,Customer Receipt,SI104431,646.13
BT706555,2025-10-28,Operating Expense,EX400077,-100294.84
BT706556,2025-10-28,Operating Expense,EX400078,-57803.77
BT706648,2025-10-28,Payroll,PR500010,-850735.4500000001
BT706557,2025-10-28,Operating Expense,EX400079,-43231.18
BT702767,2025-10-28,Customer Receipt,SI103076,1367.38
BT706552,2025-10-28,Operating Expense,EX400074,-174312.79
BT703423,2025-10-28,Customer Receipt,SI103803,1424.33
BT704236,2025-10-28,Customer Receipt,SI104702,8346.47
BT706558,2025-10-28,Operating Expense,EX400080,-110659.73
BT700625,2025-10-28,Customer Receipt,SI100696,5469.54
BT703182,2025-10-28,Customer Receipt,SI103539,21902.18
BT702643,2025-10-28,Customer Receipt,SI102944,9848.51
BT706551,2025-10-28,Operating Expense,EX400073,-966238.05
BT701519,2025-10-28,Customer Receipt,SI101679,14120.33
BT701560,2025-10-29,Customer Receipt,SI101724,38149.88
BT700173,2025-10-29,Customer Receipt,SI100195,9467.53
BT702668,2025-10-29,Customer Receipt,SI102972,13241.56
BT700974,2025-10-29,Customer Receipt,SI101081,9556.82
BT702063,2025-10-29,Customer Receipt,SI102294,4392.88
BT705586,2025-10-29,Vendor Payment,VI201211,-1620.59
BT701495,2025-10-29,Customer Receipt,SI101654,20198.24
BT700957,2025-10-30,Customer Receipt,SI101064,1553.14
BT702506,2025-10-30,Customer Receipt,SI102794,1237.94
BT700641,2025-10-30,Customer Receipt,SI100714,3851.0
BT704844,2025-10-30,Vendor Payment,VI200380,-1629.1
BT701768,2025-10-30,Customer Receipt,SI101965,5352.56
BT703999,2025-10-30,Customer Receipt,SI104444,27607.95
BT706358,2025-10-30,Vendor Payment,VI202063,-4543.78
BT702882,2025-10-30,Customer Receipt,SI103208,1227.62
BT703869,2025-10-30,Customer Receipt,SI104300,17918.73
BT705033,2025-10-30,Vendor Payment,VI200592,-9258.95
BT700606,2025-10-30,Customer Receipt,SI100675,9689.83
BT705689,2025-10-30,Vendor Payment,VI201327,-3923.59
BT700588,2025-10-30,Customer Receipt,SI100656,9555.16
BT702972,2025-10-30,Customer Receipt,SI103305,4992.03
BT705827,2025-10-30,Vendor Payment,VI201476,-7248.03
BT705726,2025-10-30,Vendor Payment,VI201366,-1504.9
BT700768,2025-10-31,Customer Receipt,SI100856,5190.67
BT703370,2025-10-31,Customer Receipt,SI103745,5246.39
BT702112,2025-10-31,Customer Receipt,SI102352,4869.22
BT701459,2025-10-31,Customer Receipt,SI101614,4331.92
BT704978,2025-10-31,Vendor Payment,VI200527,-5918.34
BT701531,2025-10-31,Customer Receipt,SI101691,5929.98
BT702658,2025-10-31,Customer Receipt,SI102959,11589.9
BT705801,2025-10-31,Vendor Payment,VI201449,-5473.82
BT705779,2025-10-31,Vendor Payment,VI201425,-2017.19
BT703815,2025-10-31,Customer Receipt,SI104241,3833.61
BT704538,2025-10-31,Vendor Payment,VI200036,-1094.24
BT705377,2025-10-31,Vendor Payment,VI200976,-1613.77
BT704167,2025-10-31,Customer Receipt,SI104624,644.92
BT705746,2025-11-01,Vendor Payment,VI201387,-1391.21
BT705728,2025-11-01,Vendor Payment,VI201368,-5432.67
BT700555,2025-11-01,Customer Receipt,SI100619,20109.25
BT705140,2025-11-01,Vendor Payment,VI200711,-2513.96
BT702390,2025-11-01,Customer Receipt,SI102671,1729.2
BT706682,2025-11-01,Loan Payment,LP600024,-164880.03
BT706668,2025-11-01,Loan Payment,LP600010,-204827.04
BT702831,2025-11-01,Customer Receipt,SI103155,1612.29
BT706353,2025-11-01,Vendor Payment,VI202058,-10136.94
BT705255,2025-11-02,Vendor Payment,VI200838,-2847.78
BT702158,2025-11-02,Customer Receipt,SI102408,17695.65
BT704111,2025-11-02,Customer Receipt,SI104565,31850.55
BT703772,2025-11-02,Customer Receipt,SI104194,3125.87
BT700176,2025-11-02,Customer Receipt,SI100199,3809.4
BT702044,2025-11-02,Customer Receipt,SI102273,3793.32
BT704203,2025-11-02,Customer Receipt,SI104667,12566.88
BT704067,2025-11-02,Customer Receipt,SI104517,5574.22
BT705559,2025-11-02,Vendor Payment,VI201181,-695.51
BT702144,2025-11-02,Customer Receipt,SI102391,7764.62
BT702761,2025-11-02,Customer Receipt,SI103070,1922.78
BT702476,2025-11-02,Customer Receipt,SI102762,2322.8
BT704088,2025-11-03,Customer Receipt,SI104538,29061.0
BT705917,2025-11-03,Vendor Payment,VI201576,-1628.24
BT701818,2025-11-03,Customer Receipt,SI102020,453.62
BT706075,2025-11-03,Vendor Payment,VI201750,-3459.07
BT702058,2025-11-03,Customer Receipt,SI102287,2504.12
BT701597,2025-11-03,Customer Receipt,SI101765,963.48
BT703938,2025-11-03,Customer Receipt,SI104376,8727.7
BT703885,2025-11-03,Customer Receipt,SI104320,4650.52
BT705207,2025-11-03,Vendor Payment,VI200785,-3266.25
BT700327,2025-11-03,Customer Receipt,SI100363,887.51
BT705067,2025-11-03,Vendor Payment,VI200628,-6354.86
BT700390,2025-11-03,Customer Receipt,SI100436,9334.87
BT706095,2025-11-03,Vendor Payment,VI201772,-3473.47
BT705774,2025-11-03,Vendor Payment,VI201418,-578.29
BT700352,2025-11-03,Customer Receipt,SI100390,686.51
BT705582,2025-11-03,Vendor Payment,VI201207,-2099.16
BT704264,2025-11-04,Customer Receipt,SI104733,380.94
BT704346,2025-11-04,Customer Receipt,SI104828,3712.55
BT706457,2025-11-04,Vendor Payment,VI202176,-1538.31
BT702069,2025-11-04,Customer Receipt,SI102301,700.93
BT704708,2025-11-04,Vendor Payment,VI200230,-2724.18
BT705773,2025-11-04,Vendor Payment,VI201417,-861.29
BT703034,2025-11-04,Customer Receipt,SI103376,2327.69
BT703512,2025-11-04,Customer Receipt,SI103898,9978.76
BT703240,2025-11-04,Customer Receipt,SI103602,9731.13
BT703508,2025-11-04,Customer Receipt,SI103894,1731.09
BT706415,2025-11-04,Vendor Payment,VI202126,-1344.31
BT706092,2025-11-05,Vendor Payment,VI201769,-1508.68
BT701942,2025-11-05,Customer Receipt,SI102156,13457.57
BT700077,2025-11-05,Customer Receipt,SI100088,1424.33
BT700459,2025-11-05,Customer Receipt,SI100511,7425.1
BT700981,2025-11-05,Customer Receipt,SI101089,9430.26
BT704787,2025-11-05,Vendor Payment,VI200317,-1633.47
BT705863,2025-11-05,Vendor Payment,VI201515,-2999.02
BT706114,2025-11-06,Vendor Payment,VI201793,-3991.36
BT703431,2025-11-06,Customer Receipt,SI103813,8014.63
BT700535,2025-11-06,Customer Receipt,SI100596,419.1
BT704338,2025-11-06,Customer Receipt,SI104818,16211.49
BT702474,2025-11-06,Customer Receipt,SI102760,1668.51
BT702364,2025-11-06,Customer Receipt,SI102640,17886.78
BT705370,2025-11-06,Vendor Payment,VI200969,-2947.64
BT703004,2025-11-06,Customer Receipt,SI103339,20099.0
BT704131,2025-11-06,Customer Receipt,SI104586,2965.19
BT700953,2025-11-06,Customer Receipt,SI101059,1523.24
BT701229,2025-11-07,Customer Receipt,SI101366,18159.21
BT704960,2025-11-07,Vendor Payment,VI200507,-888.0
BT704915,2025-11-07,Vendor Payment,VI200455,-4401.74
BT702013,2025-11-07,Customer Receipt,SI102238,14607.66
BT702064,2025-11-07,Customer Receipt,SI102295,13688.87
BT703481,2025-11-07,Customer Receipt,SI103867,20629.12
BT702040,2025-11-07,Customer Receipt,SI102269,13673.84
BT703599,2025-11-07,Customer Receipt,SI103998,1270.18
BT702751,2025-11-08,Customer Receipt,SI103059,15728.83
BT704514,2025-11-08,Vendor Payment,VI200011,-6185.61
BT704861,2025-11-08,Vendor Payment,VI200398,-4911.93
BT703714,2025-11-08,Customer Receipt,SI104128,3255.83
BT701529,2025-11-08,Customer Receipt,SI101689,2763.03
BT702024,2025-11-08,Customer Receipt,SI102252,16102.14
BT704547,2025-11-08,Vendor Payment,VI200046,-925.88
BT700207,2025-11-08,Customer Receipt,SI100231,761.88
BT704714,2025-11-08,Vendor Payment,VI200237,-3152.65
BT705670,2025-11-08,Vendor Payment,VI201307,-3090.89
BT703057,2025-11-08,Customer Receipt,SI103399,5325.45
BT704342,2025-11-08,Customer Receipt,SI104823,8210.74
BT700787,2025-11-08,Customer Receipt,SI100877,14934.07
BT705443,2025-11-09,Vendor Payment,VI201055,-1217.1
BT702269,2025-11-09,Customer Receipt,SI102531,7467.9
BT700762,2025-11-09,Customer Receipt,SI100847,1926.95
BT706119,2025-11-09,Vendor Payment,VI201800,-2059.83
BT700073,2025-11-09,Customer Receipt,SI100083,21364.2
BT704553,2025-11-09,Vendor Payment,VI200054,-7655.58
BT701440,2025-11-09,Customer Receipt,SI101594,6656.89
BT702590,2025-11-09,Customer Receipt,SI102884,15663.28
BT705555,2025-11-09,Vendor Payment,VI201177,-12382.1
BT703769,2025-11-09,Customer Receipt,SI104191,1591.77
BT706273,2025-11-09,Vendor Payment,VI201970,-2840.76
BT702754,2025-11-09,Customer Receipt,SI103062,4604.92
BT704502,2025-11-09,Customer Receipt,SI104998,3864.87
BT702985,2025-11-10,Customer Receipt,SI103319,4615.63
BT705357,2025-11-10,Vendor Payment,VI200955,-4601.9
BT702681,2025-11-10,Customer Receipt,SI102987,2546.84
BT703941,2025-11-10,Customer Receipt,SI104379,2196.18
BT703851,2025-11-10,Customer Receipt,SI104281,939.78
BT702458,2025-11-10,Customer Receipt,SI102742,5615.05
BT701536,2025-11-10,Customer Receipt,SI101696,2749.38
BT702073,2025-11-10,Customer Receipt,SI102306,15464.44
BT702598,2025-11-10,Customer Receipt,SI102893,7831.64
BT705675,2025-11-10,Vendor Payment,VI201312,-1327.53
BT702948,2025-11-10,Customer Receipt,SI103277,2210.01
BT701812,2025-11-10,Customer Receipt,SI102014,900.03
BT704804,2025-11-10,Vendor Payment,VI200337,-2798.19
BT705308,2025-11-10,Vendor Payment,VI200896,-8000.22
BT705023,2025-11-10,Vendor Payment,VI200579,-2053.41
BT706122,2025-11-11,Vendor Payment,VI201804,-1561.11
BT705420,2025-11-11,Vendor Payment,VI201028,-2914.79
BT700136,2025-11-11,Customer Receipt,SI100152,11638.46
BT700589,2025-11-11,Customer Receipt,SI100657,2128.95
BT700864,2025-11-11,Customer Receipt,SI100963,2986.57
BT703413,2025-11-11,Customer Receipt,SI103793,2790.58
BT704382,2025-11-11,Customer Receipt,SI104867,7256.55
BT705673,2025-11-11,Vendor Payment,VI201310,-2338.55
BT701766,2025-11-11,Customer Receipt,SI101963,20097.95
BT703218,2025-11-11,Customer Receipt,SI103579,22564.93
BT705019,2025-11-11,Vendor Payment,VI200574,-2646.05
BT703538,2025-11-11,Customer Receipt,SI103928,3332.09
BT700236,2025-11-11,Customer Receipt,SI100262,20460.16
BT701342,2025-11-11,Customer Receipt,SI101486,6280.99
BT700133,2025-11-11,Customer Receipt,SI100148,1878.09
BT700055,2025-11-11,Customer Receipt,SI100060,3091.25
BT705219,2025-11-11,Vendor Payment,VI200799,-3113.29
BT704323,2025-11-12,Customer Receipt,SI104803,25367.11
BT704434,2025-11-12,Customer Receipt,SI104926,30811.62
BT703766,2025-11-12,Customer Receipt,SI104188,8647.18
BT702577,2025-11-12,Customer Receipt,SI102871,1723.01
BT705730,2025-11-12,Vendor Payment,VI201370,-1480.99
BT704190,2025-11-12,Customer Receipt,SI104650,17150.36
BT700089,2025-11-12,Customer Receipt,SI100102,746.64
BT705948,2025-11-12,Vendor Payment,VI201610,-5385.3
BT703012,2025-11-12,Customer Receipt,SI103350,7786.0
BT704737,2025-11-12,Vendor Payment,VI200262,-2905.54
BT701806,2025-11-12,Customer Receipt,SI102008,33461.67
BT700356,2025-11-12,Customer Receipt,SI100394,2036.58
BT701690,2025-11-12,Customer Receipt,SI101874,20096.89
BT701002,2025-11-12,Customer Receipt,SI101112,19720.34
BT702342,2025-11-12,Customer Receipt,SI102614,11168.43
BT701546,2025-11-12,Customer Receipt,SI101707,21150.56
BT700191,2025-11-13,Customer Receipt,SI100214,20753.32
BT700455,2025-11-13,Customer Receipt,SI100507,926.64
BT704962,2025-11-13,Vendor Payment,VI200510,-2412.83
BT705871,2025-11-13,Vendor Payment,VI201524,-7928.85
BT706202,2025-11-13,Vendor Payment,VI201894,-1291.39
BT704254,2025-11-13,Customer Receipt,SI104720,6457.53
BT704833,2025-11-13,Vendor Payment,VI200367,-2622.5
BT705133,2025-11-13,Vendor Payment,VI200702,-786.0
BT705416,2025-11-13,Vendor Payment,VI201023,-2340.45
BT701751,2025-11-13,Customer Receipt,SI101945,4468.72
BT703516,2025-11-13,Customer Receipt,SI103902,2677.29
BT703944,2025-11-13,Customer Receipt,SI104383,8543.93
BT704341,2025-11-14,Customer Receipt,SI104822,15729.15
BT704961,2025-11-14,Vendor Payment,VI200509,-10183.71
BT703059,2025-11-14,Customer Receipt,SI103401,1801.28
BT704623,2025-11-14,Vendor Payment,VI200134,-2510.17
BT701191,2025-11-14,Customer Receipt,SI101323,8145.86
BT704181,2025-11-14,Customer Receipt,SI104638,3900.74
BT704580,2025-11-14,Vendor Payment,VI200084,-4441.78
BT701225,2025-11-14,Customer Receipt,SI101360,5947.28
BT701856,2025-11-14,Customer Receipt,SI102060,1762.12
BT702076,2025-11-14,Customer Receipt,SI102309,8195.99
BT701756,2025-11-14,Customer Receipt,SI101951,1396.05
BT702860,2025-11-14,Customer Receipt,SI103185,11564.4
BT700283,2025-11-14,Customer Receipt,SI100315,4897.63
BT706455,2025-11-14,Vendor Payment,VI202172,-2314.33
BT700851,2025-11-14,Customer Receipt,SI100949,2990.19
BT702156,2025-11-14,Customer Receipt,SI102406,1856.27
BT700424,2025-11-15,Customer Receipt,SI100472,25949.67
BT701776,2025-11-15,Customer Receipt,SI101975,3242.94
BT700183,2025-11-15,Customer Receipt,SI100206,8201.82
BT706026,2025-11-15,Vendor Payment,VI201694,-6728.93
BT703657,2025-11-15,Customer Receipt,SI104061,1622.23
BT701556,2025-11-16,Customer Receipt,SI101719,17694.75
BT701796,2025-11-16,Customer Receipt,SI101997,6490.34
BT706161,2025-11-16,Vendor Payment,VI201848,-2918.67
BT703236,2025-11-16,Customer Receipt,SI103598,5264.33
BT701547,2025-11-16,Customer Receipt,SI101708,14541.06
BT704921,2025-11-16,Vendor Payment,VI200461,-7833.45
BT700256,2025-11-16,Customer Receipt,SI100284,6836.92
BT700253,2025-11-16,Customer Receipt,SI100281,20753.32
BT701671,2025-11-16,Customer Receipt,SI101853,2847.98
BT700896,2025-11-17,Customer Receipt,SI100997,8272.22
BT703269,2025-11-17,Customer Receipt,SI103634,6349.48
BT704268,2025-11-17,Customer Receipt,SI104737,8647.74
BT704426,2025-11-17,Customer Receipt,SI104918,3228.77
BT705085,2025-11-17,Vendor Payment,VI200649,-2727.59
BT701339,2025-11-17,Customer Receipt,SI101483,14905.65
BT701043,2025-11-17,Customer Receipt,SI101157,7270.53
BT704744,2025-11-17,Vendor Payment,VI200271,-2915.62
BT701611,2025-11-17,Customer Receipt,SI101780,13386.46
BT701869,2025-11-17,Customer Receipt,SI102073,3006.92
BT700137,2025-11-17,Customer Receipt,SI100153,22231.66
BT705109,2025-11-18,Vendor Payment,VI200678,-2331.9
BT702696,2025-11-18,Customer Receipt,SI103002,3899.5
BT701564,2025-11-18,Customer Receipt,SI101730,18210.76
BT705769,2025-11-18,Vendor Payment,VI201413,-3350.18
BT705263,2025-11-18,Vendor Payment,VI200846,-2783.84
BT701044,2025-11-18,Customer Receipt,SI101159,2976.12
BT703253,2025-11-18,Customer Receipt,SI103616,5187.06
BT702493,2025-11-18,Customer Receipt,SI102780,1965.51
BT702981,2025-11-18,Customer Receipt,SI103315,27468.13
BT702189,2025-11-18,Customer Receipt,SI102441,2413.31
BT702326,2025-11-18,Customer Receipt,SI102597,6836.92
BT703155,2025-11-18,Customer Receipt,SI103509,3724.88
BT700147,2025-11-18,Customer Receipt,SI100164,7938.63
BT703387,2025-11-18,Customer Receipt,SI103765,5853.38
BT703488,2025-11-18,Customer Receipt,SI103874,15235.96
BT703535,2025-11-19,Customer Receipt,SI103925,16706.47
BT705848,2025-11-19,Vendor Payment,VI201500,-4582.73
BT701634,2025-11-19,Customer Receipt,SI101808,4166.06
BT701430,2025-11-19,Customer Receipt,SI101581,5547.32
BT703194,2025-11-19,Customer Receipt,SI103551,2761.26
BT702949,2025-11-19,Customer Receipt,SI103278,9756.94
BT700405,2025-11-19,Customer Receipt,SI100452,19590.29
BT701925,2025-11-19,Customer Receipt,SI102139,8568.42
BT701670,2025-11-20,Customer Receipt,SI101852,31690.56
BT702866,2025-11-20,Customer Receipt,SI103191,18210.76
BT701668,2025-11-20,Customer Receipt,SI101849,2599.67
BT700997,2025-11-20,Customer Receipt,SI101105,21469.53
BT701831,2025-11-20,Customer Receipt,SI102033,7757.68
BT701492,2025-11-20,Customer Receipt,SI101650,12352.36
BT705103,2025-11-20,Vendor Payment,VI200671,-4087.07
BT706288,2025-11-20,Vendor Payment,VI201986,-1506.5
BT705575,2025-11-20,Vendor Payment,VI201199,-2878.3
BT705766,2025-11-20,Vendor Payment,VI201410,-2682.54
BT704284,2025-11-20,Customer Receipt,SI104754,3392.13
BT700366,2025-11-20,Customer Receipt,SI100406,2016.9
BT704888,2025-11-21,Vendor Payment,VI200427,-1658.39
BT700491,2025-11-21,Customer Receipt,SI100546,25550.77
BT701630,2025-11-21,Customer Receipt,SI101803,11796.62
BT706034,2025-11-21,Vendor Payment,VI201704,-3045.43
BT703755,2025-11-21,Customer Receipt,SI104175,4961.59
BT705650,2025-11-21,Vendor Payment,VI201285,-4073.99
BT702281,2025-11-21,Customer Receipt,SI102547,15863.36
BT701857,2025-11-21,Customer Receipt,SI102061,13165.01
BT700831,2025-11-21,Customer Receipt,SI100927,2976.96
BT703356,2025-11-22,Customer Receipt,SI103731,4929.23
BT702716,2025-11-22,Customer Receipt,SI103022,1351.86
BT704405,2025-11-22,Customer Receipt,SI104893,2123.06
BT706017,2025-11-22,Vendor Payment,VI201684,-1975.55
BT701535,2025-11-22,Customer Receipt,SI101695,4163.1
BT702649,2025-11-22,Customer Receipt,SI102950,2184.82
BT701444,2025-11-22,Customer Receipt,SI101598,17038.33
BT701494,2025-11-22,Customer Receipt,SI101652,38514.52
BT702766,2025-11-22,Customer Receipt,SI103075,10381.33
BT706046,2025-11-22,Vendor Payment,VI201716,-5916.04
BT701166,2025-11-22,Customer Receipt,SI101297,16426.64
BT703219,2025-11-22,Customer Receipt,SI103580,21418.33
BT700206,2025-11-22,Customer Receipt,SI100230,1690.28
BT700988,2025-11-22,Customer Receipt,SI101096,5699.52
BT704650,2025-11-23,Vendor Payment,VI200162,-4032.19
BT700116,2025-11-23,Customer Receipt,SI100129,8985.67
BT704837,2025-11-23,Vendor Payment,VI200372,-1788.23
BT704483,2025-11-23,Customer Receipt,SI104978,7784.56
BT705859,2025-11-23,Vendor Payment,VI201511,-2301.39
BT706184,2025-11-23,Vendor Payment,VI201874,-3436.88
BT701190,2025-11-23,Customer Receipt,SI101322,23931.12
BT701471,2025-11-23,Customer Receipt,SI101626,4392.36
BT705368,2025-11-23,Vendor Payment,VI200967,-4745.6
BT700875,2025-11-23,Customer Receipt,SI100974,2298.16
BT701922,2025-11-23,Customer Receipt,SI102136,8082.9
BT705708,2025-11-23,Vendor Payment,VI201347,-1011.35
BT705236,2025-11-23,Vendor Payment,VI200817,-7340.38
BT701433,2025-11-23,Customer Receipt,SI101585,11735.01
BT705658,2025-11-23,Vendor Payment,VI201295,-1439.61
BT704940,2025-11-23,Vendor Payment,VI200483,-3939.61
BT704724,2025-11-23,Vendor Payment,VI200249,-5635.02
BT700621,2025-11-23,Customer Receipt,SI100691,1840.53
BT700575,2025-11-23,Customer Receipt,SI100642,2268.08
BT704564,2025-11-24,Vendor Payment,VI200067,-7642.68
BT702174,2025-11-24,Customer Receipt,SI102425,17150.36
BT705724,2025-11-24,Vendor Payment,VI201364,-2978.66
BT703444,2025-11-24,Customer Receipt,SI103827,5325.45
BT700160,2025-11-24,Customer Receipt,SI100180,31731.93
BT705150,2025-11-24,Vendor Payment,VI200721,-2125.76
BT705604,2025-11-24,Vendor Payment,VI201231,-3224.2
BT704923,2025-11-24,Vendor Payment,VI200463,-3231.68
BT701761,2025-11-24,Customer Receipt,SI101957,723.79
BT703975,2025-11-24,Customer Receipt,SI104418,16385.18
BT701483,2025-11-24,Customer Receipt,SI101639,385.39
BT705233,2025-11-24,Vendor Payment,VI200814,-1910.98
BT704621,2025-11-24,Vendor Payment,VI200132,-3482.05
BT703927,2025-11-24,Customer Receipt,SI104365,19187.52
BT700184,2025-11-24,Customer Receipt,SI100207,7964.02
BT705817,2025-11-24,Vendor Payment,VI201465,-3787.18
BT706325,2025-11-24,Vendor Payment,VI202026,-3006.27
BT704415,2025-11-24,Customer Receipt,SI104904,7393.84
BT706067,2025-11-24,Vendor Payment,VI201742,-1458.76
BT705732,2025-11-25,Vendor Payment,VI201372,-699.51
BT705460,2025-11-25,Vendor Payment,VI201073,-5173.68
BT703633,2025-11-25,Customer Receipt,SI104036,6431.68
BT700860,2025-11-25,Customer Receipt,SI100959,1747.65
BT700750,2025-11-25,Customer Receipt,SI100833,29780.95
BT706340,2025-11-25,Vendor Payment,VI202043,-3294.77
BT703326,2025-11-25,Customer Receipt,SI103696,19187.52
BT701649,2025-11-25,Customer Receipt,SI101827,19245.42
BT702753,2025-11-25,Customer Receipt,SI103061,7836.84
BT705340,2025-11-25,Vendor Payment,VI200935,-3071.07
BT702315,2025-11-25,Customer Receipt,SI102584,5134.67
BT701457,2025-11-25,Customer Receipt,SI101612,1475.96
BT701262,2025-11-25,Customer Receipt,SI101402,3617.82
BT703655,2025-11-26,Customer Receipt,SI104058,1873.65
BT702876,2025-11-26,Customer Receipt,SI103201,19462.25
BT704760,2025-11-26,Vendor Payment,VI200289,-2974.98
BT700299,2025-11-26,Customer Receipt,SI100335,7062.41
BT701897,2025-11-26,Customer Receipt,SI102105,3759.12
BT700168,2025-11-26,Customer Receipt,SI100188,5525.91
BT705402,2025-11-26,Vendor Payment,VI201006,-6968.41
BT704118,2025-11-26,Customer Receipt,SI104572,17295.47
BT704145,2025-11-26,Customer Receipt,SI104601,6335.42
BT705221,2025-11-26,Vendor Payment,VI200801,-6919.01
BT706138,2025-11-26,Vendor Payment,VI201824,-1604.59
BT703491,2025-11-26,Customer Receipt,SI103877,9224.8
BT704377,2025-11-26,Customer Receipt,SI104861,23207.76
BT702437,2025-11-27,Customer Receipt,SI102719,4267.49
BT701746,2025-11-27,Customer Receipt,SI101940,23413.83
BT701572,2025-11-27,Customer Receipt,SI101739,9231.26
BT700315,2025-11-27,Customer Receipt,SI100351,29935.26
BT703032,2025-11-27,Customer Receipt,SI103373,3538.44
BT702022,2025-11-27,Customer Receipt,SI102250,10314.56
BT705469,2025-11-27,Vendor Payment,VI201083,-2547.22
BT700252,2025-11-27,Customer Receipt,SI100280,3041.97
BT700775,2025-11-27,Customer Receipt,SI100863,9357.04
BT704293,2025-11-27,Customer Receipt,SI104765,2443.83
BT700772,2025-11-27,Customer Receipt,SI100860,13022.69
BT704294,2025-11-27,Customer Receipt,SI104766,2256.06
BT700735,2025-11-27,Customer Receipt,SI100817,16448.14
BT706564,2025-11-28,Operating Expense,EX400086,-65889.93
BT702942,2025-11-28,Customer Receipt,SI103270,1235.52
BT701212,2025-11-28,Customer Receipt,SI101346,8401.38
BT706561,2025-11-28,Operating Expense,EX400083,-62611.97
BT706649,2025-11-28,Payroll,PR500011,-866667.98
BT706559,2025-11-28,Operating Expense,EX400081,-870615.64
BT706562,2025-11-28,Operating Expense,EX400084,-148129.04
BT701194,2025-11-28,Customer Receipt,SI101327,1537.59
BT700482,2025-11-28,Customer Receipt,SI100537,6578.46
BT706566,2025-11-28,Operating Expense,EX400088,-95848.51
BT706563,2025-11-28,Operating Expense,EX400085,-100791.32
BT705032,2025-11-28,Vendor Payment,VI200589,-4105.59
BT701803,2025-11-28,Customer Receipt,SI102004,1475.96
BT704151,2025-11-28,Customer Receipt,SI104607,1183.34
BT700986,2025-11-28,Customer Receipt,SI101094,12943.76
BT706565,2025-11-28,Operating Expense,EX400087,-46287.8
BT703005,2025-11-28,Customer Receipt,SI103340,2233.37
BT700215,2025-11-28,Customer Receipt,SI100240,8738.24
BT701088,2025-11-28,Customer Receipt,SI101207,450.02
BT706267,2025-11-28,Vendor Payment,VI201963,-1018.01
BT706560,2025-11-28,Operating Expense,EX400082,-184428.72
BT700834,2025-11-28,Customer Receipt,SI100931,916.66
BT705301,2025-11-29,Vendor Payment,VI200889,-4652.45
BT706375,2025-11-29,Vendor Payment,VI202081,-912.97
BT705992,2025-11-29,Vendor Payment,VI201657,-3609.7
BT706177,2025-11-29,Vendor Payment,VI201867,-12160.7
BT703796,2025-11-29,Customer Receipt,SI104220,33262.54
BT703912,2025-11-29,Customer Receipt,SI104349,27072.97
BT702789,2025-11-29,Customer Receipt,SI103101,2268.19
BT700766,2025-11-29,Customer Receipt,SI100852,23758.14
BT701808,2025-11-29,Customer Receipt,SI102010,11838.81
BT704615,2025-11-29,Vendor Payment,VI200124,-5110.85
BT703319,2025-11-29,Customer Receipt,SI103688,4654.61
BT700987,2025-11-29,Customer Receipt,SI101095,20754.91
BT702691,2025-11-29,Customer Receipt,SI102997,6490.34
BT705017,2025-11-29,Vendor Payment,VI200571,-3354.56
BT701656,2025-11-29,Customer Receipt,SI101837,11559.49
BT703881,2025-11-29,Customer Receipt,SI104314,2322.14
BT700409,2025-11-29,Customer Receipt,SI100456,6918.3
BT703948,2025-11-29,Customer Receipt,SI104388,7058.92
BT700929,2025-11-29,Customer Receipt,SI101033,11903.47
BT706203,2025-11-29,Vendor Payment,VI201895,-4625.66
BT703452,2025-11-29,Customer Receipt,SI103836,11912.2
BT700785,2025-11-29,Customer Receipt,SI100875,25147.35
BT700450,2025-11-29,Customer Receipt,SI100500,2680.88
BT703738,2025-11-30,Customer Receipt,SI104155,9547.02
BT704228,2025-11-30,Customer Receipt,SI104693,14580.78
BT700685,2025-11-30,Customer Receipt,SI100764,20155.07
BT704336,2025-11-30,Customer Receipt,SI104816,3458.39
BT700706,2025-11-30,Customer Receipt,SI100786,9225.52
BT704276,2025-11-30,Customer Receipt,SI104745,6422.61
BT701385,2025-11-30,Customer Receipt,SI101533,25441.67
BT705954,2025-11-30,Vendor Payment,VI201616,-910.73
BT700954,2025-11-30,Customer Receipt,SI101060,2576.24
BT702874,2025-11-30,Customer Receipt,SI103199,12596.92
BT701735,2025-12-01,Customer Receipt,SI101929,6077.74
BT704782,2025-12-01,Vendor Payment,VI200312,-2220.39
BT704645,2025-12-01,Vendor Payment,VI200157,-2751.38
BT701138,2025-12-01,Customer Receipt,SI101265,12993.92
BT702147,2025-12-01,Customer Receipt,SI102394,15275.24
BT706683,2025-12-01,Loan Payment,LP600025,-164880.03
BT705114,2025-12-01,Vendor Payment,VI200683,-7577.2
BT701377,2025-12-01,Customer Receipt,SI101524,31967.1
BT702157,2025-12-01,Customer Receipt,SI102407,22464.14
BT706669,2025-12-01,Loan Payment,LP600011,-204827.04
BT700798,2025-12-01,Customer Receipt,SI100888,3661.45
BT700810,2025-12-01,Customer Receipt,SI100903,21907.68
BT700745,2025-12-01,Customer Receipt,SI100828,1513.51
BT704664,2025-12-01,Vendor Payment,VI200180,-3879.17
BT700103,2025-12-01,Customer Receipt,SI100116,21845.6
BT702514,2025-12-01,Customer Receipt,SI102802,5682.39
BT705502,2025-12-01,Vendor Payment,VI201121,-2727.38
BT700587,2025-12-02,Customer Receipt,SI100655,4165.11
BT702965,2025-12-02,Customer Receipt,SI103297,2711.83
BT700377,2025-12-02,Customer Receipt,SI100420,11862.62
BT703097,2025-12-02,Customer Receipt,SI103444,27264.35
BT703603,2025-12-02,Customer Receipt,SI104002,7303.16
BT702730,2025-12-02,Customer Receipt,SI103037,14778.14
BT705649,2025-12-02,Vendor Payment,VI201284,-3387.99
BT700874,2025-12-03,Customer Receipt,SI100973,11113.99
BT700005,2025-12-03,Customer Receipt,SI100005,6075.42
BT705534,2025-12-03,Vendor Payment,VI201154,-2472.37
BT700713,2025-12-03,Customer Receipt,SI100793,16142.71
BT705796,2025-12-03,Vendor Payment,VI201443,-4425.04
BT705188,2025-12-03,Vendor Payment,VI200764,-2683.91
BT701201,2025-12-03,Customer Receipt,SI101334,9212.58
BT700078,2025-12-03,Customer Receipt,SI100090,13993.06
BT700091,2025-12-03,Customer Receipt,SI100104,23335.78
BT701404,2025-12-03,Customer Receipt,SI101553,12033.29
BT704581,2025-12-03,Vendor Payment,VI200085,-3863.34
BT704156,2025-12-03,Customer Receipt,SI104612,11199.21
BT702439,2025-12-03,Customer Receipt,SI102722,8663.85
BT704423,2025-12-03,Customer Receipt,SI104914,5236.97
BT705956,2025-12-04,Vendor Payment,VI201619,-1525.61
BT705784,2025-12-04,Vendor Payment,VI201430,-3591.97
BT702464,2025-12-04,Customer Receipt,SI102750,20812.3
BT705915,2025-12-04,Vendor Payment,VI201574,-2300.72
BT704191,2025-12-04,Customer Receipt,SI104652,13368.06
BT700616,2025-12-04,Customer Receipt,SI100686,1076.82
BT701120,2025-12-04,Customer Receipt,SI101243,6350.9
BT701287,2025-12-04,Customer Receipt,SI101427,5097.9
BT700920,2025-12-04,Customer Receipt,SI101024,11377.17
BT702400,2025-12-04,Customer Receipt,SI102682,2976.44
BT704534,2025-12-04,Vendor Payment,VI200032,-2988.59
BT702339,2025-12-04,Customer Receipt,SI102611,8627.36
BT701336,2025-12-04,Customer Receipt,SI101479,9767.03
BT703647,2025-12-05,Customer Receipt,SI104050,7987.25
BT705302,2025-12-05,Vendor Payment,VI200890,-7664.36
BT702950,2025-12-05,Customer Receipt,SI103279,2519.38
BT705828,2025-12-05,Vendor Payment,VI201477,-6415.48
BT704410,2025-12-05,Customer Receipt,SI104898,1849.81
BT704000,2025-12-05,Customer Receipt,SI104445,722.13
BT701374,2025-12-05,Customer Receipt,SI101520,21586.87
BT703338,2025-12-05,Customer Receipt,SI103710,16642.24
BT706215,2025-12-05,Vendor Payment,VI201910,-12277.21
BT704005,2025-12-05,Customer Receipt,SI104451,6968.39
BT702650,2025-12-06,Customer Receipt,SI102951,1443.87
BT705674,2025-12-06,Vendor Payment,VI201311,-5086.64
BT702165,2025-12-06,Customer Receipt,SI102415,737.98
BT704475,2025-12-06,Customer Receipt,SI104969,20180.66
BT703301,2025-12-06,Customer Receipt,SI103668,13841.35
BT700666,2025-12-06,Customer Receipt,SI100741,35692.56
BT704755,2025-12-07,Vendor Payment,VI200284,-5931.93
BT702936,2025-12-07,Customer Receipt,SI103264,1658.28
BT701155,2025-12-07,Customer Receipt,SI101285,28869.28
BT702379,2025-12-07,Customer Receipt,SI102659,426.33
BT701512,2025-12-07,Customer Receipt,SI101672,1916.81
BT706019,2025-12-07,Vendor Payment,VI201687,-3840.69
BT702188,2025-12-07,Customer Receipt,SI102440,2601.54
BT703277,2025-12-07,Customer Receipt,SI103643,37675.48
BT703290,2025-12-08,Customer Receipt,SI103657,1219.01
BT700445,2025-12-08,Customer Receipt,SI100494,2399.92
BT702124,2025-12-08,Customer Receipt,SI102367,8610.04
BT705100,2025-12-08,Vendor Payment,VI200667,-6867.41
BT701384,2025-12-08,Customer Receipt,SI101532,3712.55
BT700765,2025-12-08,Customer Receipt,SI100851,35516.82
BT700715,2025-12-08,Customer Receipt,SI100795,30051.23
BT704989,2025-12-08,Vendor Payment,VI200538,-2201.35
BT704383,2025-12-08,Customer Receipt,SI104868,2266.59
BT703099,2025-12-08,Customer Receipt,SI103447,5187.59
BT700277,2025-12-09,Customer Receipt,SI100308,15041.61
BT703188,2025-12-09,Customer Receipt,SI103545,34681.71
BT706169,2025-12-09,Vendor Payment,VI201857,-2700.28
BT701255,2025-12-09,Customer Receipt,SI101394,3173.19
BT706417,2025-12-09,Vendor Payment,VI202129,-1728.12
BT701341,2025-12-09,Customer Receipt,SI101485,4257.67
BT701343,2025-12-09,Customer Receipt,SI101487,2190.0
BT704736,2025-12-09,Vendor Payment,VI200261,-2527.65
BT701868,2025-12-09,Customer Receipt,SI102072,14527.37
BT704305,2025-12-10,Customer Receipt,SI104780,8444.07
BT700711,2025-12-10,Customer Receipt,SI100791,7735.92
BT700507,2025-12-10,Customer Receipt,SI100562,1095.0
BT703002,2025-12-10,Customer Receipt,SI103337,197.22
BT706124,2025-12-10,Vendor Payment,VI201806,-2905.71
BT705028,2025-12-10,Vendor Payment,VI200584,-1168.36
BT700527,2025-12-10,Customer Receipt,SI100587,11818.21
BT704805,2025-12-10,Vendor Payment,VI200338,-3339.86
BT705565,2025-12-10,Vendor Payment,VI201188,-2594.89
BT701851,2025-12-10,Customer Receipt,SI102053,547.5
BT704220,2025-12-10,Customer Receipt,SI104684,9070.68
BT702127,2025-12-10,Customer Receipt,SI102371,17251.25
BT702578,2025-12-10,Customer Receipt,SI102872,9006.39
BT703468,2025-12-10,Customer Receipt,SI103854,9830.52
BT702343,2025-12-10,Customer Receipt,SI102617,2360.23
BT703908,2025-12-10,Customer Receipt,SI104345,10784.2
BT703830,2025-12-10,Customer Receipt,SI104260,9608.72
BT704062,2025-12-10,Customer Receipt,SI104512,4804.36
BT703402,2025-12-11,Customer Receipt,SI103780,2095.5
BT703490,2025-12-11,Customer Receipt,SI103876,15209.85
BT705235,2025-12-11,Vendor Payment,VI200816,-4242.9
BT700467,2025-12-11,Customer Receipt,SI100521,12644.4
BT702102,2025-12-11,Customer Receipt,SI102342,8249.91
BT700657,2025-12-11,Customer Receipt,SI100732,21651.96
BT703192,2025-12-11,Customer Receipt,SI103549,14315.51
BT700219,2025-12-11,Customer Receipt,SI100244,10825.98
BT700048,2025-12-11,Customer Receipt,SI100053,5334.3
BT704353,2025-12-11,Customer Receipt,SI104835,322.46
BT705684,2025-12-11,Vendor Payment,VI201322,-2419.92
BT700813,2025-12-11,Customer Receipt,SI100906,20619.26
BT703324,2025-12-12,Customer Receipt,SI103694,707.69
BT703919,2025-12-12,Customer Receipt,SI104356,1405.22
BT705900,2025-12-12,Vendor Payment,VI201556,-5145.06
BT700650,2025-12-12,Customer Receipt,SI100724,15041.23
BT705539,2025-12-12,Vendor Payment,VI201159,-2548.12
BT705387,2025-12-12,Vendor Payment,VI200987,-2406.73
BT701001,2025-12-12,Customer Receipt,SI101111,9278.68
BT702344,2025-12-12,Customer Receipt,SI102619,30471.92
BT704823,2025-12-12,Vendor Payment,VI200357,-1913.31
BT704783,2025-12-13,Vendor Payment,VI200313,-2308.62
BT706053,2025-12-13,Vendor Payment,VI201724,-2584.73
BT705731,2025-12-13,Vendor Payment,VI201371,-4567.43
BT704542,2025-12-13,Vendor Payment,VI200041,-3510.46
BT706183,2025-12-13,Vendor Payment,VI201873,-3804.25
BT703241,2025-12-13,Customer Receipt,SI103603,17060.32
BT706363,2025-12-13,Vendor Payment,VI202068,-2740.03
BT701071,2025-12-13,Customer Receipt,SI101188,14901.3
BT702571,2025-12-13,Customer Receipt,SI102865,4103.93
BT702444,2025-12-13,Customer Receipt,SI102727,671.08
BT706435,2025-12-14,Vendor Payment,VI202150,-5384.71
BT700712,2025-12-14,Customer Receipt,SI100792,4812.9
BT703120,2025-12-14,Customer Receipt,SI103471,5525.01
BT705561,2025-12-14,Vendor Payment,VI201183,-1725.37
BT700396,2025-12-14,Customer Receipt,SI100442,2208.04
BT704258,2025-12-14,Customer Receipt,SI104725,1775.02
BT703162,2025-12-14,Customer Receipt,SI103517,21003.45
BT705938,2025-12-14,Vendor Payment,VI201599,-3340.05
BT702431,2025-12-14,Customer Receipt,SI102713,14289.53
BT704109,2025-12-14,Customer Receipt,SI104563,18088.16
BT702380,2025-12-14,Customer Receipt,SI102660,8642.88
BT706456,2025-12-14,Vendor Payment,VI202174,-8541.56
BT701862,2025-12-14,Customer Receipt,SI102066,1725.71
BT703293,2025-12-14,Customer Receipt,SI103660,6557.99
BT705214,2025-12-14,Vendor Payment,VI200792,-2644.94
BT700361,2025-12-14,Customer Receipt,SI100400,10577.31
BT701616,2025-12-14,Customer Receipt,SI101785,9738.44
BT702383,2025-12-14,Customer Receipt,SI102663,7367.88
BT700679,2025-12-14,Customer Receipt,SI100756,7440.06
BT702812,2025-12-15,Customer Receipt,SI103129,7157.75
BT705331,2025-12-15,Vendor Payment,VI200923,-1564.85
BT701045,2025-12-15,Customer Receipt,SI101160,23030.61
BT704064,2025-12-15,Customer Receipt,SI104514,1328.72
BT701839,2025-12-15,Customer Receipt,SI102041,25660.56
BT705151,2025-12-15,Vendor Payment,VI200723,-5216.55
BT701548,2025-12-16,Customer Receipt,SI101709,5525.01
BT703021,2025-12-16,Customer Receipt,SI103359,6291.66
BT706115,2025-12-16,Vendor Payment,VI201794,-897.48
BT702047,2025-12-16,Customer Receipt,SI102276,4257.67
BT703140,2025-12-16,Customer Receipt,SI103494,23207.76
BT700113,2025-12-16,Customer Receipt,SI100126,20158.57
BT704762,2025-12-16,Vendor Payment,VI200291,-1597.99
BT700037,2025-12-16,Customer Receipt,SI100038,6499.17
BT706387,2025-12-16,Vendor Payment,VI202093,-3355.1
BT704932,2025-12-16,Vendor Payment,VI200475,-3449.33
BT705332,2025-12-16,Vendor Payment,VI200924,-1111.34
BT700680,2025-12-16,Customer Receipt,SI100757,1904.85
BT702299,2025-12-16,Customer Receipt,SI102565,3727.7
BT704897,2025-12-16,Vendor Payment,VI200436,-12197.26
BT706123,2025-12-17,Vendor Payment,VI201805,-2182.62
BT705246,2025-12-17,Vendor Payment,VI200827,-3109.34
BT705131,2025-12-17,Vendor Payment,VI200700,-1836.2
BT701644,2025-12-17,Customer Receipt,SI101821,2158.11
BT700126,2025-12-17,Customer Receipt,SI100140,4257.67
BT700780,2025-12-17,Customer Receipt,SI100868,6322.2
BT703667,2025-12-17,Customer Receipt,SI104071,342.85
BT704899,2025-12-17,Vendor Payment,VI200438,-2536.84
BT703900,2025-12-17,Customer Receipt,SI104336,5058.43
BT705910,2025-12-17,Vendor Payment,VI201569,-2155.18
BT703363,2025-12-17,Customer Receipt,SI103738,2504.12
BT701372,2025-12-17,Customer Receipt,SI101518,5953.91
BT700121,2025-12-17,Customer Receipt,SI100135,28554.05
BT703285,2025-12-17,Customer Receipt,SI103652,9305.63
BT701300,2025-12-18,Customer Receipt,SI101441,5697.32
BT700630,2025-12-18,Customer Receipt,SI100702,1099.38
BT703800,2025-12-18,Customer Receipt,SI104225,6854.74
BT700475,2025-12-18,Customer Receipt,SI100530,16631.27
BT702130,2025-12-18,Customer Receipt,SI102375,9245.54
BT706048,2025-12-18,Vendor Payment,VI201718,-4674.65
BT702901,2025-12-18,Customer Receipt,SI103227,2762.95
BT706392,2025-12-18,Vendor Payment,VI202099,-8067.36
BT705608,2025-12-18,Vendor Payment,VI201235,-14128.24
BT705772,2025-12-18,Vendor Payment,VI201416,-1994.57
BT700476,2025-12-19,Customer Receipt,SI100531,7217.32
BT705563,2025-12-19,Vendor Payment,VI201186,-2370.03
BT704576,2025-12-19,Vendor Payment,VI200080,-2136.08
BT703858,2025-12-19,Customer Receipt,SI104288,28351.48
BT702885,2025-12-19,Customer Receipt,SI103211,3724.88
BT705984,2025-12-19,Vendor Payment,VI201647,-8171.06
BT700509,2025-12-19,Customer Receipt,SI100565,6724.0
BT700774,2025-12-19,Customer Receipt,SI100862,5947.28
BT705264,2025-12-19,Vendor Payment,VI200847,-3090.54
BT703425,2025-12-20,Customer Receipt,SI103806,1333.0
BT703134,2025-12-20,Customer Receipt,SI103488,33600.8
BT700888,2025-12-20,Customer Receipt,SI100989,12146.4
BT700199,2025-12-20,Customer Receipt,SI100222,3455.69
BT704934,2025-12-20,Vendor Payment,VI200477,-1579.52
BT700844,2025-12-20,Customer Receipt,SI100941,8270.06
BT705228,2025-12-20,Vendor Payment,VI200809,-6936.48
BT702508,2025-12-20,Customer Receipt,SI102796,10829.81
BT705112,2025-12-20,Vendor Payment,VI200681,-2888.53
BT702239,2025-12-20,Customer Receipt,SI102497,1200.04
BT701566,2025-12-20,Customer Receipt,SI101733,13872.68
BT701943,2025-12-20,Customer Receipt,SI102157,32558.34
BT705314,2025-12-20,Vendor Payment,VI200903,-19887.14
BT705098,2025-12-20,Vendor Payment,VI200665,-1808.98
BT703347,2025-12-21,Customer Receipt,SI103721,3810.21
BT701025,2025-12-21,Customer Receipt,SI101136,26795.85
BT702513,2025-12-21,Customer Receipt,SI102801,2017.69
BT703582,2025-12-21,Customer Receipt,SI103979,7896.5
BT702387,2025-12-21,Customer Receipt,SI102668,6088.8
BT703703,2025-12-21,Customer Receipt,SI104117,12984.64
BT705855,2025-12-21,Vendor Payment,VI201507,-2428.07
BT706211,2025-12-21,Vendor Payment,VI201906,-5145.01
BT705083,2025-12-22,Vendor Payment,VI200647,-5903.55
BT700344,2025-12-22,Customer Receipt,SI100382,32212.14
BT700146,2025-12-22,Customer Receipt,SI100163,6938.64
BT705950,2025-12-22,Vendor Payment,VI201612,-2918.64
BT702330,2025-12-22,Customer Receipt,SI102601,17092.28
BT700534,2025-12-22,Customer Receipt,SI100595,35389.5
BT706197,2025-12-22,Vendor Payment,VI201888,-1833.16
BT701615,2025-12-22,Customer Receipt,SI101784,3494.7
BT704764,2025-12-22,Vendor Payment,VI200293,-6812.12
BT702243,2025-12-22,Customer Receipt,SI102502,3392.13
BT705663,2025-12-22,Vendor Payment,VI201300,-2285.27
BT704896,2025-12-22,Vendor Payment,VI200435,-1818.08
BT703378,2025-12-22,Customer Receipt,SI103755,3720.03
BT704168,2025-12-22,Customer Receipt,SI104625,19039.16
BT706142,2025-12-22,Vendor Payment,VI201828,-3929.84
BT706322,2025-12-22,Vendor Payment,VI202023,-1233.5
BT702858,2025-12-23,Customer Receipt,SI103182,6069.8
BT704589,2025-12-23,Vendor Payment,VI200094,-2371.6
BT700308,2025-12-23,Customer Receipt,SI100344,6652.51
BT702913,2025-12-23,Customer Receipt,SI103239,6052.18
BT700862,2025-12-23,Customer Receipt,SI100961,10825.98
BT702050,2025-12-23,Customer Receipt,SI102279,4930.2
BT703822,2025-12-23,Customer Receipt,SI104251,14580.78
BT700557,2025-12-24,Customer Receipt,SI100621,4552.35
BT706465,2025-12-24,Vendor Payment,VI202185,-8643.19
BT701639,2025-12-24,Customer Receipt,SI101813,15503.73
BT705093,2025-12-24,Vendor Payment,VI200657,-3063.19
BT700814,2025-12-24,Customer Receipt,SI100907,2955.67
BT704041,2025-12-24,Customer Receipt,SI104491,1331.26
BT705174,2025-12-25,Vendor Payment,VI200748,-1960.64
BT701563,2025-12-25,Customer Receipt,SI101729,1479.18
BT702645,2025-12-25,Customer Receipt,SI102946,1490.13
BT701316,2025-12-25,Customer Receipt,SI101459,13007.68
BT706158,2025-12-25,Vendor Payment,VI201845,-2324.96
BT700836,2025-12-25,Customer Receipt,SI100933,414.57
BT700365,2025-12-25,Customer Receipt,SI100405,511.52
BT706298,2025-12-25,Vendor Payment,VI201996,-3884.01
BT703715,2025-12-25,Customer Receipt,SI104129,30140.38
BT700134,2025-12-25,Customer Receipt,SI100149,16291.3
BT703758,2025-12-26,Customer Receipt,SI104178,2342.03
BT700393,2025-12-26,Customer Receipt,SI100439,3931.01
BT703592,2025-12-26,Customer Receipt,SI103989,8326.6
BT705418,2025-12-26,Vendor Payment,VI201026,-4421.53
BT700832,2025-12-26,Customer Receipt,SI100928,246.53
BT702582,2025-12-26,Customer Receipt,SI102876,17632.18
BT700802,2025-12-26,Customer Receipt,SI100894,6854.74
BT704768,2025-12-26,Vendor Payment,VI200297,-6581.92
BT706364,2025-12-27,Vendor Payment,VI202069,-1425.86
BT701632,2025-12-27,Customer Receipt,SI101806,3146.97
BT706439,2025-12-27,Vendor Payment,VI202154,-948.75
BT706413,2025-12-27,Vendor Payment,VI202124,-3752.96
BT703705,2025-12-27,Customer Receipt,SI104119,10955.75
BT702268,2025-12-27,Customer Receipt,SI102530,8852.89
BT700909,2025-12-27,Customer Receipt,SI101011,6968.39
BT705075,2025-12-27,Vendor Payment,VI200639,-3288.17
BT703810,2025-12-27,Customer Receipt,SI104236,8301.33
BT706570,2025-12-28,Operating Expense,EX400092,-159414.2
BT706567,2025-12-28,Operating Expense,EX400089,-996336.65
BT700600,2025-12-28,Customer Receipt,SI100669,8117.76
BT706650,2025-12-28,Payroll,PR500012,-830582.37
BT705587,2025-12-28,Vendor Payment,VI201212,-3187.42
BT706001,2025-12-28,Vendor Payment,VI201667,-2879.31
BT706571,2025-12-28,Operating Expense,EX400093,-92022.17
BT706569,2025-12-28,Operating Expense,EX400091,-69834.93
BT704969,2025-12-28,Vendor Payment,VI200517,-3399.46
BT703260,2025-12-28,Customer Receipt,SI103624,21811.48
BT703365,2025-12-28,Customer Receipt,SI103740,8204.31
BT706568,2025-12-28,Operating Expense,EX400090,-181077.3
BT704543,2025-12-28,Vendor Payment,VI200042,-5190.2
BT704313,2025-12-28,Customer Receipt,SI104789,25147.35
BT700878,2025-12-28,Customer Receipt,SI100978,2239.84
BT702507,2025-12-28,Customer Receipt,SI102795,16630.7
BT706056,2025-12-28,Vendor Payment,VI201727,-1808.21
BT706573,2025-12-28,Operating Expense,EX400095,-49365.17
BT706574,2025-12-28,Operating Expense,EX400096,-111283.91
BT703233,2025-12-28,Customer Receipt,SI103594,4569.73
BT706572,2025-12-28,Operating Expense,EX400094,-62747.6
BT702220,2025-12-29,Customer Receipt,SI102476,9166.57
BT701305,2025-12-29,Customer Receipt,SI101447,6448.64
BT703591,2025-12-29,Customer Receipt,SI103988,18242.86
BT700250,2025-12-29,Customer Receipt,SI100278,1583.2
BT700751,2025-12-29,Customer Receipt,SI100834,4229.01
BT703587,2025-12-29,Customer Receipt,SI103984,9728.83
BT705411,2025-12-29,Vendor Payment,VI201016,-870.93
BT704709,2025-12-29,Vendor Payment,VI200231,-2118.65
BT705220,2025-12-29,Vendor Payment,VI200800,-7674.18
BT704560,2025-12-29,Vendor Payment,VI200062,-2530.07
BT703733,2025-12-29,Customer Receipt,SI104149,5430.43
BT701587,2025-12-29,Customer Receipt,SI101755,8382.47
BT705374,2025-12-29,Vendor Payment,VI200973,-4127.77
BT702010,2025-12-29,Customer Receipt,SI102235,12887.04
BT703008,2025-12-29,Customer Receipt,SI103345,10945.72
BT703892,2025-12-30,Customer Receipt,SI104327,1517.53
BT705583,2025-12-30,Vendor Payment,VI201208,-1125.29
BT702393,2025-12-30,Customer Receipt,SI102674,14289.53
BT703257,2025-12-30,Customer Receipt,SI103621,6860.15
BT706031,2025-12-30,Vendor Payment,VI201701,-679.49
BT703845,2025-12-30,Customer Receipt,SI104275,10027.74
BT704509,2025-12-30,Vendor Payment,VI200006,-3794.99
BT701800,2025-12-30,Customer Receipt,SI102001,17658.08
BT702341,2025-12-30,Customer Receipt,SI102613,1459.95
BT705299,2025-12-30,Vendor Payment,VI200886,-5060.79
BT700747,2025-12-30,Customer Receipt,SI100830,21975.79
BT702098,2025-12-31,Customer Receipt,SI102335,2981.13
BT700572,2025-12-31,Customer Receipt,SI100639,1976.8
BT703433,2025-12-31,Customer Receipt,SI103816,6974.64
BT705812,2025-12-31,Vendor Payment,VI201460,-1613.45
BT706070,2025-12-31,Vendor Payment,VI201745,-2561.89
BT701801,2025-12-31,Customer Receipt,SI102002,15976.36
BT703041,2025-12-31,Customer Receipt,SI103383,25786.4
BT702609,2025-12-31,Customer Receipt,SI102905,2579.67
BT702449,2025-12-31,Customer Receipt,SI102733,15729.15
BT703272,2025-12-31,Customer Receipt,SI103637,30881.64
BT701991,2025-12-31,Customer Receipt,SI102214,3847.82
BT700128,2025-12-31,Customer Receipt,SI100142,631.6
BT703177,2026-01-01,Customer Receipt,SI103534,22343.61
BT700949,2026-01-01,Customer Receipt,SI101054,17621.19
BT703504,2026-01-01,Customer Receipt,SI103890,15040.54
BT704694,2026-01-01,Vendor Payment,VI200215,-1534.62
BT706684,2026-01-01,Loan Payment,LP600026,-164880.03
BT703187,2026-01-01,Customer Receipt,SI103544,5547.32
BT706692,2026-01-01,Loan Payment,LP600034,-96098.85
BT704348,2026-01-01,Customer Receipt,SI104830,1860.01
BT706670,2026-01-01,Loan Payment,LP600012,-204827.04
BT704588,2026-01-01,Vendor Payment,VI200092,-2112.95
BT702656,2026-01-01,Customer Receipt,SI102957,4274.64
BT700122,2026-01-02,Customer Receipt,SI100136,17632.18
BT701538,2026-01-02,Customer Receipt,SI101698,4535.34
BT704253,2026-01-02,Customer Receipt,SI104719,17695.65
BT700247,2026-01-02,Customer Receipt,SI100274,5797.3
BT701511,2026-01-02,Customer Receipt,SI101671,3310.39
BT704175,2026-01-02,Customer Receipt,SI104632,3122.76
BT700415,2026-01-02,Customer Receipt,SI100462,3618.93
BT701428,2026-01-02,Customer Receipt,SI101579,3585.6
BT706382,2026-01-02,Vendor Payment,VI202088,-5409.9
BT704991,2026-01-02,Vendor Payment,VI200540,-11992.28
BT703618,2026-01-03,Customer Receipt,SI104018,17252.3
BT700891,2026-01-03,Customer Receipt,SI100992,9519.58
BT701114,2026-01-03,Customer Receipt,SI101237,20815.92
BT700960,2026-01-03,Customer Receipt,SI101067,1756.94
BT704141,2026-01-03,Customer Receipt,SI104597,12177.59
BT704375,2026-01-03,Customer Receipt,SI104859,10596.48
BT703208,2026-01-03,Customer Receipt,SI103568,647.6
BT702120,2026-01-04,Customer Receipt,SI102362,12551.39
BT703424,2026-01-04,Customer Receipt,SI103805,10829.81
BT700466,2026-01-04,Customer Receipt,SI100519,7731.53
BT702606,2026-01-04,Customer Receipt,SI102902,32243.19
BT705567,2026-01-04,Vendor Payment,VI201190,-13126.82
BT706318,2026-01-04,Vendor Payment,VI202018,-4289.04
BT705988,2026-01-04,Vendor Payment,VI201653,-2732.34
BT700578,2026-01-04,Customer Receipt,SI100646,7517.3
BT700912,2026-01-04,Customer Receipt,SI101014,2057.08
BT702553,2026-01-04,Customer Receipt,SI102846,9389.78
BT702674,2026-01-04,Customer Receipt,SI102979,13668.24
BT706198,2026-01-04,Vendor Payment,VI201890,-5305.22
BT706250,2026-01-04,Vendor Payment,VI201946,-3857.98
BT702537,2026-01-04,Customer Receipt,SI102828,2499.07
BT706423,2026-01-05,Vendor Payment,VI202136,-3339.64
BT701891,2026-01-05,Customer Receipt,SI102098,9664.34
BT701640,2026-01-05,Customer Receipt,SI101815,6230.0
BT700460,2026-01-05,Customer Receipt,SI100513,9305.63
BT705464,2026-01-05,Vendor Payment,VI201077,-6397.76
BT702219,2026-01-05,Customer Receipt,SI102475,24847.15
BT704170,2026-01-05,Customer Receipt,SI104627,9300.07
BT703687,2026-01-05,Customer Receipt,SI104100,3074.65
BT702071,2026-01-05,Customer Receipt,SI102303,2546.84
BT702662,2026-01-05,Customer Receipt,SI102963,1655.19
BT705833,2026-01-05,Vendor Payment,VI201484,-3550.72
BT700688,2026-01-05,Customer Receipt,SI100767,5122.5
BT705694,2026-01-06,Vendor Payment,VI201332,-2801.73
BT703879,2026-01-06,Customer Receipt,SI104311,1316.08
BT704324,2026-01-06,Customer Receipt,SI104804,9827.53
BT700198,2026-01-06,Customer Receipt,SI100221,5491.1
BT701815,2026-01-06,Customer Receipt,SI102017,3129.93
BT705980,2026-01-06,Vendor Payment,VI201643,-3570.82
BT706030,2026-01-06,Vendor Payment,VI201700,-1688.96
BT703933,2026-01-06,Customer Receipt,SI104371,8739.29
BT705471,2026-01-06,Vendor Payment,VI201085,-3574.35
BT700033,2026-01-06,Customer Receipt,SI100033,7497.2
BT703428,2026-01-06,Customer Receipt,SI103809,4507.42
BT700651,2026-01-06,Customer Receipt,SI100725,5442.41
BT704199,2026-01-06,Customer Receipt,SI104661,450.02
BT703302,2026-01-06,Customer Receipt,SI103669,13165.01
BT704116,2026-01-06,Customer Receipt,SI104570,10982.2
BT701627,2026-01-06,Customer Receipt,SI101800,17060.32
BT704009,2026-01-06,Customer Receipt,SI104455,468.41
BT704149,2026-01-06,Customer Receipt,SI104605,8793.01
BT704705,2026-01-06,Vendor Payment,VI200227,-589.01
BT700510,2026-01-07,Customer Receipt,SI100568,2198.76
BT706186,2026-01-07,Vendor Payment,VI201876,-944.38
BT702868,2026-01-07,Customer Receipt,SI103193,2058.07
BT705086,2026-01-07,Vendor Payment,VI200650,-2120.54
BT704401,2026-01-07,Customer Receipt,SI104889,7219.35
BT703524,2026-01-07,Customer Receipt,SI103913,16211.49
BT705744,2026-01-07,Vendor Payment,VI201385,-1324.35
BT703078,2026-01-07,Customer Receipt,SI103422,1632.24
BT703926,2026-01-07,Customer Receipt,SI104364,2312.88
BT701049,2026-01-07,Customer Receipt,SI101164,15976.36
BT701608,2026-01-07,Customer Receipt,SI101777,7667.22
BT703451,2026-01-07,Customer Receipt,SI103835,7207.89
BT703775,2026-01-07,Customer Receipt,SI104198,21620.57
BT705484,2026-01-08,Vendor Payment,VI201101,-1924.7
BT703217,2026-01-08,Customer Receipt,SI103578,4041.45
BT700019,2026-01-08,Customer Receipt,SI100019,17276.27
BT703573,2026-01-08,Customer Receipt,SI103967,1544.4
BT703681,2026-01-08,Customer Receipt,SI104092,19607.39
BT702924,2026-01-08,Customer Receipt,SI103251,21586.87
BT702800,2026-01-08,Customer Receipt,SI103114,10852.24
BT701988,2026-01-08,Customer Receipt,SI102211,1910.13
BT703265,2026-01-08,Customer Receipt,SI103630,4559.92
BT702614,2026-01-08,Customer Receipt,SI102910,6033.27
BT701898,2026-01-09,Customer Receipt,SI102107,12177.59
BT703793,2026-01-09,Customer Receipt,SI104217,4281.74
BT703164,2026-01-09,Customer Receipt,SI103520,14527.37
BT704032,2026-01-09,Customer Receipt,SI104482,10829.81
BT701550,2026-01-09,Customer Receipt,SI101713,1475.48
BT704770,2026-01-09,Vendor Payment,VI200299,-2748.43
BT704641,2026-01-09,Vendor Payment,VI200153,-2423.72
BT705625,2026-01-09,Vendor Payment,VI201254,-5297.6
BT701177,2026-01-09,Customer Receipt,SI101308,5355.99
BT702827,2026-01-10,Customer Receipt,SI103149,6051.57
BT704703,2026-01-10,Vendor Payment,VI200225,-2137.41
BT701573,2026-01-10,Customer Receipt,SI101740,6487.42
BT703569,2026-01-10,Customer Receipt,SI103963,5352.56
BT700652,2026-01-10,Customer Receipt,SI100726,20905.18
BT705680,2026-01-10,Vendor Payment,VI201317,-2688.08
BT703267,2026-01-10,Customer Receipt,SI103632,3934.62
BT703470,2026-01-10,Customer Receipt,SI103856,23061.01
BT700044,2026-01-10,Customer Receipt,SI100048,3329.73
BT704750,2026-01-10,Vendor Payment,VI200279,-2755.34
BT702497,2026-01-10,Customer Receipt,SI102784,10487.82
BT706355,2026-01-10,Vendor Payment,VI202060,-1550.35
BT704312,2026-01-10,Customer Receipt,SI104788,16391.58
BT704935,2026-01-10,Vendor Payment,VI200478,-3084.18
BT705896,2026-01-11,Vendor Payment,VI201552,-2395.97
BT705815,2026-01-11,Vendor Payment,VI201463,-4644.3
BT705922,2026-01-11,Vendor Payment,VI201581,-1665.62
BT706005,2026-01-11,Vendor Payment,VI201671,-2725.01
BT704054,2026-01-11,Customer Receipt,SI104504,2976.44
BT702646,2026-01-11,Customer Receipt,SI102947,2322.8
BT700877,2026-01-11,Customer Receipt,SI100977,9408.47
BT701562,2026-01-11,Customer Receipt,SI101728,2632.16
BT703291,2026-01-11,Customer Receipt,SI103658,16854.82
BT702324,2026-01-12,Customer Receipt,SI102595,5581.16
BT706149,2026-01-12,Vendor Payment,VI201835,-5258.76
BT700566,2026-01-12,Customer Receipt,SI100632,23854.35
BT705975,2026-01-12,Vendor Payment,VI201638,-1585.86
BT702832,2026-01-12,Customer Receipt,SI103156,15080.25
BT706374,2026-01-12,Vendor Payment,VI202080,-2217.32
BT700975,2026-01-12,Customer Receipt,SI101082,19829.2
BT700486,2026-01-12,Customer Receipt,SI100541,1696.06
BT703693,2026-01-12,Customer Receipt,SI104107,13411.44
BT700179,2026-01-12,Customer Receipt,SI100202,9672.31
BT700722,2026-01-12,Customer Receipt,SI100802,14530.5
BT700454,2026-01-13,Customer Receipt,SI100505,9970.32
BT703271,2026-01-13,Customer Receipt,SI103636,3054.87
BT704610,2026-01-13,Vendor Payment,VI200117,-1334.56
BT700529,2026-01-13,Customer Receipt,SI100589,6237.52
BT701662,2026-01-13,Customer Receipt,SI101843,7988.18
BT700998,2026-01-13,Customer Receipt,SI101106,1055.34
BT705035,2026-01-13,Vendor Payment,VI200594,-3142.65
BT703437,2026-01-13,Customer Receipt,SI103820,3125.87
BT702552,2026-01-13,Customer Receipt,SI102845,11568.14
BT705444,2026-01-13,Vendor Payment,VI201056,-8102.94
BT705781,2026-01-13,Vendor Payment,VI201427,-1830.41
BT701710,2026-01-13,Customer Receipt,SI101898,31213.54
BT704481,2026-01-13,Customer Receipt,SI104975,8990.71
BT700867,2026-01-13,Customer Receipt,SI100966,19227.69
BT702060,2026-01-14,Customer Receipt,SI102289,26795.85
BT702173,2026-01-14,Customer Receipt,SI102424,4875.93
BT703086,2026-01-14,Customer Receipt,SI103430,17621.19
BT702099,2026-01-14,Customer Receipt,SI102338,1450.88
BT703696,2026-01-14,Customer Receipt,SI104110,8403.17
BT701490,2026-01-14,Customer Receipt,SI101648,2307.82
BT706140,2026-01-14,Vendor Payment,VI201826,-8388.0
BT701956,2026-01-14,Customer Receipt,SI102172,1365.71
BT702517,2026-01-14,Customer Receipt,SI102805,2057.08
BT703418,2026-01-14,Customer Receipt,SI103798,737.98
BT703826,2026-01-15,Customer Receipt,SI104255,1749.62
BT705989,2026-01-15,Vendor Payment,VI201654,-1276.71
BT702441,2026-01-15,Customer Receipt,SI102724,16343.61
BT703463,2026-01-15,Customer Receipt,SI103849,13531.14
BT700083,2026-01-15,Customer Receipt,SI100095,323.8
BT700104,2026-01-15,Customer Receipt,SI100117,37606.04
BT703910,2026-01-15,Customer Receipt,SI104347,1283.44
BT703724,2026-01-15,Customer Receipt,SI104138,6801.98
BT704624,2026-01-15,Vendor Payment,VI200135,-1853.47
BT700686,2026-01-15,Customer Receipt,SI100765,17727.32
BT701743,2026-01-16,Customer Receipt,SI101937,8493.48
BT702409,2026-01-16,Customer Receipt,SI102691,226.81
BT702628,2026-01-16,Customer Receipt,SI102927,20512.39
BT702244,2026-01-16,Customer Receipt,SI102503,3183.54
BT706347,2026-01-16,Vendor Payment,VI202050,-12272.6
BT701019,2026-01-16,Customer Receipt,SI101130,10178.74
BT706402,2026-01-16,Vendor Payment,VI202111,-6588.0
BT702987,2026-01-16,Customer Receipt,SI103321,13958.44
BT705823,2026-01-16,Vendor Payment,VI201471,-5973.68
BT701189,2026-01-16,Customer Receipt,SI101321,10161.44
BT700733,2026-01-16,Customer Receipt,SI100815,7864.58
BT703051,2026-01-16,Customer Receipt,SI103393,14682.94
BT703251,2026-01-16,Customer Receipt,SI103614,1703.07
BT704251,2026-01-16,Customer Receipt,SI104717,702.61
BT700531,2026-01-17,Customer Receipt,SI100592,2887.74
BT705121,2026-01-17,Vendor Payment,VI200690,-7865.22
BT705589,2026-01-17,Vendor Payment,VI201214,-4754.68
BT703306,2026-01-17,Customer Receipt,SI103673,9285.49
BT704818,2026-01-17,Vendor Payment,VI200351,-3314.8
BT704829,2026-01-17,Vendor Payment,VI200363,-2016.47
BT703884,2026-01-17,Customer Receipt,SI104319,468.41
BT702084,2026-01-17,Customer Receipt,SI102318,1424.88
BT700696,2026-01-17,Customer Receipt,SI100776,1801.28
BT704108,2026-01-17,Customer Receipt,SI104562,2990.57
BT703083,2026-01-17,Customer Receipt,SI103427,15196.65
BT706253,2026-01-17,Vendor Payment,VI201949,-4604.22
BT704194,2026-01-17,Customer Receipt,SI104656,2288.37
BT702329,2026-01-17,Customer Receipt,SI102600,10951.09
BT700714,2026-01-17,Customer Receipt,SI100794,2085.64
BT702579,2026-01-18,Customer Receipt,SI102873,8213.32
BT702222,2026-01-18,Customer Receipt,SI102479,1884.54
BT706345,2026-01-18,Vendor Payment,VI202048,-2297.65
BT701793,2026-01-18,Customer Receipt,SI101993,4512.48
BT700540,2026-01-18,Customer Receipt,SI100602,25260.62
BT704389,2026-01-18,Customer Receipt,SI104874,1177.07
BT705227,2026-01-18,Vendor Payment,VI200808,-3955.96
BT701170,2026-01-18,Customer Receipt,SI101301,1999.49
BT706090,2026-01-19,Vendor Payment,VI201767,-3115.61
BT705152,2026-01-19,Vendor Payment,VI200724,-5815.31
BT704021,2026-01-19,Customer Receipt,SI104468,5185.73
BT705201,2026-01-19,Vendor Payment,VI200778,-1984.06
BT701309,2026-01-19,Customer Receipt,SI101451,3875.93
BT705456,2026-01-19,Vendor Payment,VI201069,-3764.72
BT702360,2026-01-19,Customer Receipt,SI102636,13115.98
BT705329,2026-01-19,Vendor Payment,VI200921,-2692.56
BT700477,2026-01-19,Customer Receipt,SI100532,11924.52
BT705605,2026-01-19,Vendor Payment,VI201232,-3996.89
BT703842,2026-01-19,Customer Receipt,SI104272,4947.2
BT702500,2026-01-19,Customer Receipt,SI102787,19720.34
BT702240,2026-01-19,Customer Receipt,SI102499,7195.62
BT702731,2026-01-19,Customer Receipt,SI103038,15133.54
BT705672,2026-01-19,Vendor Payment,VI201309,-1432.66
BT703314,2026-01-19,Customer Receipt,SI103682,955.06
BT704127,2026-01-20,Customer Receipt,SI104582,441.61
BT705378,2026-01-20,Vendor Payment,VI200977,-4153.57
BT703498,2026-01-20,Customer Receipt,SI103884,28351.48
BT703371,2026-01-20,Customer Receipt,SI103746,3136.16
BT700190,2026-01-20,Customer Receipt,SI100213,2578.64
BT704419,2026-01-20,Customer Receipt,SI104909,412.34
BT706007,2026-01-20,Vendor Payment,VI201673,-4270.56
BT703165,2026-01-20,Customer Receipt,SI103521,18254.46
BT704662,2026-01-20,Vendor Payment,VI200178,-1396.72
BT701074,2026-01-20,Customer Receipt,SI101191,5347.22
BT700853,2026-01-20,Customer Receipt,SI100951,18792.56
BT704802,2026-01-20,Vendor Payment,VI200334,-737.36
BT704453,2026-01-20,Customer Receipt,SI104946,7786.0
BT702114,2026-01-21,Customer Receipt,SI102356,739.59
BT705044,2026-01-21,Vendor Payment,VI200605,-2981.57
BT701378,2026-01-21,Customer Receipt,SI101525,16358.11
BT701465,2026-01-21,Customer Receipt,SI101620,1513.51
BT702427,2026-01-21,Customer Receipt,SI102709,9738.44
BT702275,2026-01-21,Customer Receipt,SI102540,16780.51
BT705256,2026-01-21,Vendor Payment,VI200839,-5471.66
BT706213,2026-01-21,Vendor Payment,VI201908,-5901.5
BT700736,2026-01-21,Customer Receipt,SI100818,18251.82
BT704777,2026-01-21,Vendor Payment,VI200306,-8348.91
BT700213,2026-01-21,Customer Receipt,SI100238,646.09
BT704335,2026-01-22,Customer Receipt,SI104815,14068.57
BT705969,2026-01-22,Vendor Payment,VI201632,-5477.89
BT704211,2026-01-22,Customer Receipt,SI104675,900.03
BT701340,2026-01-22,Customer Receipt,SI101484,1841.97
BT702549,2026-01-22,Customer Receipt,SI102841,6237.52
BT700815,2026-01-22,Customer Receipt,SI100910,3798.59
BT704876,2026-01-22,Vendor Payment,VI200414,-1600.73
BT700905,2026-01-22,Customer Receipt,SI101007,10077.53
BT701472,2026-01-22,Customer Receipt,SI101627,775.77
BT700781,2026-01-22,Customer Receipt,SI100871,1088.16
BT701849,2026-01-23,Customer Receipt,SI102051,1714.23
BT701985,2026-01-23,Customer Receipt,SI102208,2128.95
BT700635,2026-01-23,Customer Receipt,SI100707,3619.96
BT700817,2026-01-23,Customer Receipt,SI100912,10468.46
BT701351,2026-01-23,Customer Receipt,SI101495,916.66
BT703327,2026-01-23,Customer Receipt,SI103697,9128.28
BT704548,2026-01-23,Vendor Payment,VI200047,-2882.89
BT703668,2026-01-23,Customer Receipt,SI104072,628.65
BT700279,2026-01-23,Customer Receipt,SI100310,1264.44
BT706107,2026-01-23,Vendor Payment,VI201784,-2303.01
BT704234,2026-01-23,Customer Receipt,SI104700,2493.63
BT705645,2026-01-23,Vendor Payment,VI201278,-2626.46
BT705764,2026-01-23,Vendor Payment,VI201408,-2056.28
BT703838,2026-01-23,Customer Receipt,SI104268,7912.95
BT706171,2026-01-23,Vendor Payment,VI201859,-7890.18
BT701620,2026-01-23,Customer Receipt,SI101789,16749.53
BT701386,2026-01-23,Customer Receipt,SI101534,992.15
BT700123,2026-01-24,Customer Receipt,SI100137,505.28
BT704851,2026-01-24,Vendor Payment,VI200387,-4402.08
BT702257,2026-01-24,Customer Receipt,SI102517,906.8
BT704971,2026-01-24,Vendor Payment,VI200520,-3815.94
BT705348,2026-01-24,Vendor Payment,VI200945,-3177.74
BT703867,2026-01-24,Customer Receipt,SI104297,4072.93
BT704775,2026-01-24,Vendor Payment,VI200304,-8544.83
BT706286,2026-01-24,Vendor Payment,VI201984,-1593.24
BT703475,2026-01-24,Customer Receipt,SI103861,27046.11
BT704763,2026-01-24,Vendor Payment,VI200292,-1535.01
BT705885,2026-01-24,Vendor Payment,VI201540,-1253.74
BT703637,2026-01-24,Customer Receipt,SI104040,1095.0
BT700710,2026-01-24,Customer Receipt,SI100790,2661.13
BT705945,2026-01-25,Vendor Payment,VI201607,-4087.39
BT701678,2026-01-25,Customer Receipt,SI101862,15332.33
BT703605,2026-01-25,Customer Receipt,SI104004,1243.71
BT702697,2026-01-25,Customer Receipt,SI103003,6733.59
BT703163,2026-01-25,Customer Receipt,SI103518,23539.41
BT704110,2026-01-25,Customer Receipt,SI104564,854.53
BT701655,2026-01-25,Customer Receipt,SI101836,4116.14
BT701219,2026-01-25,Customer Receipt,SI101353,10604.2
BT705412,2026-01-25,Vendor Payment,VI201017,-3484.99
BT702890,2026-01-25,Customer Receipt,SI103216,5187.59
BT706337,2026-01-26,Vendor Payment,VI202040,-1812.77
BT700210,2026-01-26,Customer Receipt,SI100234,24577.97
BT701403,2026-01-26,Customer Receipt,SI101552,13418.45
BT702875,2026-01-26,Customer Receipt,SI103200,7065.28
BT700769,2026-01-26,Customer Receipt,SI100857,1134.1
BT704279,2026-01-26,Customer Receipt,SI104748,5226.93
BT702782,2026-01-26,Customer Receipt,SI103093,36587.54
BT703333,2026-01-27,Customer Receipt,SI103704,14896.75
BT704616,2026-01-27,Vendor Payment,VI200125,-1914.03
BT700519,2026-01-27,Customer Receipt,SI100579,15464.44
BT700325,2026-01-27,Customer Receipt,SI100361,16764.3
BT700537,2026-01-27,Customer Receipt,SI100599,2142.4
BT700524,2026-01-27,Customer Receipt,SI100584,7587.25
BT701602,2026-01-27,Customer Receipt,SI101771,5300.97
BT701871,2026-01-28,Customer Receipt,SI102075,7077.9
BT702404,2026-01-28,Customer Receipt,SI102686,4227.41
BT703300,2026-01-28,Customer Receipt,SI103667,16740.13
BT701714,2026-01-28,Customer Receipt,SI101903,8470.02
BT706578,2026-01-28,Operating Expense,EX400100,-160674.15
BT705964,2026-01-28,Vendor Payment,VI201627,-6617.33
BT706651,2026-01-28,Payroll,PR500013,-858422.7
BT706582,2026-01-28,Operating Expense,EX400104,-105486.5
BT701892,2026-01-28,Customer Receipt,SI102099,1351.86
BT705306,2026-01-28,Vendor Payment,VI200894,-2463.88
BT706580,2026-01-28,Operating Expense,EX400102,-59345.06
BT706579,2026-01-28,Operating Expense,EX400101,-99781.57
BT706576,2026-01-28,Operating Expense,EX400098,-176365.24
BT706577,2026-01-28,Operating Expense,EX400099,-62518.1
BT702138,2026-01-28,Customer Receipt,SI102385,13936.79
BT706581,2026-01-28,Operating Expense,EX400103,-42199.56
BT700854,2026-01-28,Customer Receipt,SI100952,967.38
BT704218,2026-01-28,Customer Receipt,SI104682,11358.1
BT706575,2026-01-28,Operating Expense,EX400097,-924756.92
BT700818,2026-01-29,Customer Receipt,SI100913,6415.29
BT706258,2026-01-29,Vendor Payment,VI201954,-4027.39
BT700438,2026-01-29,Customer Receipt,SI100486,5348.13
BT703322,2026-01-29,Customer Receipt,SI103692,11702.23
BT703007,2026-01-29,Customer Receipt,SI103344,11410.36
BT706228,2026-01-29,Vendor Payment,VI201923,-3784.51
BT704357,2026-01-29,Customer Receipt,SI104839,9848.51
BT701345,2026-01-29,Customer Receipt,SI101489,12897.28
BT705459,2026-01-29,Vendor Payment,VI201072,-3264.57
BT703279,2026-01-29,Customer Receipt,SI103645,13673.84
BT700725,2026-01-29,Customer Receipt,SI100807,13936.79
BT705853,2026-01-29,Vendor Payment,VI201505,-3511.01
BT705120,2026-01-29,Vendor Payment,VI200689,-3444.53
BT704103,2026-01-29,Customer Receipt,SI104556,2306.2
BT705733,2026-01-30,Vendor Payment,VI201373,-2403.26
BT702389,2026-01-30,Customer Receipt,SI102670,3809.4
BT703493,2026-01-30,Customer Receipt,SI103879,1095.0
BT702556,2026-01-30,Customer Receipt,SI102849,27491.56
BT704474,2026-01-30,Customer Receipt,SI104968,14682.94
BT706232,2026-01-30,Vendor Payment,VI201927,-2044.9
BT704985,2026-01-30,Vendor Payment,VI200534,-11197.01
BT700852,2026-01-30,Customer Receipt,SI100950,3221.21
BT701736,2026-01-30,Customer Receipt,SI101930,2715.44
BT704511,2026-01-31,Vendor Payment,VI200008,-9644.83
BT702750,2026-01-31,Customer Receipt,SI103058,631.6
BT700901,2026-01-31,Customer Receipt,SI101003,2476.82
BT703899,2026-01-31,Customer Receipt,SI104335,9931.17
BT704639,2026-01-31,Vendor Payment,VI200151,-3222.91
BT706206,2026-01-31,Vendor Payment,VI201900,-3104.3
BT701594,2026-01-31,Customer Receipt,SI101762,7467.9
BT702639,2026-01-31,Customer Receipt,SI102939,11176.2
BT703742,2026-01-31,Customer Receipt,SI104160,2093.69
BT705260,2026-01-31,Vendor Payment,VI200843,-6401.08
BT702902,2026-02-01,Customer Receipt,SI103228,672.86
BT702363,2026-02-01,Customer Receipt,SI102639,1965.51
BT702752,2026-02-01,Customer Receipt,SI103060,1541.51
BT705175,2026-02-01,Vendor Payment,VI200749,-2088.96
BT705311,2026-02-01,Vendor Payment,VI200899,-2514.82
BT706671,2026-02-01,Loan Payment,LP600013,-204827.04
BT702294,2026-02-01,Customer Receipt,SI102560,5564.28
BT706187,2026-02-01,Vendor Payment,VI201878,-4163.2
BT703190,2026-02-01,Customer Receipt,SI103547,10524.22
BT704541,2026-02-01,Vendor Payment,VI200039,-3470.97
BT706010,2026-02-01,Vendor Payment,VI201676,-2322.56
BT706685,2026-02-01,Loan Payment,LP600027,-164880.03
BT705748,2026-02-01,Vendor Payment,VI201389,-6001.66
BT701595,2026-02-01,Customer Receipt,SI101763,7546.26
BT704464,2026-02-01,Customer Receipt,SI104958,12666.11
BT706693,2026-02-01,Loan Payment,LP600035,-96098.85
BT705872,2026-02-01,Vendor Payment,VI201525,-3589.24
BT703345,2026-02-01,Customer Receipt,SI103719,2494.88
BT702293,2026-02-02,Customer Receipt,SI102559,20978.33
BT704769,2026-02-02,Vendor Payment,VI200298,-2488.92
BT706278,2026-02-02,Vendor Payment,VI201976,-2481.42
BT701243,2026-02-02,Customer Receipt,SI101381,18600.14
BT704976,2026-02-02,Vendor Payment,VI200525,-3911.99
BT702963,2026-02-02,Customer Receipt,SI103295,7831.64
BT704422,2026-02-02,Customer Receipt,SI104913,3315.01
BT700721,2026-02-02,Customer Receipt,SI100801,9141.57
BT701843,2026-02-03,Customer Receipt,SI102045,8163.62
BT703983,2026-02-03,Customer Receipt,SI104426,13714.96
BT702533,2026-02-03,Customer Receipt,SI102822,12684.11
BT702108,2026-02-03,Customer Receipt,SI102348,702.61
BT703384,2026-02-03,Customer Receipt,SI103762,25247.8
BT704026,2026-02-03,Customer Receipt,SI104474,1313.63
BT700370,2026-02-03,Customer Receipt,SI100413,36587.54
BT700398,2026-02-03,Customer Receipt,SI100444,761.94
BT704648,2026-02-03,Vendor Payment,VI200160,-5047.3
BT700880,2026-02-03,Customer Receipt,SI100980,9079.6
BT700653,2026-02-03,Customer Receipt,SI100727,7732.22
BT700314,2026-02-03,Customer Receipt,SI100350,1246.81
BT703450,2026-02-03,Customer Receipt,SI103833,22268.56
BT704436,2026-02-03,Customer Receipt,SI104929,17408.49
BT705711,2026-02-03,Vendor Payment,VI201350,-4119.48
BT705003,2026-02-03,Vendor Payment,VI200555,-1580.54
BT702234,2026-02-03,Customer Receipt,SI102491,547.5
BT700129,2026-02-03,Customer Receipt,SI100143,1501.52
BT705669,2026-02-03,Vendor Payment,VI201306,-5693.94
BT702943,2026-02-03,Customer Receipt,SI103271,1524.08
BT702872,2026-02-03,Customer Receipt,SI103197,13103.85
BT704740,2026-02-03,Vendor Payment,VI200266,-4016.94
BT702023,2026-02-03,Customer Receipt,SI102251,5246.39
BT702797,2026-02-04,Customer Receipt,SI103111,23808.98
BT702677,2026-02-04,Customer Receipt,SI102983,11141.26
BT702810,2026-02-04,Customer Receipt,SI103126,5496.89
BT700433,2026-02-04,Customer Receipt,SI100481,6073.2
BT702161,2026-02-04,Customer Receipt,SI102411,6664.18
BT702384,2026-02-04,Customer Receipt,SI102665,11052.11
BT702568,2026-02-04,Customer Receipt,SI102862,4485.86
BT704854,2026-02-04,Vendor Payment,VI200390,-2607.74
BT700565,2026-02-04,Customer Receipt,SI100631,10430.91
BT705620,2026-02-04,Vendor Payment,VI201248,-3518.03
BT703608,2026-02-04,Customer Receipt,SI104007,12604.75
BT705564,2026-02-04,Vendor Payment,VI201187,-3794.81
BT704771,2026-02-04,Vendor Payment,VI200300,-1519.06
BT702899,2026-02-05,Customer Receipt,SI103225,3227.8
BT704759,2026-02-05,Vendor Payment,VI200288,-2800.17
BT701174,2026-02-05,Customer Receipt,SI101305,3329.73
BT705437,2026-02-05,Vendor Payment,VI201048,-4972.59
BT704765,2026-02-05,Vendor Payment,VI200294,-2646.21
BT705721,2026-02-05,Vendor Payment,VI201360,-12674.1
BT702365,2026-02-05,Customer Receipt,SI102641,9831.7
BT702930,2026-02-05,Customer Receipt,SI103257,5298.24
BT700962,2026-02-05,Customer Receipt,SI101069,8039.6
BT703578,2026-02-05,Customer Receipt,SI103974,2703.72
BT706266,2026-02-05,Vendor Payment,VI201962,-1711.95
BT705296,2026-02-05,Vendor Payment,VI200883,-6685.5
BT700046,2026-02-05,Customer Receipt,SI100051,8642.88
BT701013,2026-02-05,Customer Receipt,SI101124,4778.41
BT700353,2026-02-05,Customer Receipt,SI100391,11589.9
BT702686,2026-02-06,Customer Receipt,SI102992,5765.5
BT701213,2026-02-06,Customer Receipt,SI101347,7065.28
BT702859,2026-02-06,Customer Receipt,SI103183,5771.65
BT701024,2026-02-06,Customer Receipt,SI101135,18016.51
BT703763,2026-02-06,Customer Receipt,SI104185,1537.59
BT701230,2026-02-06,Customer Receipt,SI101368,2734.77
BT703602,2026-02-06,Customer Receipt,SI104001,2493.7
BT704778,2026-02-06,Vendor Payment,VI200307,-1875.08
BT700421,2026-02-06,Customer Receipt,SI100468,1088.16
BT702489,2026-02-06,Customer Receipt,SI102776,13836.61
BT700646,2026-02-06,Customer Receipt,SI100720,12425.67
BT705686,2026-02-06,Vendor Payment,VI201324,-1669.5
BT700542,2026-02-06,Customer Receipt,SI100604,787.64
BT706225,2026-02-06,Vendor Payment,VI201920,-1354.75
BT701623,2026-02-06,Customer Receipt,SI101795,5354.58
BT700002,2026-02-06,Customer Receipt,SI100002,18012.77
BT704380,2026-02-06,Customer Receipt,SI104864,19935.85
BT700619,2026-02-06,Customer Receipt,SI100689,717.12
BT703014,2026-02-06,Customer Receipt,SI103352,29409.73
BT702146,2026-02-07,Customer Receipt,SI102393,1475.96
BT706054,2026-02-07,Vendor Payment,VI201725,-3534.73
BT704204,2026-02-07,Customer Receipt,SI104668,15334.44
BT705059,2026-02-07,Vendor Payment,VI200620,-3176.25
BT704148,2026-02-07,Customer Receipt,SI104604,12185.95
BT702763,2026-02-07,Customer Receipt,SI103072,4106.53
BT703115,2026-02-07,Customer Receipt,SI103466,791.51
BT700972,2026-02-07,Customer Receipt,SI101079,3416.83
BT705253,2026-02-07,Vendor Payment,VI200835,-2440.41
BT704686,2026-02-07,Vendor Payment,VI200206,-2057.21
BT704965,2026-02-08,Vendor Payment,VI200513,-747.61
BT700979,2026-02-08,Customer Receipt,SI101086,15235.96
BT700400,2026-02-08,Customer Receipt,SI100447,2579.66
BT705488,2026-02-08,Vendor Payment,VI201107,-3118.46
BT706072,2026-02-08,Vendor Payment,VI201747,-3796.13
BT705676,2026-02-08,Vendor Payment,VI201313,-3274.9
BT704450,2026-02-08,Customer Receipt,SI104943,1023.04
BT700838,2026-02-08,Customer Receipt,SI100935,766.05
BT704575,2026-02-08,Vendor Payment,VI200079,-2116.87
BT701791,2026-02-08,Customer Receipt,SI101991,1295.2
BT703352,2026-02-08,Customer Receipt,SI103727,6945.02
BT702623,2026-02-08,Customer Receipt,SI102921,13365.84
BT703357,2026-02-08,Customer Receipt,SI103732,16545.77
BT701187,2026-02-08,Customer Receipt,SI101319,9978.76
BT706219,2026-02-08,Vendor Payment,VI201914,-2520.2
BT700749,2026-02-09,Customer Receipt,SI100832,9883.98
BT702027,2026-02-09,Customer Receipt,SI102255,9921.46
BT700551,2026-02-09,Customer Receipt,SI100615,6052.18
BT702046,2026-02-09,Customer Receipt,SI102275,18582.38
BT704811,2026-02-09,Vendor Payment,VI200344,-4383.68
BT706109,2026-02-09,Vendor Payment,VI201787,-5412.08
BT705518,2026-02-09,Vendor Payment,VI201137,-2258.28
BT705037,2026-02-09,Vendor Payment,VI200598,-2465.39
BT703443,2026-02-09,Customer Receipt,SI103826,11410.36
BT705238,2026-02-09,Vendor Payment,VI200819,-5423.05
BT706059,2026-02-09,Vendor Payment,VI201730,-1058.17
BT705996,2026-02-09,Vendor Payment,VI201662,-4810.82
BT700004,2026-02-09,Customer Receipt,SI100004,1456.54
BT705267,2026-02-09,Vendor Payment,VI200850,-8290.15
BT702308,2026-02-09,Customer Receipt,SI102577,3943.99
BT701167,2026-02-10,Customer Receipt,SI101298,2399.92
BT701738,2026-02-10,Customer Receipt,SI101932,9181.19
BT704687,2026-02-10,Vendor Payment,VI200207,-10365.22
BT702864,2026-02-10,Customer Receipt,SI103189,12604.75
BT706380,2026-02-10,Vendor Payment,VI202086,-7539.22
BT705275,2026-02-10,Vendor Payment,VI200859,-2636.59
BT703126,2026-02-10,Customer Receipt,SI103478,10713.12
BT702038,2026-02-10,Customer Receipt,SI102267,10048.44
BT702081,2026-02-11,Customer Receipt,SI102315,24186.78
BT704798,2026-02-11,Vendor Payment,VI200328,-2364.99
BT706102,2026-02-11,Vendor Payment,VI201779,-2593.86
BT706412,2026-02-11,Vendor Payment,VI202123,-1436.64
BT701268,2026-02-11,Customer Receipt,SI101408,30338.68
BT701176,2026-02-11,Customer Receipt,SI101307,37334.22
BT701846,2026-02-11,Customer Receipt,SI102048,32288.02
BT704113,2026-02-11,Customer Receipt,SI104567,9647.52
BT701811,2026-02-11,Customer Receipt,SI102013,9977.75
BT700892,2026-02-11,Customer Receipt,SI100993,1023.04
BT701476,2026-02-11,Customer Receipt,SI101631,2733.94
BT700458,2026-02-11,Customer Receipt,SI100510,6218.9
BT706003,2026-02-11,Vendor Payment,VI201669,-3671.61
BT704292,2026-02-11,Customer Receipt,SI104764,1548.94
BT701478,2026-02-12,Customer Receipt,SI101634,1934.75
BT705523,2026-02-12,Vendor Payment,VI201142,-3105.92
BT700637,2026-02-12,Customer Receipt,SI100709,4910.48
BT700883,2026-02-12,Customer Receipt,SI100984,856.18
BT706319,2026-02-12,Vendor Payment,VI202020,-4290.89
BT701835,2026-02-12,Customer Receipt,SI102037,11838.81
BT700202,2026-02-12,Customer Receipt,SI100226,13020.1
BT701936,2026-02-13,Customer Receipt,SI102150,1459.95
BT705914,2026-02-13,Vendor Payment,VI201573,-1901.86
BT703183,2026-02-13,Customer Receipt,SI103540,997.92
BT705735,2026-02-13,Vendor Payment,VI201376,-1753.73
BT704594,2026-02-13,Vendor Payment,VI200099,-4640.3
BT706427,2026-02-13,Vendor Payment,VI202140,-1962.29
BT701541,2026-02-13,Customer Receipt,SI101701,11987.62
BT703847,2026-02-13,Customer Receipt,SI104277,2273.36
BT701184,2026-02-13,Customer Receipt,SI101316,2288.37
BT703893,2026-02-13,Customer Receipt,SI104328,7616.22
BT704442,2026-02-13,Customer Receipt,SI104935,8606.84
BT701789,2026-02-13,Customer Receipt,SI101989,1649.07
BT702967,2026-02-14,Customer Receipt,SI103299,8657.47
BT705408,2026-02-14,Vendor Payment,VI201013,-1675.82
BT706247,2026-02-14,Vendor Payment,VI201942,-5419.18
BT703421,2026-02-14,Customer Receipt,SI103801,4826.61
BT701701,2026-02-14,Customer Receipt,SI101888,2990.57
BT700192,2026-02-14,Customer Receipt,SI100215,21415.54
BT705566,2026-02-14,Vendor Payment,VI201189,-5341.85
BT702627,2026-02-14,Customer Receipt,SI102926,15572.0
BT705529,2026-02-14,Vendor Payment,VI201149,-3888.8
BT704301,2026-02-14,Customer Receipt,SI104774,10925.64
BT702125,2026-02-14,Customer Receipt,SI102368,3006.92
BT700902,2026-02-14,Customer Receipt,SI101004,14434.07
BT700753,2026-02-14,Customer Receipt,SI100836,6885.48
BT703458,2026-02-14,Customer Receipt,SI103842,9139.46
BT701056,2026-02-15,Customer Receipt,SI101172,7987.25
BT703544,2026-02-15,Customer Receipt,SI103934,3847.82
BT703288,2026-02-15,Customer Receipt,SI103655,2413.31
BT703474,2026-02-15,Customer Receipt,SI103860,16789.79
BT705115,2026-02-15,Vendor Payment,VI200684,-1032.89
BT701425,2026-02-15,Customer Receipt,SI101576,9264.27
BT704403,2026-02-15,Customer Receipt,SI104891,1756.94
BT701012,2026-02-15,Customer Receipt,SI101123,3442.74
BT704488,2026-02-15,Customer Receipt,SI104983,23061.01
BT701450,2026-02-15,Customer Receipt,SI101605,16749.3
BT705898,2026-02-15,Vendor Payment,VI201554,-1849.12
BT703688,2026-02-15,Customer Receipt,SI104101,16274.16
BT701689,2026-02-15,Customer Receipt,SI101873,19814.05
BT705508,2026-02-15,Vendor Payment,VI201127,-7132.17
BT702787,2026-02-16,Customer Receipt,SI103099,12984.64
BT705681,2026-02-16,Vendor Payment,VI201318,-4127.29
BT705949,2026-02-16,Vendor Payment,VI201611,-1403.55
BT701179,2026-02-16,Customer Receipt,SI101310,5403.83
BT703036,2026-02-16,Customer Receipt,SI103378,7346.45
BT704781,2026-02-16,Vendor Payment,VI200311,-3685.95
BT703230,2026-02-16,Customer Receipt,SI103591,20742.91
BT705118,2026-02-16,Vendor Payment,VI200687,-1079.5
BT702784,2026-02-16,Customer Receipt,SI103096,468.41
BT702401,2026-02-16,Customer Receipt,SI102683,2057.08
BT704519,2026-02-16,Vendor Payment,VI200016,-2172.21
BT705216,2026-02-16,Vendor Payment,VI200794,-4098.66
BT701523,2026-02-16,Customer Receipt,SI101683,547.5
BT700242,2026-02-16,Customer Receipt,SI100268,4485.86
BT701739,2026-02-16,Customer Receipt,SI101933,3224.32
BT700554,2026-02-16,Customer Receipt,SI100618,13365.84
BT706230,2026-02-17,Vendor Payment,VI201925,-3317.57
BT703871,2026-02-17,Customer Receipt,SI104302,4382.3
BT706379,2026-02-17,Vendor Payment,VI202085,-1674.42
BT702769,2026-02-17,Customer Receipt,SI103078,5038.77
BT700470,2026-02-17,Customer Receipt,SI100524,2453.25
BT703861,2026-02-17,Customer Receipt,SI104291,1932.8
BT700081,2026-02-17,Customer Receipt,SI100093,2063.44
BT701090,2026-02-17,Customer Receipt,SI101209,20295.99
BT705466,2026-02-17,Vendor Payment,VI201080,-2784.34
BT706002,2026-02-17,Vendor Payment,VI201668,-1060.09
BT703798,2026-02-17,Customer Receipt,SI104222,18043.3
BT700275,2026-02-18,Customer Receipt,SI100306,8454.81
BT703984,2026-02-18,Customer Receipt,SI104428,12684.11
BT705690,2026-02-18,Vendor Payment,VI201328,-2541.05
BT702386,2026-02-18,Customer Receipt,SI102667,5008.24
BT700544,2026-02-18,Customer Receipt,SI100606,30546.18
BT700246,2026-02-18,Customer Receipt,SI100273,4294.57
BT704925,2026-02-18,Vendor Payment,VI200466,-620.19
BT700682,2026-02-18,Customer Receipt,SI100760,761.88
BT705633,2026-02-18,Vendor Payment,VI201263,-2052.09
BT702466,2026-02-18,Customer Receipt,SI102752,16144.01
BT706221,2026-02-18,Vendor Payment,VI201916,-1262.25
BT700070,2026-02-18,Customer Receipt,SI100080,22212.35
BT706214,2026-02-18,Vendor Payment,VI201909,-2070.12
BT701837,2026-02-19,Customer Receipt,SI102039,15626.56
BT701413,2026-02-19,Customer Receipt,SI101563,3235.26
BT701702,2026-02-19,Customer Receipt,SI101889,1675.55
BT700030,2026-02-19,Customer Receipt,SI100030,2826.77
BT704533,2026-02-19,Vendor Payment,VI200031,-1189.03
BT704874,2026-02-19,Vendor Payment,VI200412,-2562.69
BT701576,2026-02-19,Customer Receipt,SI101743,342.85
BT700465,2026-02-19,Customer Receipt,SI100518,2603.79
BT701119,2026-02-20,Customer Receipt,SI101242,577.03
BT703771,2026-02-20,Customer Receipt,SI104193,5923.85
BT700582,2026-02-20,Customer Receipt,SI100650,4831.08
BT705191,2026-02-20,Vendor Payment,VI200768,-3704.48
BT700812,2026-02-20,Customer Receipt,SI100905,3980.82
BT705813,2026-02-20,Vendor Payment,VI201461,-3590.85
BT700783,2026-02-20,Customer Receipt,SI100873,8275.97
BT706281,2026-02-20,Vendor Payment,VI201979,-1863.67
BT705904,2026-02-20,Vendor Payment,VI201562,-2603.24
BT703903,2026-02-21,Customer Receipt,SI104339,4992.03
BT705247,2026-02-21,Vendor Payment,VI200829,-1980.27
BT700274,2026-02-21,Customer Receipt,SI100305,543.09
BT705042,2026-02-21,Vendor Payment,VI200603,-1713.76
BT703971,2026-02-21,Customer Receipt,SI104414,13115.98
BT704668,2026-02-21,Vendor Payment,VI200184,-1286.93
BT701663,2026-02-21,Customer Receipt,SI101844,26046.67
BT704378,2026-02-21,Customer Receipt,SI104862,14541.06
BT701442,2026-02-21,Customer Receipt,SI101596,6069.8
BT706248,2026-02-22,Vendor Payment,VI201943,-2243.6
BT703070,2026-02-22,Customer Receipt,SI103412,723.79
BT704739,2026-02-22,Vendor Payment,VI200265,-3194.55
BT703316,2026-02-22,Customer Receipt,SI103685,3520.61
BT700260,2026-02-22,Customer Receipt,SI100289,2715.29
BT706145,2026-02-22,Vendor Payment,VI201831,-6158.53
BT701832,2026-02-22,Customer Receipt,SI102034,5325.45
BT703882,2026-02-23,Customer Receipt,SI104317,8374.65
BT704905,2026-02-23,Vendor Payment,VI200444,-1514.29
BT705063,2026-02-23,Vendor Payment,VI200624,-3211.64
BT703710,2026-02-23,Customer Receipt,SI104124,493.06
BT704504,2026-02-23,Vendor Payment,VI200001,-1719.66
BT700724,2026-02-23,Customer Receipt,SI100805,4096.3
BT700338,2026-02-23,Customer Receipt,SI100374,3317.59
BT705549,2026-02-23,Vendor Payment,VI201170,-4306.21
BT704360,2026-02-23,Customer Receipt,SI104842,7768.26
BT704187,2026-02-23,Customer Receipt,SI104645,2522.58
BT703795,2026-02-23,Customer Receipt,SI104219,6245.0
BT705252,2026-02-23,Vendor Payment,VI200834,-4674.66
BT700297,2026-02-23,Customer Receipt,SI100333,3315.01
BT700695,2026-02-24,Customer Receipt,SI100775,3326.14
BT704282,2026-02-24,Customer Receipt,SI104751,4667.43
BT703550,2026-02-24,Customer Receipt,SI103942,6534.41
BT700845,2026-02-24,Customer Receipt,SI100942,18800.5
BT705475,2026-02-24,Vendor Payment,VI201089,-1495.55
BT704907,2026-02-24,Vendor Payment,VI200446,-2315.15
BT700074,2026-02-24,Customer Receipt,SI100084,2198.76
BT702377,2026-02-24,Customer Receipt,SI102657,9288.56
BT703158,2026-02-24,Customer Receipt,SI103512,1667.95
BT702997,2026-02-24,Customer Receipt,SI103331,22529.63
BT702613,2026-02-24,Customer Receipt,SI102909,9848.51
BT701237,2026-02-24,Customer Receipt,SI101375,2128.95
BT705902,2026-02-24,Vendor Payment,VI201558,-2724.02
BT700850,2026-02-25,Customer Receipt,SI100948,2128.5
BT701709,2026-02-25,Customer Receipt,SI101897,1642.5
BT704288,2026-02-25,Customer Receipt,SI104760,15440.44
BT701909,2026-02-25,Customer Receipt,SI102120,9728.83
BT700011,2026-02-25,Customer Receipt,SI100011,12371.42
BT700224,2026-02-25,Customer Receipt,SI100249,5157.28
BT702524,2026-02-25,Customer Receipt,SI102812,11844.74
BT705592,2026-02-25,Vendor Payment,VI201218,-2268.68
BT704955,2026-02-25,Vendor Payment,VI200501,-1911.09
BT706020,2026-02-25,Vendor Payment,VI201688,-6141.18
BT701022,2026-02-25,Customer Receipt,SI101133,13978.81
BT704388,2026-02-25,Customer Receipt,SI104873,1729.73
BT703689,2026-02-25,Customer Receipt,SI104102,12823.4
BT706284,2026-02-26,Vendor Payment,VI201982,-3259.21
BT704644,2026-02-26,Vendor Payment,VI200156,-18956.0
BT704128,2026-02-26,Customer Receipt,SI104583,2911.73
BT700917,2026-02-26,Customer Receipt,SI101020,19158.38
BT705328,2026-02-26,Vendor Payment,VI200920,-3197.26
BT701703,2026-02-26,Customer Receipt,SI101890,10763.11
BT704397,2026-02-26,Customer Receipt,SI104885,30388.72
BT702856,2026-02-26,Customer Receipt,SI103180,34312.94
BT701157,2026-02-26,Customer Receipt,SI101287,928.45
BT705926,2026-02-26,Vendor Payment,VI201585,-8572.07
BT700918,2026-02-26,Customer Receipt,SI101021,4708.27
BT700660,2026-02-26,Customer Receipt,SI100735,20619.26
BT702323,2026-02-26,Customer Receipt,SI102593,7282.72
BT705051,2026-02-26,Vendor Payment,VI200612,-2661.66
BT702632,2026-02-26,Customer Receipt,SI102931,1849.81
BT704613,2026-02-27,Vendor Payment,VI200120,-3983.11
BT706022,2026-02-27,Vendor Payment,VI201690,-5680.88
BT706133,2026-02-27,Vendor Payment,VI201818,-1630.69
BT703545,2026-02-27,Customer Receipt,SI103935,11094.65
BT702162,2026-02-27,Customer Receipt,SI102412,3468.17
BT701132,2026-02-27,Customer Receipt,SI101256,7951.45
BT703864,2026-02-27,Customer Receipt,SI104294,247.68
BT702295,2026-02-27,Customer Receipt,SI102561,7082.53
BT703087,2026-02-27,Customer Receipt,SI103431,24537.91
BT706121,2026-02-27,Vendor Payment,VI201803,-3998.09
BT704252,2026-02-27,Customer Receipt,SI104718,7219.35
BT700541,2026-02-27,Customer Receipt,SI100603,15857.35
BT701407,2026-02-28,Customer Receipt,SI101556,11214.01
BT706151,2026-02-28,Vendor Payment,VI201837,-3068.23
BT706587,2026-02-28,Operating Expense,EX400109,-93222.37
BT706588,2026-02-28,Operating Expense,EX400110,-65829.79
BT706589,2026-02-28,Operating Expense,EX400111,-51176.14
BT704842,2026-02-28,Vendor Payment,VI200377,-4132.26
BT700550,2026-02-28,Customer Receipt,SI100614,5013.87
BT706590,2026-02-28,Operating Expense,EX400112,-112788.22
BT702284,2026-02-28,Customer Receipt,SI102550,4804.36
BT706584,2026-02-28,Operating Expense,EX400106,-203446.93
BT706583,2026-02-28,Operating Expense,EX400105,-843196.8
BT706586,2026-02-28,Operating Expense,EX400108,-158014.79
BT706297,2026-02-28,Vendor Payment,VI201995,-946.13
BT705231,2026-02-28,Vendor Payment,VI200812,-3586.81
BT702288,2026-02-28,Customer Receipt,SI102554,31056.75
BT705327,2026-02-28,Vendor Payment,VI200919,-1609.95
BT701645,2026-02-28,Customer Receipt,SI101822,6685.16
BT704757,2026-02-28,Vendor Payment,VI200286,-971.24
BT706652,2026-02-28,Payroll,PR500014,-837732.01
BT702163,2026-02-28,Customer Receipt,SI102413,6278.81
BT706585,2026-02-28,Operating Expense,EX400107,-70412.64
BT705285,2026-02-28,Vendor Payment,VI200870,-2638.48
BT706694,2026-03-01,Loan Payment,LP600036,-96098.85
BT706074,2026-03-01,Vendor Payment,VI201749,-2983.33
BT703292,2026-03-01,Customer Receipt,SI103659,9245.54
BT704700,2026-03-01,Vendor Payment,VI200222,-2745.92
BT701769,2026-03-01,Customer Receipt,SI101966,10282.1
BT704849,2026-03-01,Vendor Payment,VI200385,-2795.47
BT700562,2026-03-01,Customer Receipt,SI100628,6501.24
BT705080,2026-03-01,Vendor Payment,VI200644,-675.94
BT704566,2026-03-01,Vendor Payment,VI200070,-4861.18
BT706686,2026-03-01,Loan Payment,LP600028,-164880.03
BT704274,2026-03-01,Customer Receipt,SI104743,2140.44
BT702657,2026-03-01,Customer Receipt,SI102958,6322.2
BT705134,2026-03-01,Vendor Payment,VI200704,-1976.8
BT706672,2026-03-01,Loan Payment,LP600014,-204827.04
BT700414,2026-03-02,Customer Receipt,SI100461,16385.18
BT702425,2026-03-02,Customer Receipt,SI102707,4090.96
BT705541,2026-03-02,Vendor Payment,VI201161,-4190.16
BT705928,2026-03-02,Vendor Payment,VI201587,-3916.17
BT701748,2026-03-02,Customer Receipt,SI101942,23283.78
BT706274,2026-03-02,Vendor Payment,VI201971,-4276.82
BT704745,2026-03-02,Vendor Payment,VI200272,-5775.22
BT702923,2026-03-02,Customer Receipt,SI103250,14580.78
BT700043,2026-03-03,Customer Receipt,SI100046,13305.02
BT703435,2026-03-03,Customer Receipt,SI103818,11378.6
BT702306,2026-03-03,Customer Receipt,SI102575,6418.33
BT702655,2026-03-03,Customer Receipt,SI102956,4396.5
BT701050,2026-03-03,Customer Receipt,SI101166,15609.22
BT706144,2026-03-03,Vendor Payment,VI201830,-4620.56
BT704521,2026-03-03,Vendor Payment,VI200018,-1837.42
BT706126,2026-03-03,Vendor Payment,VI201809,-1052.74
BT706305,2026-03-03,Vendor Payment,VI202005,-5698.21
BT700439,2026-03-03,Customer Receipt,SI100487,9686.3
BT702168,2026-03-03,Customer Receipt,SI102418,3041.97
BT702212,2026-03-03,Customer Receipt,SI102466,20198.24
BT703901,2026-03-03,Customer Receipt,SI104337,12352.36
BT701686,2026-03-03,Customer Receipt,SI101870,10282.1
BT702336,2026-03-04,Customer Receipt,SI102607,37226.18
BT705579,2026-03-04,Vendor Payment,VI201204,-1750.83
BT702075,2026-03-04,Customer Receipt,SI102308,5264.14
BT702994,2026-03-04,Customer Receipt,SI103328,2128.95
BT701744,2026-03-04,Customer Receipt,SI101938,14363.75
BT701601,2026-03-04,Customer Receipt,SI101770,1541.51
BT701617,2026-03-04,Customer Receipt,SI101786,17848.45
BT702896,2026-03-04,Customer Receipt,SI103222,1792.8
BT700193,2026-03-04,Customer Receipt,SI100216,9278.68
BT702068,2026-03-04,Customer Receipt,SI102300,7822.28
BT705631,2026-03-04,Vendor Payment,VI201261,-5669.87
BT704629,2026-03-04,Vendor Payment,VI200140,-1227.98
BT705359,2026-03-05,Vendor Payment,VI200957,-1886.91
BT701160,2026-03-05,Customer Receipt,SI101290,2061.72
BT705002,2026-03-05,Vendor Payment,VI200553,-6277.21
BT705802,2026-03-05,Vendor Payment,VI201450,-2755.9
BT701924,2026-03-05,Customer Receipt,SI102138,2165.96
BT703246,2026-03-05,Customer Receipt,SI103609,3183.54
BT700614,2026-03-05,Customer Receipt,SI100683,1534.55
BT701515,2026-03-05,Customer Receipt,SI101675,11301.85
BT700886,2026-03-05,Customer Receipt,SI100987,31434.19
BT706368,2026-03-06,Vendor Payment,VI202074,-4665.0
BT704900,2026-03-06,Vendor Payment,VI200439,-500.0
BT700351,2026-03-06,Customer Receipt,SI100389,5779.74
BT703207,2026-03-06,Customer Receipt,SI103567,1909.4
BT701782,2026-03-06,Customer Receipt,SI101981,6333.18
BT701848,2026-03-06,Customer Receipt,SI102050,6643.6
BT701161,2026-03-06,Customer Receipt,SI101292,11924.52
BT705530,2026-03-06,Vendor Payment,VI201150,-2730.84
BT701965,2026-03-06,Customer Receipt,SI102182,15423.16
BT705369,2026-03-06,Vendor Payment,VI200968,-4315.39
BT703650,2026-03-06,Customer Receipt,SI104053,13417.64
BT700411,2026-03-07,Customer Receipt,SI100458,10528.66
BT705897,2026-03-07,Vendor Payment,VI201553,-2017.79
BT700343,2026-03-07,Customer Receipt,SI100379,3631.91
BT703799,2026-03-07,Customer Receipt,SI104224,7235.64
BT704020,2026-03-07,Customer Receipt,SI104467,31092.19
BT705322,2026-03-07,Vendor Payment,VI200914,-1990.86
BT702594,2026-03-07,Customer Receipt,SI102888,2568.53
BT703410,2026-03-07,Customer Receipt,SI103790,1032.44
BT705661,2026-03-07,Vendor Payment,VI201298,-2110.38
BT703084,2026-03-07,Customer Receipt,SI103428,10953.84
BT702270,2026-03-07,Customer Receipt,SI102533,6442.43
BT702612,2026-03-07,Customer Receipt,SI102908,3571.04
BT702544,2026-03-07,Customer Receipt,SI102835,4332.78
BT705016,2026-03-07,Vendor Payment,VI200570,-3986.16
BT703129,2026-03-07,Customer Receipt,SI103481,25953.34
BT704398,2026-03-08,Customer Receipt,SI104886,966.22
BT705758,2026-03-08,Vendor Payment,VI201399,-3374.06
BT704281,2026-03-08,Customer Receipt,SI104750,19814.05
BT702605,2026-03-08,Customer Receipt,SI102901,12897.28
BT701172,2026-03-08,Customer Receipt,SI101303,13211.99
BT700634,2026-03-08,Customer Receipt,SI100706,18308.43
BT703997,2026-03-08,Customer Receipt,SI104442,7124.4
BT705259,2026-03-08,Vendor Payment,VI200842,-3415.17
BT704590,2026-03-08,Vendor Payment,VI200095,-1363.61
BT705297,2026-03-08,Vendor Payment,VI200884,-4328.53
BT706066,2026-03-08,Vendor Payment,VI201741,-5764.69
BT702110,2026-03-08,Customer Receipt,SI102350,31452.33
BT704866,2026-03-09,Vendor Payment,VI200404,-1619.02
BT703639,2026-03-09,Customer Receipt,SI104042,656.82
BT702616,2026-03-09,Customer Receipt,SI102912,7667.22
BT705699,2026-03-09,Vendor Payment,VI201337,-3832.31
BT704727,2026-03-09,Vendor Payment,VI200252,-1780.23
BT701581,2026-03-09,Customer Receipt,SI101748,8321.12
BT704631,2026-03-09,Vendor Payment,VI200142,-4332.63
BT704465,2026-03-09,Customer Receipt,SI104959,20155.07
BT705652,2026-03-09,Vendor Payment,VI201287,-989.76
BT701932,2026-03-10,Customer Receipt,SI102146,6245.0
BT702709,2026-03-10,Customer Receipt,SI103015,6966.42
BT704189,2026-03-10,Customer Receipt,SI104648,4960.73
BT705627,2026-03-10,Vendor Payment,VI201257,-3787.53
BT706425,2026-03-10,Vendor Payment,VI202138,-7047.4
BT702118,2026-03-10,Customer Receipt,SI102360,25794.55
BT703574,2026-03-10,Customer Receipt,SI103968,8239.48
BT700306,2026-03-10,Customer Receipt,SI100342,10905.74
BT702109,2026-03-10,Customer Receipt,SI102349,8118.1
BT701021,2026-03-10,Customer Receipt,SI101132,1544.04
BT705884,2026-03-11,Vendor Payment,VI201539,-856.93
BT700729,2026-03-11,Customer Receipt,SI100811,6485.8
BT704754,2026-03-11,Vendor Payment,VI200283,-895.76
BT704439,2026-03-11,Customer Receipt,SI104932,16940.04
BT701674,2026-03-11,Customer Receipt,SI101856,2911.97
BT701254,2026-03-11,Customer Receipt,SI101393,18624.77
BT700015,2026-03-11,Customer Receipt,SI100015,10872.38
BT706063,2026-03-12,Vendor Payment,VI201738,-7549.43
BT705800,2026-03-12,Vendor Payment,VI201448,-2016.68
BT704129,2026-03-12,Customer Receipt,SI104584,9127.23
BT704748,2026-03-12,Vendor Payment,VI200275,-5746.92
BT702072,2026-03-12,Customer Receipt,SI102305,5962.26
BT701004,2026-03-12,Customer Receipt,SI101115,3362.0
BT702760,2026-03-12,Customer Receipt,SI103069,535.6
BT703075,2026-03-12,Customer Receipt,SI103418,2298.16
BT706341,2026-03-12,Vendor Payment,VI202044,-1829.96
BT704486,2026-03-12,Customer Receipt,SI104981,10293.88
BT702132,2026-03-12,Customer Receipt,SI102378,8126.55
BT701589,2026-03-12,Customer Receipt,SI101757,2737.51
BT702211,2026-03-13,Customer Receipt,SI102465,1830.7
BT705932,2026-03-13,Vendor Payment,VI201592,-2405.02
BT704827,2026-03-13,Vendor Payment,VI200361,-3655.55
BT703698,2026-03-13,Customer Receipt,SI104112,16747.41
BT705143,2026-03-13,Vendor Payment,VI200714,-4700.96
BT705316,2026-03-13,Vendor Payment,VI200906,-1455.35
BT700690,2026-03-13,Customer Receipt,SI100770,5475.55
BT704309,2026-03-13,Customer Receipt,SI104785,39658.4
BT706327,2026-03-13,Vendor Payment,VI202028,-5714.06
BT702846,2026-03-13,Customer Receipt,SI103170,3144.43
BT706036,2026-03-13,Vendor Payment,VI201706,-1297.47
BT703572,2026-03-13,Customer Receipt,SI103966,25133.76
BT704696,2026-03-13,Vendor Payment,VI200217,-3417.33
BT704990,2026-03-14,Vendor Payment,VI200539,-2936.67
BT706040,2026-03-14,Vendor Payment,VI201710,-1417.84
BT702705,2026-03-14,Customer Receipt,SI103011,1333.0
BT703139,2026-03-14,Customer Receipt,SI103493,740.46
BT704673,2026-03-14,Vendor Payment,VI200189,-1118.56
BT701168,2026-03-14,Customer Receipt,SI101299,4313.68
BT705167,2026-03-14,Vendor Payment,VI200741,-795.31
BT701151,2026-03-14,Customer Receipt,SI101281,1371.38
BT704713,2026-03-14,Vendor Payment,VI200235,-2599.89
BT704661,2026-03-14,Vendor Payment,VI200176,-2232.58
BT703520,2026-03-14,Customer Receipt,SI103909,3088.09
BT704105,2026-03-14,Customer Receipt,SI104558,40948.8
BT705245,2026-03-15,Vendor Payment,VI200826,-2123.16
BT706404,2026-03-15,Vendor Payment,VI202114,-5537.61
BT704570,2026-03-15,Vendor Payment,VI200074,-597.48
BT700076,2026-03-15,Customer Receipt,SI100087,971.03
BT706450,2026-03-15,Vendor Payment,VI202166,-7167.25
BT705390,2026-03-15,Vendor Payment,VI200991,-1996.57
BT701737,2026-03-15,Customer Receipt,SI101931,4512.12
BT701750,2026-03-15,Customer Receipt,SI101944,4006.59
BT703274,2026-03-15,Customer Receipt,SI103639,2802.87
BT700698,2026-03-16,Customer Receipt,SI100778,4797.08
BT700993,2026-03-16,Customer Receipt,SI101101,9664.41
BT700105,2026-03-16,Customer Receipt,SI100118,11162.32
BT705321,2026-03-16,Vendor Payment,VI200913,-5665.62
BT705127,2026-03-16,Vendor Payment,VI200696,-1558.06
BT704529,2026-03-16,Vendor Payment,VI200027,-5295.38
BT702446,2026-03-16,Customer Receipt,SI102729,16854.82
BT702853,2026-03-16,Customer Receipt,SI103177,39658.4
BT700659,2026-03-16,Customer Receipt,SI100734,26967.71
BT705205,2026-03-16,Vendor Payment,VI200783,-3885.32
BT703039,2026-03-17,Customer Receipt,SI103381,810.06
BT705303,2026-03-17,Vendor Payment,VI200891,-1880.91
BT704217,2026-03-17,Customer Receipt,SI104681,2210.01
BT704045,2026-03-17,Customer Receipt,SI104495,28479.78
BT701274,2026-03-17,Customer Receipt,SI101414,4123.44
BT704222,2026-03-17,Customer Receipt,SI104687,10314.56
BT705310,2026-03-17,Vendor Payment,VI200898,-9475.26
BT700181,2026-03-17,Customer Receipt,SI100204,28898.72
BT703131,2026-03-17,Customer Receipt,SI103483,23319.14
BT702584,2026-03-17,Customer Receipt,SI102878,18041.85
BT701441,2026-03-17,Customer Receipt,SI101595,3969.27
BT704376,2026-03-17,Customer Receipt,SI104860,8735.9
BT703552,2026-03-17,Customer Receipt,SI103944,4683.69
BT702960,2026-03-18,Customer Receipt,SI103292,3759.12
BT706421,2026-03-18,Vendor Payment,VI202134,-3689.76
BT706103,2026-03-18,Vendor Payment,VI201780,-1266.68
BT703095,2026-03-18,Customer Receipt,SI103442,2925.56
BT700734,2026-03-18,Customer Receipt,SI100816,11199.21
BT701128,2026-03-18,Customer Receipt,SI101251,12876.38
BT702528,2026-03-18,Customer Receipt,SI102816,3628.27
BT703479,2026-03-18,Customer Receipt,SI103865,12662.37
BT700807,2026-03-18,Customer Receipt,SI100900,16701.42
BT705455,2026-03-18,Vendor Payment,VI201068,-2507.75
BT701618,2026-03-18,Customer Receipt,SI101787,8356.45
BT700826,2026-03-18,Customer Receipt,SI100922,665.28
BT700925,2026-03-18,Customer Receipt,SI101029,15396.34
BT703556,2026-03-18,Customer Receipt,SI103950,2129.32
BT706081,2026-03-18,Vendor Payment,VI201757,-1623.73
BT703026,2026-03-19,Customer Receipt,SI103366,8933.49
BT704058,2026-03-19,Customer Receipt,SI104508,3847.77
BT703112,2026-03-19,Customer Receipt,SI103463,7535.1
BT704816,2026-03-19,Vendor Payment,VI200349,-2614.55
BT701234,2026-03-19,Customer Receipt,SI101372,920.98
BT705887,2026-03-19,Vendor Payment,VI201542,-3751.53
BT704468,2026-03-19,Customer Receipt,SI104962,6854.74
BT705544,2026-03-19,Vendor Payment,VI201165,-2041.98
BT701410,2026-03-19,Customer Receipt,SI101560,10112.89
BT703472,2026-03-19,Customer Receipt,SI103858,8542.08
BT705994,2026-03-19,Vendor Payment,VI201659,-5385.96
BT703848,2026-03-19,Customer Receipt,SI104278,11052.11
BT700678,2026-03-19,Customer Receipt,SI100755,4059.2
BT704275,2026-03-19,Customer Receipt,SI104744,624.55
BT704491,2026-03-19,Customer Receipt,SI104986,5831.15
BT700473,2026-03-19,Customer Receipt,SI100528,1428.26
BT702145,2026-03-19,Customer Receipt,SI102392,15135.5
BT700254,2026-03-20,Customer Receipt,SI100282,2051.96
BT701364,2026-03-20,Customer Receipt,SI101510,5216.54
BT702973,2026-03-20,Customer Receipt,SI103306,21891.44
BT704518,2026-03-20,Vendor Payment,VI200015,-4461.51
BT705105,2026-03-20,Vendor Payment,VI200674,-1661.6
BT702260,2026-03-20,Customer Receipt,SI102520,9510.57
BT700469,2026-03-20,Customer Receipt,SI100523,1851.16
BT705804,2026-03-20,Vendor Payment,VI201452,-21549.63
BT704883,2026-03-20,Vendor Payment,VI200422,-2625.02
BT703790,2026-03-20,Customer Receipt,SI104214,1476.36
BT701281,2026-03-20,Customer Receipt,SI101421,16121.6
BT705229,2026-03-20,Vendor Payment,VI200810,-3100.73
BT701039,2026-03-21,Customer Receipt,SI101153,3461.72
BT704958,2026-03-21,Vendor Payment,VI200504,-1784.18
BT706204,2026-03-21,Vendor Payment,VI201896,-6504.39
BT702815,2026-03-21,Customer Receipt,SI103133,7869.48
BT706366,2026-03-21,Vendor Payment,VI202071,-3097.79
BT700881,2026-03-21,Customer Receipt,SI100981,1274.52
BT702574,2026-03-21,Customer Receipt,SI102868,4468.72
BT703918,2026-03-21,Customer Receipt,SI104355,4362.32
BT700898,2026-03-21,Customer Receipt,SI101000,577.03
BT705939,2026-03-21,Vendor Payment,VI201600,-1353.62
BT704767,2026-03-21,Vendor Payment,VI200296,-2507.84
BT703873,2026-03-21,Customer Receipt,SI104305,1396.05
BT701781,2026-03-21,Customer Receipt,SI101980,301.6
BT701882,2026-03-21,Customer Receipt,SI102087,10381.33
BT701319,2026-03-22,Customer Receipt,SI101462,24960.15
BT703415,2026-03-22,Customer Receipt,SI103795,10467.0
BT702863,2026-03-22,Customer Receipt,SI103188,4625.76
BT700663,2026-03-22,Customer Receipt,SI100738,11174.69
BT700451,2026-03-22,Customer Receipt,SI100501,628.65
BT705895,2026-03-22,Vendor Payment,VI201551,-3442.69
BT704492,2026-03-22,Customer Receipt,SI104987,3243.71
BT705012,2026-03-22,Vendor Payment,VI200566,-6825.12
BT702712,2026-03-22,Customer Receipt,SI103018,9555.16
BT701884,2026-03-23,Customer Receipt,SI102089,10282.1
BT705531,2026-03-23,Vendor Payment,VI201151,-3565.62
BT705513,2026-03-23,Vendor Payment,VI201132,-3256.95
BT704229,2026-03-23,Customer Receipt,SI104694,10597.93
BT701487,2026-03-23,Customer Receipt,SI101643,22791.54
BT706199,2026-03-23,Vendor Payment,VI201891,-2390.29
BT702362,2026-03-23,Customer Receipt,SI102638,1020.15
BT705591,2026-03-23,Vendor Payment,VI201217,-3245.94
BT704941,2026-03-23,Vendor Payment,VI200485,-3968.49
BT702322,2026-03-24,Customer Receipt,SI102591,5491.1
BT702128,2026-03-24,Customer Receipt,SI102372,7322.9
BT700141,2026-03-24,Customer Receipt,SI100158,2198.76
BT701866,2026-03-24,Customer Receipt,SI102070,6197.7
BT701266,2026-03-24,Customer Receipt,SI101406,4551.44
BT702845,2026-03-24,Customer Receipt,SI103169,24665.26
BT704140,2026-03-24,Customer Receipt,SI104596,19468.61
BT704761,2026-03-24,Vendor Payment,VI200290,-11708.78
BT702178,2026-03-24,Customer Receipt,SI102429,1553.14
BT702153,2026-03-24,Customer Receipt,SI102403,3027.02
BT705009,2026-03-24,Vendor Payment,VI200561,-7137.75
BT705666,2026-03-24,Vendor Payment,VI201303,-831.87
BT701919,2026-03-24,Customer Receipt,SI102131,5903.82
BT703074,2026-03-24,Customer Receipt,SI103417,10601.93
BT702182,2026-03-24,Customer Receipt,SI102434,577.03
BT703502,2026-03-24,Customer Receipt,SI103888,16236.79
BT704706,2026-03-24,Vendor Payment,VI200228,-6098.89
BT701379,2026-03-25,Customer Receipt,SI101526,4272.99
BT702253,2026-03-25,Customer Receipt,SI102512,11113.99
BT702615,2026-03-25,Customer Receipt,SI102911,4463.96
BT702245,2026-03-25,Customer Receipt,SI102504,3455.69
BT700508,2026-03-25,Customer Receipt,SI100563,405.56
BT703077,2026-03-25,Customer Receipt,SI103421,39695.27
BT702488,2026-03-25,Customer Receipt,SI102775,6542.01
BT701323,2026-03-25,Customer Receipt,SI101466,28809.6
BT702862,2026-03-25,Customer Receipt,SI103187,6622.8
BT705426,2026-03-25,Vendor Payment,VI201035,-6287.28
BT704226,2026-03-25,Customer Receipt,SI104691,453.62
BT701696,2026-03-25,Customer Receipt,SI101883,29289.99
BT705088,2026-03-25,Vendor Payment,VI200652,-2316.34
BT704656,2026-03-25,Vendor Payment,VI200170,-4380.57
BT702487,2026-03-26,Customer Receipt,SI102774,13002.48
BT702475,2026-03-26,Customer Receipt,SI102761,4961.59
BT704152,2026-03-26,Customer Receipt,SI104608,14954.94
BT706112,2026-03-26,Vendor Payment,VI201791,-3995.31
BT706025,2026-03-26,Vendor Payment,VI201693,-4528.86
BT703577,2026-03-26,Customer Receipt,SI103972,36588.79
BT700726,2026-03-26,Customer Receipt,SI100808,6226.0
BT700209,2026-03-26,Customer Receipt,SI100233,14449.36
BT703898,2026-03-26,Customer Receipt,SI104334,8117.76
BT705271,2026-03-26,Vendor Payment,VI200855,-11353.11
BT700099,2026-03-26,Customer Receipt,SI100112,2009.8
BT700218,2026-03-27,Customer Receipt,SI100243,11476.4
BT701093,2026-03-27,Customer Receipt,SI101214,19716.91
BT704043,2026-03-27,Customer Receipt,SI104493,15235.96
BT701978,2026-03-27,Customer Receipt,SI102199,22570.23
BT704180,2026-03-27,Customer Receipt,SI104637,9662.16
BT700603,2026-03-27,Customer Receipt,SI100672,9020.76
BT705453,2026-03-27,Vendor Payment,VI201066,-4504.14
BT701660,2026-03-27,Customer Receipt,SI101841,1190.35
BT701908,2026-03-27,Customer Receipt,SI102119,11803.86
BT703426,2026-03-27,Customer Receipt,SI103807,5216.54
BT705807,2026-03-27,Vendor Payment,VI201455,-2071.68
BT705372,2026-03-27,Vendor Payment,VI200971,-5434.5
BT700422,2026-03-27,Customer Receipt,SI100469,25631.8
BT706051,2026-03-27,Vendor Payment,VI201721,-4550.25
BT704568,2026-03-27,Vendor Payment,VI200072,-2335.32
BT705933,2026-03-27,Vendor Payment,VI201594,-816.1
BT704981,2026-03-27,Vendor Payment,VI200530,-2846.59
BT700461,2026-03-27,Customer Receipt,SI100514,4544.6
BT703959,2026-03-27,Customer Receipt,SI104400,4929.23
BT705210,2026-03-28,Vendor Payment,VI200788,-2387.18
BT704350,2026-03-28,Customer Receipt,SI104832,1141.04
BT701521,2026-03-28,Customer Receipt,SI101681,11995.79
BT700567,2026-03-28,Customer Receipt,SI100634,8139.18
BT706049,2026-03-28,Vendor Payment,VI201719,-3710.66
BT703462,2026-03-28,Customer Receipt,SI103848,37606.04
BT702593,2026-03-28,Customer Receipt,SI102887,14337.04
BT706598,2026-03-28,Operating Expense,EX400120,-108800.22
BT702922,2026-03-28,Customer Receipt,SI103249,680.42
BT705068,2026-03-28,Vendor Payment,VI200629,-4619.76
BT704355,2026-03-28,Customer Receipt,SI104837,2229.14
BT706593,2026-03-28,Operating Expense,EX400115,-69394.11
BT706594,2026-03-28,Operating Expense,EX400116,-167128.34
BT706595,2026-03-28,Operating Expense,EX400117,-89838.16
BT706596,2026-03-28,Operating Expense,EX400118,-69226.48
BT703315,2026-03-28,Customer Receipt,SI103684,2180.68
BT706597,2026-03-28,Operating Expense,EX400119,-49564.13
BT706591,2026-03-28,Operating Expense,EX400113,-852599.09
BT703250,2026-03-28,Customer Receipt,SI103613,15928.04
BT705203,2026-03-28,Vendor Payment,VI200781,-870.6
BT706653,2026-03-28,Payroll,PR500015,-842358.3700000001
BT706592,2026-03-28,Operating Expense,EX400114,-170995.66
BT702395,2026-03-29,Customer Receipt,SI102676,20731.53
BT705474,2026-03-29,Vendor Payment,VI201088,-3608.22
BT706069,2026-03-29,Vendor Payment,VI201744,-2034.5
BT703930,2026-03-29,Customer Receipt,SI104368,13103.85
BT703237,2026-03-29,Customer Receipt,SI103599,1934.75
BT702008,2026-03-29,Customer Receipt,SI102233,6138.1
BT701654,2026-03-29,Customer Receipt,SI101835,7189.32
BT701514,2026-03-29,Customer Receipt,SI101674,34187.31
BT703110,2026-03-29,Customer Receipt,SI103461,624.55
BT703529,2026-03-29,Customer Receipt,SI103919,18448.81
BT703079,2026-03-30,Customer Receipt,SI103423,13365.84
BT702463,2026-03-30,Customer Receipt,SI102748,1785.58
BT704104,2026-03-30,Customer Receipt,SI104557,6726.89
BT701328,2026-03-30,Customer Receipt,SI101471,9300.07
BT703947,2026-03-30,Customer Receipt,SI104386,6069.8
BT700258,2026-03-30,Customer Receipt,SI100286,4083.71
BT702921,2026-03-30,Customer Receipt,SI103248,12451.99
BT701087,2026-03-30,Customer Receipt,SI101206,7931.68
BT705428,2026-03-30,Vendor Payment,VI201039,-2371.52
BT705970,2026-03-30,Vendor Payment,VI201633,-1427.67
BT703349,2026-03-31,Customer Receipt,SI103723,672.86
BT705244,2026-03-31,Vendor Payment,VI200825,-1024.93
BT706132,2026-03-31,Vendor Payment,VI201816,-10999.4
BT704332,2026-03-31,Customer Receipt,SI104812,17874.89
BT701389,2026-03-31,Customer Receipt,SI101537,1579.0
BT700647,2026-03-31,Customer Receipt,SI100721,12836.67
BT706444,2026-04-01,Vendor Payment,VI202159,-2328.75
BT703049,2026-04-01,Customer Receipt,SI103391,15232.44
BT700097,2026-04-01,Customer Receipt,SI100110,2360.84
BT706695,2026-04-01,Loan Payment,LP600037,-96098.85
BT701779,2026-04-01,Customer Receipt,SI101978,16448.14
BT703203,2026-04-01,Customer Receipt,SI103563,3132.66
BT706673,2026-04-01,Loan Payment,LP600015,-204827.04
BT706687,2026-04-01,Loan Payment,LP600029,-164880.03
BT701195,2026-04-01,Customer Receipt,SI101328,6641.8
BT700270,2026-04-01,Customer Receipt,SI100300,1395.29
BT700448,2026-04-01,Customer Receipt,SI100497,5308.69
BT704617,2026-04-01,Vendor Payment,VI200126,-2648.41
BT701416,2026-04-01,Customer Receipt,SI101566,9153.63
BT700163,2026-04-02,Customer Receipt,SI100183,1136.88
BT701150,2026-04-02,Customer Receipt,SI101279,3031.09
BT705283,2026-04-02,Vendor Payment,VI200868,-3945.84
BT703412,2026-04-02,Customer Receipt,SI103792,10673.97
BT700982,2026-04-02,Customer Receipt,SI101090,2239.84
BT702086,2026-04-02,Customer Receipt,SI102320,2737.77
BT701622,2026-04-02,Customer Receipt,SI101793,383.03
BT701642,2026-04-02,Customer Receipt,SI101818,2749.97
BT702136,2026-04-02,Customer Receipt,SI102382,14952.85
BT704266,2026-04-02,Customer Receipt,SI104735,4272.84
BT705472,2026-04-02,Vendor Payment,VI201086,-1397.65
BT703227,2026-04-02,Customer Receipt,SI103588,851.58
BT700485,2026-04-03,Customer Receipt,SI100540,1105.3
BT706416,2026-04-03,Vendor Payment,VI202128,-7257.17
BT702607,2026-04-03,Customer Receipt,SI102903,2421.62
BT702041,2026-04-03,Customer Receipt,SI102270,318.35
BT705194,2026-04-03,Vendor Payment,VI200771,-1867.32
BT703058,2026-04-03,Customer Receipt,SI103400,28360.69
BT701016,2026-04-03,Customer Receipt,SI101127,7637.62
BT702028,2026-04-03,Customer Receipt,SI102257,11553.0
BT706038,2026-04-03,Vendor Payment,VI201708,-1565.81
BT700966,2026-04-03,Customer Receipt,SI101073,9212.58
BT703568,2026-04-03,Customer Receipt,SI103962,8718.3
BT700211,2026-04-03,Customer Receipt,SI100235,37675.48
BT704448,2026-04-03,Customer Receipt,SI104941,11735.01
BT701211,2026-04-03,Customer Receipt,SI101345,3122.5
BT700101,2026-04-04,Customer Receipt,SI100114,3742.82
BT701675,2026-04-04,Customer Receipt,SI101857,9940.54
BT705963,2026-04-04,Vendor Payment,VI201626,-1588.42
BT704949,2026-04-04,Vendor Payment,VI200493,-3750.2
BT704654,2026-04-04,Vendor Payment,VI200166,-2552.82
BT701834,2026-04-04,Customer Receipt,SI102036,2615.49
BT705339,2026-04-04,Vendor Payment,VI200934,-3453.55
BT703686,2026-04-04,Customer Receipt,SI104099,27319.3
BT705952,2026-04-04,Vendor Payment,VI201614,-12331.59
BT700827,2026-04-04,Customer Receipt,SI100923,1130.71
BT706153,2026-04-04,Vendor Payment,VI201839,-3310.38
BT704840,2026-04-04,Vendor Payment,VI200375,-929.99
BT705990,2026-04-05,Vendor Payment,VI201655,-1595.75
BT703741,2026-04-05,Customer Receipt,SI104159,3423.11
BT704290,2026-04-05,Customer Receipt,SI104762,5771.65
BT702707,2026-04-05,Customer Receipt,SI103013,12066.54
BT705877,2026-04-05,Vendor Payment,VI201530,-3597.49
BT702091,2026-04-05,Customer Receipt,SI102327,2328.49
BT704820,2026-04-05,Vendor Payment,VI200353,-3065.37
BT702536,2026-04-05,Customer Receipt,SI102827,603.2
BT701103,2026-04-05,Customer Receipt,SI101226,8695.95
BT703731,2026-04-05,Customer Receipt,SI104147,2342.03
BT702314,2026-04-05,Customer Receipt,SI102583,1171.02
BT700629,2026-04-05,Customer Receipt,SI100701,10681.35
BT703294,2026-04-06,Customer Receipt,SI103661,6854.74
BT704359,2026-04-06,Customer Receipt,SI104841,9848.51
BT701559,2026-04-06,Customer Receipt,SI101723,3641.15
BT702001,2026-04-06,Customer Receipt,SI102225,2841.7
BT705907,2026-04-06,Vendor Payment,VI201565,-5833.45
BT705113,2026-04-06,Vendor Payment,VI200682,-1575.61
BT700348,2026-04-06,Customer Receipt,SI100386,5347.22
BT700964,2026-04-06,Customer Receipt,SI101071,2303.79
BT702208,2026-04-06,Customer Receipt,SI102462,19379.66
BT701104,2026-04-06,Customer Receipt,SI101227,16631.27
BT701740,2026-04-06,Customer Receipt,SI101934,1873.65
BT704810,2026-04-06,Vendor Payment,VI200343,-7116.55
BT700571,2026-04-06,Customer Receipt,SI100638,5653.54
BT703563,2026-04-06,Customer Receipt,SI103957,4758.06
BT703974,2026-04-06,Customer Receipt,SI104417,12845.21
BT704586,2026-04-06,Vendor Payment,VI200090,-1516.68
BT701474,2026-04-06,Customer Receipt,SI101629,16711.88
BT700303,2026-04-07,Customer Receipt,SI100339,5125.24
BT701506,2026-04-07,Customer Receipt,SI101666,5960.74
BT705876,2026-04-07,Vendor Payment,VI201529,-1804.59
BT703630,2026-04-07,Customer Receipt,SI104033,8179.3
BT706173,2026-04-07,Vendor Payment,VI201862,-1469.74
BT704308,2026-04-07,Customer Receipt,SI104784,6910.51
BT705951,2026-04-07,Vendor Payment,VI201613,-1934.9
BT705704,2026-04-07,Vendor Payment,VI201342,-1515.65
BT701419,2026-04-07,Customer Receipt,SI101569,7878.81
BT702957,2026-04-07,Customer Receipt,SI103289,1343.47
BT701609,2026-04-07,Customer Receipt,SI101778,2429.28
BT706260,2026-04-07,Vendor Payment,VI201956,-2550.95
BT703863,2026-04-07,Customer Receipt,SI104293,1840.53
BT705607,2026-04-08,Vendor Payment,VI201234,-2659.25
BT702505,2026-04-08,Customer Receipt,SI102793,16078.36
BT704160,2026-04-08,Customer Receipt,SI104616,22464.14
BT705136,2026-04-08,Vendor Payment,VI200707,-3940.12
BT704429,2026-04-08,Customer Receipt,SI104921,2884.92
BT702020,2026-04-08,Customer Receipt,SI102248,5641.23
BT703719,2026-04-09,Customer Receipt,SI104133,10597.93
BT702998,2026-04-09,Customer Receipt,SI103333,4678.52
BT705272,2026-04-09,Vendor Payment,VI200856,-4035.44
BT702469,2026-04-09,Customer Receipt,SI102755,2156.84
BT701467,2026-04-09,Customer Receipt,SI101622,2354.14
BT703496,2026-04-09,Customer Receipt,SI103882,6411.96
BT703067,2026-04-09,Customer Receipt,SI103409,10376.66
BT704416,2026-04-09,Customer Receipt,SI104906,7781.38
BT703656,2026-04-09,Customer Receipt,SI104060,2885.82
BT703276,2026-04-09,Customer Receipt,SI103642,5903.82
BT704466,2026-04-10,Customer Receipt,SI104960,3641.37
BT702171,2026-04-10,Customer Receipt,SI102422,8390.25
BT705538,2026-04-10,Vendor Payment,VI201158,-7948.18
BT703367,2026-04-10,Customer Receipt,SI103742,5133.76
BT705521,2026-04-10,Vendor Payment,VI201140,-500.0
BT704786,2026-04-10,Vendor Payment,VI200316,-2554.45
BT703976,2026-04-10,Customer Receipt,SI104419,752.02
BT703549,2026-04-10,Customer Receipt,SI103940,7205.11
BT700374,2026-04-10,Customer Receipt,SI100417,2683.69
BT702407,2026-04-10,Customer Receipt,SI102689,12352.36
BT701695,2026-04-10,Customer Receipt,SI101882,900.03
BT704532,2026-04-10,Vendor Payment,VI200030,-3487.28
BT701401,2026-04-10,Customer Receipt,SI101550,1273.42
BT703331,2026-04-10,Customer Receipt,SI103701,6234.07
BT702919,2026-04-11,Customer Receipt,SI103246,3830.27
BT705826,2026-04-11,Vendor Payment,VI201475,-3824.38
BT704733,2026-04-11,Vendor Payment,VI200258,-4366.15
BT703584,2026-04-11,Customer Receipt,SI103981,453.4
BT705278,2026-04-11,Vendor Payment,VI200863,-4711.67
BT701107,2026-04-11,Customer Receipt,SI101230,4331.61
BT701038,2026-04-11,Customer Receipt,SI101152,6411.96
BT701424,2026-04-11,Customer Receipt,SI101575,7427.5
BT705001,2026-04-11,Vendor Payment,VI200552,-3466.51
BT705626,2026-04-11,Vendor Payment,VI201256,-1310.69
BT701308,2026-04-12,Customer Receipt,SI101450,2051.96
BT701697,2026-04-12,Customer Receipt,SI101884,5447.76
BT705837,2026-04-12,Vendor Payment,VI201488,-5429.08
BT704563,2026-04-12,Vendor Payment,VI200066,-1193.82
BT705536,2026-04-12,Vendor Payment,VI201156,-1934.7
BT705520,2026-04-12,Vendor Payment,VI201139,-2212.23
BT700284,2026-04-12,Customer Receipt,SI100316,5066.24
BT701874,2026-04-13,Customer Receipt,SI102079,15609.22
BT700618,2026-04-13,Customer Receipt,SI100688,2239.84
BT703171,2026-04-13,Customer Receipt,SI103527,10377.9
BT703308,2026-04-13,Customer Receipt,SI103675,15926.08
BT703438,2026-04-13,Customer Receipt,SI103821,8937.44
BT701900,2026-04-13,Customer Receipt,SI102109,3067.55
BT701259,2026-04-13,Customer Receipt,SI101399,27748.41
BT702103,2026-04-13,Customer Receipt,SI102343,7913.71
BT704034,2026-04-13,Customer Receipt,SI104484,1527.43
BT702279,2026-04-13,Customer Receipt,SI102545,14410.22
BT702358,2026-04-13,Customer Receipt,SI102634,5728.22
BT702033,2026-04-13,Customer Receipt,SI102262,11166.87
BT700984,2026-04-13,Customer Receipt,SI101092,17295.47
BT704544,2026-04-13,Vendor Payment,VI200043,-11009.16
BT700468,2026-04-13,Customer Receipt,SI100522,7533.79
BT701708,2026-04-13,Customer Receipt,SI101896,1916.81
BT705005,2026-04-14,Vendor Payment,VI200557,-6178.47
BT703211,2026-04-14,Customer Receipt,SI103572,18210.76
BT704331,2026-04-14,Customer Receipt,SI104811,1324.82
BT702804,2026-04-14,Customer Receipt,SI103119,25193.83
BT704951,2026-04-14,Vendor Payment,VI200496,-1835.82
BT703644,2026-04-14,Customer Receipt,SI104047,1421.1
BT705821,2026-04-14,Vendor Payment,VI201469,-2126.73
BT704364,2026-04-14,Customer Receipt,SI104847,1899.84
BT703531,2026-04-14,Customer Receipt,SI103921,591.67
BT704987,2026-04-14,Vendor Payment,VI200536,-3000.62
BT706009,2026-04-14,Vendor Payment,VI201675,-4378.0
BT703542,2026-04-14,Customer Receipt,SI103932,27647.13
BT702477,2026-04-14,Customer Receipt,SI102763,10099.12
BT702198,2026-04-14,Customer Receipt,SI102451,2823.34
BT706420,2026-04-14,Vendor Payment,VI202133,-4122.97
BT705931,2026-04-14,Vendor Payment,VI201591,-4547.15
BT703597,2026-04-15,Customer Receipt,SI103996,425.79
BT706085,2026-04-15,Vendor Payment,VI201761,-1506.57
BT700456,2026-04-15,Customer Receipt,SI100508,647.6
BT702564,2026-04-15,Customer Receipt,SI102858,408.06
BT701226,2026-04-15,Customer Receipt,SI101362,24847.15
BT703185,2026-04-15,Customer Receipt,SI103542,10406.15
BT702291,2026-04-15,Customer Receipt,SI102557,6415.14
BT703334,2026-04-15,Customer Receipt,SI103705,6923.45
BT700546,2026-04-15,Customer Receipt,SI100608,1156.17
BT702988,2026-04-15,Customer Receipt,SI103322,12995.77
BT706437,2026-04-15,Vendor Payment,VI202152,-500.0
BT705546,2026-04-15,Vendor Payment,VI201167,-5929.41
BT704799,2026-04-16,Vendor Payment,VI200331,-2721.31
BT700124,2026-04-16,Customer Receipt,SI100138,2762.95
BT705611,2026-04-16,Vendor Payment,VI201239,-3121.38
BT701755,2026-04-16,Customer Receipt,SI101949,4716.64
BT704642,2026-04-16,Vendor Payment,VI200154,-6093.72
BT702538,2026-04-16,Customer Receipt,SI102829,21150.56
BT700549,2026-04-16,Customer Receipt,SI100613,2034.14
BT702376,2026-04-16,Customer Receipt,SI102655,16630.7
BT705382,2026-04-16,Vendor Payment,VI200981,-8070.55
BT701604,2026-04-16,Customer Receipt,SI101773,1523.88
BT705415,2026-04-16,Vendor Payment,VI201022,-2910.19
BT701360,2026-04-16,Customer Receipt,SI101505,1555.16
BT702732,2026-04-17,Customer Receipt,SI103039,686.02
BT704099,2026-04-17,Customer Receipt,SI104551,8210.74
BT704720,2026-04-17,Vendor Payment,VI200244,-948.3
BT702215,2026-04-17,Customer Receipt,SI102470,5157.28
BT700331,2026-04-17,Customer Receipt,SI100367,9767.02
BT702669,2026-04-17,Customer Receipt,SI102973,1396.05
BT703672,2026-04-17,Customer Receipt,SI104079,12080.42
BT701427,2026-04-17,Customer Receipt,SI101578,6218.9
BT704592,2026-04-17,Vendor Payment,VI200097,-6695.89
BT703091,2026-04-17,Customer Receipt,SI103438,1206.65
BT705486,2026-04-17,Vendor Payment,VI201104,-2833.94
BT706238,2026-04-17,Vendor Payment,VI201933,-581.66
BT702543,2026-04-17,Customer Receipt,SI102834,12684.11
BT702592,2026-04-17,Customer Receipt,SI102886,25381.38
BT702350,2026-04-17,Customer Receipt,SI102625,10581.36
BT705886,2026-04-17,Vendor Payment,VI201541,-3300.09
BT704212,2026-04-18,Customer Receipt,SI104676,1109.38
BT704749,2026-04-18,Vendor Payment,VI200278,-2515.94
BT700208,2026-04-18,Customer Receipt,SI100232,9543.67
BT704004,2026-04-18,Customer Receipt,SI104450,1583.3
BT703730,2026-04-18,Customer Receipt,SI104146,2342.03
BT701530,2026-04-18,Customer Receipt,SI101690,16691.95
BT704825,2026-04-18,Vendor Payment,VI200359,-3235.14
BT705341,2026-04-18,Vendor Payment,VI200936,-1809.41
BT705882,2026-04-18,Vendor Payment,VI201537,-2143.93
BT706231,2026-04-18,Vendor Payment,VI201926,-962.04
BT702843,2026-04-18,Customer Receipt,SI103167,851.58
BT706139,2026-04-18,Vendor Payment,VI201825,-1968.38
BT702635,2026-04-18,Customer Receipt,SI102934,5334.3
BT701903,2026-04-18,Customer Receipt,SI102113,6938.64
BT703632,2026-04-19,Customer Receipt,SI104035,1853.28
BT704102,2026-04-19,Customer Receipt,SI104555,1675.55
BT705715,2026-04-19,Vendor Payment,VI201354,-3990.53
BT703096,2026-04-19,Customer Receipt,SI103443,21150.56
BT703783,2026-04-19,Customer Receipt,SI104207,33600.8
BT705050,2026-04-19,Vendor Payment,VI200611,-4507.3
BT703169,2026-04-19,Customer Receipt,SI103525,23030.61
BT704680,2026-04-19,Vendor Payment,VI200199,-2911.85
BT706371,2026-04-19,Vendor Payment,VI202077,-2508.75
BT704093,2026-04-19,Customer Receipt,SI104544,11431.62
BT704892,2026-04-19,Vendor Payment,VI200431,-1231.75
BT702457,2026-04-19,Customer Receipt,SI102741,3424.71
BT706246,2026-04-19,Vendor Payment,VI201941,-1333.08
BT701159,2026-04-19,Customer Receipt,SI101289,284.84
BT706233,2026-04-19,Vendor Payment,VI201928,-3970.31
BT704501,2026-04-20,Customer Receipt,SI104997,8738.24
BT700718,2026-04-20,Customer Receipt,SI100798,25260.62
BT703122,2026-04-20,Customer Receipt,SI103473,739.59
BT705230,2026-04-20,Vendor Payment,VI200811,-2147.21
BT701543,2026-04-20,Customer Receipt,SI101703,1989.19
BT701522,2026-04-20,Customer Receipt,SI101682,1367.38
BT703609,2026-04-20,Customer Receipt,SI104008,9511.66
BT702009,2026-04-20,Customer Receipt,SI102234,2229.14
BT700227,2026-04-21,Customer Receipt,SI100252,5580.04
BT700423,2026-04-21,Customer Receipt,SI100470,7754.69
BT700990,2026-04-21,Customer Receipt,SI101098,483.2
BT705457,2026-04-21,Vendor Payment,VI201070,-7216.72
BT705057,2026-04-21,Vendor Payment,VI200618,-1453.8
BT705417,2026-04-21,Vendor Payment,VI201024,-8104.39
BT703670,2026-04-21,Customer Receipt,SI104077,3228.77
BT702018,2026-04-21,Customer Receipt,SI102245,4757.83
BT702025,2026-04-21,Customer Receipt,SI102253,16789.79
BT705909,2026-04-21,Vendor Payment,VI201568,-1697.24
BT701142,2026-04-21,Customer Receipt,SI101270,1785.58
BT705553,2026-04-21,Vendor Payment,VI201174,-2598.05
BT700249,2026-04-22,Customer Receipt,SI100277,25949.67
BT700278,2026-04-22,Customer Receipt,SI100309,10925.64
BT703992,2026-04-22,Customer Receipt,SI104436,15209.85
BT701614,2026-04-22,Customer Receipt,SI101783,11699.03
BT704095,2026-04-22,Customer Receipt,SI104546,12544.63
BT703393,2026-04-22,Customer Receipt,SI103771,1527.43
BT700764,2026-04-22,Customer Receipt,SI100849,1555.16
BT701381,2026-04-22,Customer Receipt,SI101528,3969.33
BT702399,2026-04-22,Customer Receipt,SI102681,10256.19
BT702580,2026-04-22,Customer Receipt,SI102874,6230.0
BT704455,2026-04-23,Customer Receipt,SI104949,1023.04
BT703174,2026-04-23,Customer Receipt,SI103530,5695.96
BT700859,2026-04-23,Customer Receipt,SI100958,20176.9
BT705185,2026-04-23,Vendor Payment,VI200761,-2950.38
BT703679,2026-04-23,Customer Receipt,SI104090,4041.45
BT705292,2026-04-23,Vendor Payment,VI200878,-3131.88
BT704979,2026-04-23,Vendor Payment,VI200528,-4595.35
BT704407,2026-04-23,Customer Receipt,SI104895,20656.75
BT705030,2026-04-23,Vendor Payment,VI200586,-2738.0
BT704845,2026-04-23,Vendor Payment,VI200381,-1163.02
BT701032,2026-04-23,Customer Receipt,SI101143,7751.86
BT701349,2026-04-24,Customer Receipt,SI101493,6726.89
BT704176,2026-04-24,Customer Receipt,SI104633,5097.9
BT700145,2026-04-24,Customer Receipt,SI100162,7313.89
BT701014,2026-04-24,Customer Receipt,SI101125,12291.35
BT700167,2026-04-24,Customer Receipt,SI100187,1596.99
BT701126,2026-04-24,Customer Receipt,SI101249,8408.61
BT704028,2026-04-24,Customer Receipt,SI104477,1307.41
BT704241,2026-04-24,Customer Receipt,SI104707,3852.8
BT702900,2026-04-24,Customer Receipt,SI103226,14976.09
BT700645,2026-04-24,Customer Receipt,SI100719,5264.14
BT700935,2026-04-24,Customer Receipt,SI101040,7219.35
BT701603,2026-04-24,Customer Receipt,SI101772,9453.56
BT704579,2026-04-24,Vendor Payment,VI200083,-1525.74
BT704471,2026-04-25,Customer Receipt,SI104965,2229.69
BT701691,2026-04-25,Customer Receipt,SI101875,11302.64
BT704144,2026-04-25,Customer Receipt,SI104600,967.38
BT701852,2026-04-25,Customer Receipt,SI102054,4181.54
BT703562,2026-04-25,Customer Receipt,SI103956,2328.49
BT703023,2026-04-25,Customer Receipt,SI103361,450.02
BT701091,2026-04-25,Customer Receipt,SI101212,18041.85
BT706012,2026-04-25,Vendor Payment,VI201679,-2940.54
BT704571,2026-04-25,Vendor Payment,VI200075,-3289.22
BT702933,2026-04-25,Customer Receipt,SI103261,1727.84
BT704649,2026-04-25,Vendor Payment,VI200161,-2846.71
BT700868,2026-04-25,Customer Receipt,SI100967,3227.04
BT705061,2026-04-26,Vendor Payment,VI200622,-1984.79
BT703261,2026-04-26,Customer Receipt,SI103625,20619.26
BT700591,2026-04-26,Customer Receipt,SI100660,12562.15
BT706403,2026-04-26,Vendor Payment,VI202112,-2375.8
BT700463,2026-04-26,Customer Receipt,SI100516,4953.81
BT705110,2026-04-26,Vendor Payment,VI200679,-3571.0
BT702654,2026-04-26,Customer Receipt,SI102955,5525.91
BT705883,2026-04-26,Vendor Payment,VI201538,-3546.06
BT702304,2026-04-26,Customer Receipt,SI102573,2061.72
BT706159,2026-04-26,Vendor Payment,VI201846,-5052.81
BT703092,2026-04-26,Customer Receipt,SI103439,1942.79
BT705319,2026-04-27,Vendor Payment,VI200911,-1179.36
BT703985,2026-04-27,Customer Receipt,SI104429,9443.38
BT700809,2026-04-27,Customer Receipt,SI100902,1612.29
BT701711,2026-04-27,Customer Receipt,SI101899,12898.33
BT702192,2026-04-27,Customer Receipt,SI102444,8201.82
BT701544,2026-04-27,Customer Receipt,SI101705,2948.97
BT700599,2026-04-27,Customer Receipt,SI100668,23118.97
BT705832,2026-04-27,Vendor Payment,VI201483,-5818.04
BT703068,2026-04-27,Customer Receipt,SI103410,6860.23
BT700915,2026-04-27,Customer Receipt,SI101017,15678.89
BT702838,2026-04-27,Customer Receipt,SI103162,7074.96
BT704024,2026-04-27,Customer Receipt,SI104471,13706.01
BT703806,2026-04-27,Customer Receipt,SI104232,865.55
BT706306,2026-04-27,Vendor Payment,VI202006,-3807.76
BT704445,2026-04-27,Customer Receipt,SI104938,4831.6
BT705785,2026-04-27,Vendor Payment,VI201431,-2893.68
BT702689,2026-04-28,Customer Receipt,SI102995,20229.1
BT705029,2026-04-28,Vendor Payment,VI200585,-3859.26
BT702527,2026-04-28,Customer Receipt,SI102815,22181.53
BT701904,2026-04-28,Customer Receipt,SI102114,11302.64
BT706600,2026-04-28,Operating Expense,EX400122,-179740.3
BT706601,2026-04-28,Operating Expense,EX400123,-69669.96
BT704993,2026-04-28,Vendor Payment,VI200543,-2196.29
BT706603,2026-04-28,Operating Expense,EX400125,-103163.81
BT701949,2026-04-28,Customer Receipt,SI102164,14978.01
BT706599,2026-04-28,Operating Expense,EX400121,-877624.65
BT706602,2026-04-28,Operating Expense,EX400124,-178455.18
BT706654,2026-04-28,Payroll,PR500016,-861769.08
BT705462,2026-04-28,Vendor Payment,VI201075,-3680.74
BT701729,2026-04-28,Customer Receipt,SI101921,2327.3
BT702799,2026-04-28,Customer Receipt,SI103113,22570.23
BT706606,2026-04-28,Operating Expense,EX400128,-109148.85
BT702045,2026-04-28,Customer Receipt,SI102274,6226.0
BT706605,2026-04-28,Operating Expense,EX400127,-46318.68
BT706604,2026-04-28,Operating Expense,EX400126,-65580.37
BT701628,2026-04-28,Customer Receipt,SI101801,2823.34
BT705363,2026-04-29,Vendor Payment,VI200961,-2330.31
BT701500,2026-04-29,Customer Receipt,SI101660,1277.37
BT703560,2026-04-29,Customer Receipt,SI103954,12836.67
BT702242,2026-04-29,Customer Receipt,SI102501,4382.21
BT702056,2026-04-29,Customer Receipt,SI102285,9984.06
BT706041,2026-04-29,Vendor Payment,VI201711,-2818.37
BT705082,2026-04-29,Vendor Payment,VI200646,-2378.68
BT703029,2026-04-29,Customer Receipt,SI103370,2113.7
BT703440,2026-04-29,Customer Receipt,SI103823,36844.3
BT702403,2026-04-30,Customer Receipt,SI102685,5584.22
BT702430,2026-04-30,Customer Receipt,SI102712,24335.76
BT700568,2026-04-30,Customer Receipt,SI100635,1606.8
BT700474,2026-04-30,Customer Receipt,SI100529,16630.7
BT701929,2026-04-30,Customer Receipt,SI102143,5960.74
BT703989,2026-04-30,Customer Receipt,SI104433,16391.58
BT705858,2026-04-30,Vendor Payment,VI201510,-2027.53
BT703653,2026-04-30,Customer Receipt,SI104056,3969.27
BT703268,2026-04-30,Customer Receipt,SI103633,3294.66
BT705713,2026-04-30,Vendor Payment,VI201352,-1644.88
BT704882,2026-04-30,Vendor Payment,VI200421,-7857.51
BT706239,2026-04-30,Vendor Payment,VI201934,-3709.68
BT703953,2026-04-30,Customer Receipt,SI104393,30214.94
BT703033,2026-04-30,Customer Receipt,SI103375,3809.4
BT705552,2026-04-30,Vendor Payment,VI201173,-880.1
BT705334,2026-04-30,Vendor Payment,VI200927,-911.81
BT703928,2026-04-30,Customer Receipt,SI104366,6763.52
BT703595,2026-04-30,Customer Receipt,SI103993,1328.72
BT705388,2026-04-30,Vendor Payment,VI200989,-4006.52
BT706015,2026-05-01,Vendor Payment,VI201682,-6293.36
BT701005,2026-05-01,Customer Receipt,SI101116,4165.11
BT703924,2026-05-01,Customer Receipt,SI104362,892.79
BT705647,2026-05-01,Vendor Payment,VI201281,-1083.25
BT706141,2026-05-01,Vendor Payment,VI201827,-4925.62
BT703376,2026-05-01,Customer Receipt,SI103752,1392.68
BT705449,2026-05-01,Vendor Payment,VI201061,-4354.5
BT706696,2026-05-01,Loan Payment,LP600038,-96098.85
BT703612,2026-05-01,Customer Receipt,SI104011,3810.21
BT701125,2026-05-01,Customer Receipt,SI101248,2301.83
BT701369,2026-05-01,Customer Receipt,SI101515,2029.6
BT705045,2026-05-01,Vendor Payment,VI200606,-924.12
BT703906,2026-05-01,Customer Receipt,SI104343,5008.24
BT701672,2026-05-01,Customer Receipt,SI101854,15572.0
BT701963,2026-05-01,Customer Receipt,SI102180,2016.9
BT706674,2026-05-01,Loan Payment,LP600016,-204827.04
BT706688,2026-05-01,Loan Payment,LP600030,-164880.03
BT702698,2026-05-01,Customer Receipt,SI103004,1153.91
BT705958,2026-05-01,Vendor Payment,VI201621,-7985.18
BT703025,2026-05-01,Customer Receipt,SI103365,11045.04
BT703040,2026-05-01,Customer Receipt,SI103382,360.5
BT705786,2026-05-01,Vendor Payment,VI201432,-1303.04
BT706062,2026-05-02,Vendor Payment,VI201737,-1573.85
BT703663,2026-05-02,Customer Receipt,SI104067,4006.59
BT703980,2026-05-02,Customer Receipt,SI104423,17628.85
BT706476,2026-05-02,Vendor Payment,VI202197,-3266.0
BT701864,2026-05-02,Customer Receipt,SI102068,8326.6
BT703950,2026-05-02,Customer Receipt,SI104390,19534.03
BT701888,2026-05-02,Customer Receipt,SI102095,12980.69
BT701534,2026-05-02,Customer Receipt,SI101694,3447.24
BT701350,2026-05-02,Customer Receipt,SI101494,1270.18
BT704086,2026-05-02,Customer Receipt,SI104536,9848.51
BT703344,2026-05-03,Customer Receipt,SI103718,1299.83
BT702653,2026-05-03,Customer Receipt,SI102954,2496.02
BT702459,2026-05-03,Customer Receipt,SI102743,7121.65
BT701065,2026-05-03,Customer Receipt,SI101181,3934.8
BT702301,2026-05-03,Customer Receipt,SI102568,14427.58
BT700941,2026-05-03,Customer Receipt,SI101046,2677.29
BT702881,2026-05-03,Customer Receipt,SI103207,1343.47
BT700552,2026-05-03,Customer Receipt,SI100616,31092.19
BT703913,2026-05-03,Customer Receipt,SI104350,7078.26
BT706100,2026-05-03,Vendor Payment,VI201777,-2766.67
BT705836,2026-05-04,Vendor Payment,VI201487,-3057.25
BT703651,2026-05-04,Customer Receipt,SI104054,2190.77
BT701575,2026-05-04,Customer Receipt,SI101742,7913.71
BT705155,2026-05-04,Vendor Payment,VI200728,-2406.49
BT704838,2026-05-04,Vendor Payment,VI200373,-3332.91
BT700347,2026-05-04,Customer Receipt,SI100385,656.82
BT702302,2026-05-04,Customer Receipt,SI102571,3125.87
BT702825,2026-05-04,Customer Receipt,SI103147,360.5
BT705777,2026-05-04,Vendor Payment,VI201423,-1741.49
BT704515,2026-05-04,Vendor Payment,VI200012,-3536.73
BT700612,2026-05-04,Customer Receipt,SI100681,1601.86
BT701513,2026-05-05,Customer Receipt,SI101673,1055.34
BT701648,2026-05-05,Customer Receipt,SI101826,484.6
BT705737,2026-05-05,Vendor Payment,VI201378,-5681.85
BT704263,2026-05-05,Customer Receipt,SI104732,9717.12
BT701635,2026-05-05,Customer Receipt,SI101809,4802.16
BT702261,2026-05-05,Customer Receipt,SI102521,5930.39
BT706447,2026-05-05,Vendor Payment,VI202163,-5138.02
BT700947,2026-05-05,Customer Receipt,SI101052,16015.81
BT701699,2026-05-05,Customer Receipt,SI101886,1943.42
BT705835,2026-05-05,Vendor Payment,VI201486,-2929.53
BT703541,2026-05-05,Customer Receipt,SI103931,5426.12
BT705503,2026-05-05,Vendor Payment,VI201122,-2274.38
BT700214,2026-05-06,Customer Receipt,SI100239,6554.47
BT700304,2026-05-06,Customer Receipt,SI100340,4632.13
BT703453,2026-05-06,Customer Receipt,SI103837,6554.47
BT700684,2026-05-06,Customer Receipt,SI100762,3455.69
BT703133,2026-05-06,Customer Receipt,SI103487,6146.99
BT703889,2026-05-06,Customer Receipt,SI104324,4992.03
BT700082,2026-05-06,Customer Receipt,SI100094,3740.45
BT704280,2026-05-06,Customer Receipt,SI104749,14424.58
BT700855,2026-05-07,Customer Receipt,SI100953,11804.22
BT701606,2026-05-07,Customer Receipt,SI101775,2128.95
BT704585,2026-05-07,Vendor Payment,VI200089,-5928.22
BT703868,2026-05-07,Customer Receipt,SI104298,3298.13
BT706433,2026-05-07,Vendor Payment,VI202146,-3769.04
BT704593,2026-05-07,Vendor Payment,VI200098,-6815.45
BT701100,2026-05-07,Customer Receipt,SI101223,3494.7
BT703870,2026-05-07,Customer Receipt,SI104301,16430.76
BT705442,2026-05-07,Vendor Payment,VI201054,-1281.07
BT705101,2026-05-07,Vendor Payment,VI200668,-4294.03
BT703081,2026-05-07,Customer Receipt,SI103425,1331.26
BT703408,2026-05-07,Customer Receipt,SI103788,9224.4
BT704603,2026-05-07,Vendor Payment,VI200110,-12264.21
BT701771,2026-05-08,Customer Receipt,SI101968,2374.8
BT703000,2026-05-08,Customer Receipt,SI103335,16602.66
BT704788,2026-05-08,Vendor Payment,VI200318,-7502.31
BT700165,2026-05-08,Customer Receipt,SI100185,2748.44
BT703484,2026-05-08,Customer Receipt,SI103870,6293.94
BT700692,2026-05-08,Customer Receipt,SI100772,14984.52
BT704505,2026-05-08,Vendor Payment,VI200002,-2274.0
BT704447,2026-05-08,Customer Receipt,SI104940,757.92
BT704879,2026-05-08,Vendor Payment,VI200418,-6789.25
BT706039,2026-05-08,Vendor Payment,VI201709,-5369.15
BT704856,2026-05-08,Vendor Payment,VI200392,-1434.27
BT701577,2026-05-08,Customer Receipt,SI101744,2895.14
BT702659,2026-05-09,Customer Receipt,SI102960,728.27
BT705861,2026-05-09,Vendor Payment,VI201513,-2093.99
BT706362,2026-05-09,Vendor Payment,VI202067,-1858.34
BT701248,2026-05-09,Customer Receipt,SI101386,1625.31
BT705430,2026-05-09,Vendor Payment,VI201041,-4597.75
BT706301,2026-05-09,Vendor Payment,VI202000,-2665.12
BT702820,2026-05-09,Customer Receipt,SI103138,7297.15
BT705543,2026-05-09,Vendor Payment,VI201164,-3022.05
BT700149,2026-05-09,Customer Receipt,SI100166,1655.19
BT705569,2026-05-10,Vendor Payment,VI201192,-1997.07
BT704864,2026-05-10,Vendor Payment,VI200401,-4155.92
BT703329,2026-05-10,Customer Receipt,SI103699,6860.23
BT704443,2026-05-10,Customer Receipt,SI104936,9594.16
BT702471,2026-05-10,Customer Receipt,SI102757,9717.12
BT701477,2026-05-10,Customer Receipt,SI101633,2537.41
BT701698,2026-05-10,Customer Receipt,SI101885,9278.68
BT704207,2026-05-10,Customer Receipt,SI104671,2100.38
BT703684,2026-05-10,Customer Receipt,SI104096,11174.69
BT705640,2026-05-10,Vendor Payment,VI201272,-1259.89
BT701267,2026-05-10,Customer Receipt,SI101407,9923.19
BT704527,2026-05-11,Vendor Payment,VI200025,-3197.47
BT703471,2026-05-11,Customer Receipt,SI103857,3027.02
BT704982,2026-05-11,Vendor Payment,VI200531,-1622.28
BT700205,2026-05-11,Customer Receipt,SI100229,805.29
BT701041,2026-05-11,Customer Receipt,SI101155,408.06
BT705346,2026-05-11,Vendor Payment,VI200943,-3171.41
BT704477,2026-05-11,Customer Receipt,SI104971,10628.38
BT702280,2026-05-11,Customer Receipt,SI102546,24680.39
BT704391,2026-05-11,Customer Receipt,SI104877,966.4
BT705762,2026-05-11,Vendor Payment,VI201406,-3251.2
BT700013,2026-05-11,Customer Receipt,SI100013,811.12
BT700903,2026-05-11,Customer Receipt,SI101005,145.27
BT701141,2026-05-12,Customer Receipt,SI101269,11844.74
BT703210,2026-05-12,Customer Receipt,SI103571,10247.21
BT706137,2026-05-12,Vendor Payment,VI201823,-3036.73
BT703341,2026-05-12,Customer Receipt,SI103715,712.44
BT700665,2026-05-12,Customer Receipt,SI100740,8697.97
BT706436,2026-05-12,Vendor Payment,VI202151,-4181.98
BT705987,2026-05-12,Vendor Payment,VI201651,-9347.51
BT702499,2026-05-12,Customer Receipt,SI102786,1828.51
BT700763,2026-05-12,Customer Receipt,SI100848,2533.25
BT704158,2026-05-12,Customer Receipt,SI104614,2239.84
BT702664,2026-05-12,Customer Receipt,SI102966,22295.38
BT705854,2026-05-12,Vendor Payment,VI201506,-4644.96
BT703198,2026-05-13,Customer Receipt,SI103557,2980.26
BT704732,2026-05-13,Vendor Payment,VI200257,-1661.81
BT701679,2026-05-13,Customer Receipt,SI101863,13160.82
BT703723,2026-05-13,Customer Receipt,SI104137,5475.01
BT702983,2026-05-13,Customer Receipt,SI103317,17211.16
BT700937,2026-05-13,Customer Receipt,SI101042,4710.19
BT704142,2026-05-13,Customer Receipt,SI104598,13806.3
BT703564,2026-05-13,Customer Receipt,SI103958,1085.68
BT704545,2026-05-14,Vendor Payment,VI200044,-1427.57
BT704918,2026-05-14,Vendor Payment,VI200458,-2565.75
BT701586,2026-05-14,Customer Receipt,SI101754,9225.52
BT706294,2026-05-14,Vendor Payment,VI201992,-3698.97
BT706414,2026-05-14,Vendor Payment,VI202125,-2702.45
BT704044,2026-05-14,Customer Receipt,SI104494,20512.39
BT701007,2026-05-14,Customer Receipt,SI101118,7816.81
BT701994,2026-05-14,Customer Receipt,SI102217,5769.54
BT700869,2026-05-14,Customer Receipt,SI100968,8927.91
BT702701,2026-05-14,Customer Receipt,SI103007,10103.62
BT700564,2026-05-14,Customer Receipt,SI100630,2474.06
BT705919,2026-05-14,Vendor Payment,VI201578,-2123.98
BT700499,2026-05-14,Customer Receipt,SI100554,23283.78
BT702624,2026-05-15,Customer Receipt,SI102922,686.02
BT705400,2026-05-15,Vendor Payment,VI201004,-2149.41
BT705808,2026-05-15,Vendor Payment,VI201456,-5123.7
BT701545,2026-05-15,Customer Receipt,SI101706,12352.36
BT705407,2026-05-15,Vendor Payment,VI201012,-4278.61
BT703419,2026-05-15,Customer Receipt,SI103799,4396.5
BT705629,2026-05-15,Vendor Payment,VI201259,-4949.99
BT701106,2026-05-16,Customer Receipt,SI101229,3847.77
BT704997,2026-05-16,Vendor Payment,VI200547,-936.39
BT700584,2026-05-16,Customer Receipt,SI100652,10406.15
BT701199,2026-05-16,Customer Receipt,SI101332,4163.1
BT705703,2026-05-16,Vendor Payment,VI201341,-4610.45
BT703225,2026-05-16,Customer Receipt,SI103586,8077.36
BT700071,2026-05-16,Customer Receipt,SI100081,12564.49
BT702785,2026-05-16,Customer Receipt,SI103097,6797.22
BT702462,2026-05-16,Customer Receipt,SI102747,11174.69
BT702515,2026-05-16,Customer Receipt,SI102803,1360.85
BT704260,2026-05-16,Customer Receipt,SI104727,6286.84
BT704526,2026-05-16,Vendor Payment,VI200024,-1995.29
BT702154,2026-05-16,Customer Receipt,SI102404,5932.01
BT701704,2026-05-16,Customer Receipt,SI101891,33089.18
BT703108,2026-05-16,Customer Receipt,SI103458,5705.18
BT704881,2026-05-16,Vendor Payment,VI200420,-1854.24
BT700940,2026-05-17,Customer Receipt,SI101045,29302.51
BT702710,2026-05-17,Customer Receipt,SI103016,19110.33
BT705379,2026-05-17,Vendor Payment,VI200978,-3418.9
BT704370,2026-05-17,Customer Receipt,SI104854,5979.24
BT701367,2026-05-17,Customer Receipt,SI101513,7533.79
BT703395,2026-05-17,Customer Receipt,SI103773,4281.74
BT704726,2026-05-17,Vendor Payment,VI200251,-6445.42
BT706270,2026-05-18,Vendor Payment,VI201966,-5821.51
BT700290,2026-05-18,Customer Receipt,SI100323,10924.11
BT701117,2026-05-18,Customer Receipt,SI101240,3227.04
BT702665,2026-05-18,Customer Receipt,SI102967,2083.03
BT705507,2026-05-18,Vendor Payment,VI201126,-1965.56
BT703414,2026-05-18,Customer Receipt,SI103794,798.81
BT706304,2026-05-18,Vendor Payment,VI202004,-6101.44
BT701858,2026-05-18,Customer Receipt,SI102062,19110.33
BT700952,2026-05-18,Customer Receipt,SI101058,1579.0
BT703809,2026-05-18,Customer Receipt,SI104235,16041.67
BT703132,2026-05-18,Customer Receipt,SI103484,1534.55
BT703682,2026-05-19,Customer Receipt,SI104093,5103.43
BT705682,2026-05-19,Vendor Payment,VI201319,-3382.89
BT704839,2026-05-19,Vendor Payment,VI200374,-3556.59
BT702035,2026-05-19,Customer Receipt,SI102264,6230.0
BT703405,2026-05-19,Customer Receipt,SI103784,21382.33
BT700130,2026-05-19,Customer Receipt,SI100144,14627.79
BT703626,2026-05-19,Customer Receipt,SI104027,880.31
BT701479,2026-05-19,Customer Receipt,SI101635,33503.56
BT705476,2026-05-19,Vendor Payment,VI201091,-4955.69
BT704178,2026-05-19,Customer Receipt,SI104635,1277.37
BT704269,2026-05-19,Customer Receipt,SI104738,15489.39
BT701853,2026-05-19,Customer Receipt,SI102055,16631.27
BT705829,2026-05-19,Vendor Payment,VI201478,-2859.01
BT701752,2026-05-20,Customer Receipt,SI101946,5454.62
BT702980,2026-05-20,Customer Receipt,SI103313,7534.57
BT702746,2026-05-20,Customer Receipt,SI103054,3798.22
BT705710,2026-05-20,Vendor Payment,VI201349,-2029.42
BT704183,2026-05-20,Customer Receipt,SI104641,4612.76
BT705414,2026-05-20,Vendor Payment,VI201021,-3328.77
BT703055,2026-05-20,Customer Receipt,SI103397,12066.54
BT703289,2026-05-20,Customer Receipt,SI103656,16538.07
BT705092,2026-05-21,Vendor Payment,VI200656,-6103.02
BT705960,2026-05-21,Vendor Payment,VI201623,-7723.85
BT702679,2026-05-21,Customer Receipt,SI102985,12995.77
BT703921,2026-05-21,Customer Receipt,SI104358,5851.12
BT701078,2026-05-21,Customer Receipt,SI101196,11962.28
BT703123,2026-05-21,Customer Receipt,SI103474,6155.11
BT703212,2026-05-21,Customer Receipt,SI103573,9934.2
BT704756,2026-05-21,Vendor Payment,VI200285,-4153.5
BT705816,2026-05-21,Vendor Payment,VI201464,-2209.32
BT703248,2026-05-21,Customer Receipt,SI103611,16274.16
BT701224,2026-05-22,Customer Receipt,SI101359,7987.25
BT701713,2026-05-22,Customer Receipt,SI101902,1758.6
BT706263,2026-05-22,Vendor Payment,VI201959,-3060.76
BT701073,2026-05-22,Customer Receipt,SI101190,6794.05
BT702216,2026-05-22,Customer Receipt,SI102471,4392.36
BT700444,2026-05-22,Customer Receipt,SI100493,10256.19
BT700419,2026-05-22,Customer Receipt,SI100466,14559.83
BT704753,2026-05-22,Vendor Payment,VI200282,-2002.55
BT702077,2026-05-22,Customer Receipt,SI102311,852.51
BT703896,2026-05-22,Customer Receipt,SI104332,21619.34
BT704255,2026-05-22,Customer Receipt,SI104722,578.62
BT702918,2026-05-22,Customer Receipt,SI103245,23094.5
BT701558,2026-05-22,Customer Receipt,SI101721,7207.89
BT702026,2026-05-22,Customer Receipt,SI102254,1136.68
BT700161,2026-05-23,Customer Receipt,SI100181,4948.57
BT706155,2026-05-23,Vendor Payment,VI201842,-1493.61
BT700294,2026-05-23,Customer Receipt,SI100327,4504.57
BT702066,2026-05-23,Customer Receipt,SI102297,27760.88
BT701569,2026-05-23,Customer Receipt,SI101736,14471.28
BT700640,2026-05-23,Customer Receipt,SI100713,1507.99
BT700388,2026-05-23,Customer Receipt,SI100433,10913.61
BT704440,2026-05-23,Customer Receipt,SI104933,2107.83
BT705577,2026-05-23,Vendor Payment,VI201201,-2775.43
BT701715,2026-05-23,Customer Receipt,SI101904,7822.28
BT702396,2026-05-24,Customer Receipt,SI102677,16142.71
BT705226,2026-05-24,Vendor Payment,VI200807,-2842.08
BT702666,2026-05-24,Customer Receipt,SI102969,16378.64
BT701334,2026-05-24,Customer Receipt,SI101477,18212.7
BT706028,2026-05-24,Vendor Payment,VI201698,-1883.02
BT702597,2026-05-24,Customer Receipt,SI102891,18159.21
BT704550,2026-05-24,Vendor Payment,VI200049,-4055.34
BT701918,2026-05-24,Customer Receipt,SI102130,13023.34
BT703299,2026-05-24,Customer Receipt,SI103666,5901.93
BT703743,2026-05-24,Customer Receipt,SI104161,1001.65
BT702725,2026-05-24,Customer Receipt,SI103032,594.73
BT704523,2026-05-24,Vendor Payment,VI200020,-4383.52
BT701221,2026-05-24,Customer Receipt,SI101355,34347.48
BT703030,2026-05-25,Customer Receipt,SI103371,3742.82
BT703383,2026-05-25,Customer Receipt,SI103761,3833.61
BT702581,2026-05-25,Customer Receipt,SI102875,30115.5
BT705153,2026-05-25,Vendor Payment,VI200726,-1422.84
BT700522,2026-05-25,Customer Receipt,SI100582,568.34
BT701975,2026-05-25,Customer Receipt,SI102195,4855.16
BT705557,2026-05-25,Vendor Payment,VI201179,-3346.57
BT701784,2026-05-25,Customer Receipt,SI101983,1110.83
BT705381,2026-05-25,Vendor Payment,VI200980,-2591.97
BT701077,2026-05-25,Customer Receipt,SI101195,14224.95
BT703350,2026-05-25,Customer Receipt,SI103725,3517.2
BT706128,2026-05-25,Vendor Payment,VI201811,-5798.29
BT704386,2026-05-25,Customer Receipt,SI104871,626.03
BT706459,2026-05-25,Vendor Payment,VI202179,-1729.23
BT705524,2026-05-26,Vendor Payment,VI201143,-1941.57
BT703627,2026-05-26,Customer Receipt,SI104028,17302.06
BT703762,2026-05-26,Customer Receipt,SI104183,26008.84
BT703824,2026-05-26,Customer Receipt,SI104253,3205.85
BT704723,2026-05-26,Vendor Payment,VI200248,-692.35
BT702708,2026-05-26,Customer Receipt,SI103014,5165.85
BT705124,2026-05-26,Vendor Payment,VI200693,-3729.88
BT704679,2026-05-26,Vendor Payment,VI200198,-1592.9
BT701706,2026-05-26,Customer Receipt,SI101893,7698.17
BT702869,2026-05-26,Customer Receipt,SI103194,9664.41
BT700596,2026-05-27,Customer Receipt,SI100665,1582.59
BT705750,2026-05-27,Vendor Payment,VI201391,-1576.03
BT700436,2026-05-27,Customer Receipt,SI100484,13241.56
BT704996,2026-05-27,Vendor Payment,VI200546,-1691.18
BT705215,2026-05-27,Vendor Payment,VI200793,-687.47
BT700861,2026-05-27,Customer Receipt,SI100960,2951.91
BT701878,2026-05-27,Customer Receipt,SI102083,10182.06
BT706365,2026-05-27,Vendor Payment,VI202070,-1448.21
BT703486,2026-05-27,Customer Receipt,SI103872,1324.82
BT705064,2026-05-27,Vendor Payment,VI200625,-3118.52
BT706611,2026-05-28,Operating Expense,EX400133,-84395.27
BT706614,2026-05-28,Operating Expense,EX400136,-105983.32
BT706607,2026-05-28,Operating Expense,EX400129,-856644.59
BT706613,2026-05-28,Operating Expense,EX400135,-49599.47
BT706608,2026-05-28,Operating Expense,EX400130,-193193.81
BT706609,2026-05-28,Operating Expense,EX400131,-74144.86
BT706655,2026-05-28,Payroll,PR500017,-873636.7
BT706612,2026-05-28,Operating Expense,EX400134,-65694.36
BT706610,2026-05-28,Operating Expense,EX400132,-173077.34
BT706289,2026-05-28,Vendor Payment,VI201987,-22621.21
BT706014,2026-05-28,Vendor Payment,VI201681,-3315.0
BT701202,2026-05-28,Customer Receipt,SI101335,2234.94
BT701252,2026-05-28,Customer Receipt,SI101391,26245.1
BT704559,2026-05-28,Vendor Payment,VI200061,-8480.37
BT704549,2026-05-28,Vendor Payment,VI200048,-8664.31
BT704472,2026-05-28,Customer Receipt,SI104966,3604.96
BT706068,2026-05-28,Vendor Payment,VI201743,-2106.26
BT701096,2026-05-28,Customer Receipt,SI101218,10673.97
BT704855,2026-05-28,Vendor Payment,VI200391,-8691.79
BT702842,2026-05-28,Customer Receipt,SI103166,1612.29
BT703859,2026-05-29,Customer Receipt,SI104289,4771.84
BT701370,2026-05-29,Customer Receipt,SI101516,2961.93
BT704489,2026-05-29,Customer Receipt,SI104984,23271.07
BT705199,2026-05-29,Vendor Payment,VI200776,-4247.03
BT705648,2026-05-29,Vendor Payment,VI201282,-1135.91
BT701948,2026-05-29,Customer Receipt,SI102163,6470.52
BT702337,2026-05-29,Customer Receipt,SI102608,7744.69
BT700058,2026-05-29,Customer Receipt,SI100063,247.1
BT702792,2026-05-29,Customer Receipt,SI103104,7325.26
BT703339,2026-05-29,Customer Receipt,SI103712,3619.96
BT700576,2026-05-29,Customer Receipt,SI100644,3683.94
BT704946,2026-05-29,Vendor Payment,VI200490,-7753.77
BT702303,2026-05-29,Customer Receipt,SI102572,19006.51
BT703617,2026-05-29,Customer Receipt,SI104017,4281.74
BT702057,2026-05-29,Customer Receipt,SI102286,1134.04
BT705568,2026-05-29,Vendor Payment,VI201191,-7826.15
BT703909,2026-05-30,Customer Receipt,SI104346,4652.81
BT702039,2026-05-30,Customer Receipt,SI102268,1813.6
BT705477,2026-05-30,Vendor Payment,VI201092,-1886.61
BT700158,2026-05-30,Customer Receipt,SI100177,6828.53
BT704895,2026-05-30,Vendor Payment,VI200434,-3316.72
BT703767,2026-05-30,Customer Receipt,SI104189,4116.14
BT702133,2026-05-30,Customer Receipt,SI102379,2887.74
BT703606,2026-05-30,Customer Receipt,SI104005,11045.04
BT700403,2026-05-30,Customer Receipt,SI100450,11903.47
BT700349,2026-05-30,Customer Receipt,SI100387,12974.83
BT701435,2026-05-30,Customer Receipt,SI101587,1967.31
BT704366,2026-05-30,Customer Receipt,SI104849,15489.39
BT703191,2026-05-30,Customer Receipt,SI103548,2951.91
BT703567,2026-05-30,Customer Receipt,SI103961,8408.61
BT703358,2026-05-31,Customer Receipt,SI103733,34681.71
BT706443,2026-05-31,Vendor Payment,VI202158,-4171.32
BT705261,2026-05-31,Vendor Payment,VI200844,-3637.28
BT700239,2026-05-31,Customer Receipt,SI100265,8014.63
BT700244,2026-05-31,Customer Receipt,SI100271,6837.46
BT706332,2026-05-31,Vendor Payment,VI202034,-3804.57
BT703794,2026-05-31,Customer Receipt,SI104218,14138.83
BT703600,2026-05-31,Customer Receipt,SI103999,7586.64
BT705636,2026-05-31,Vendor Payment,VI201266,-4010.92
BT701315,2026-05-31,Customer Receipt,SI101458,2492.0
BT706291,2026-05-31,Vendor Payment,VI201989,-4623.98
BT705791,2026-05-31,Vendor Payment,VI201438,-1422.11
BT700849,2026-05-31,Customer Receipt,SI100947,19383.31
BT703127,2026-05-31,Customer Receipt,SI103479,3648.57
BT703665,2026-05-31,Customer Receipt,SI104069,33503.56
BT700744,2026-05-31,Customer Receipt,SI100827,12943.76
BT701568,2026-06-01,Customer Receipt,SI101735,577.7
BT702392,2026-06-01,Customer Receipt,SI102673,4371.09
BT702375,2026-06-01,Customer Receipt,SI102654,2678.37
BT701591,2026-06-01,Customer Receipt,SI101759,5541.4
BT701938,2026-06-01,Customer Receipt,SI102152,2990.19
BT705702,2026-06-01,Vendor Payment,VI201340,-2502.21
BT701989,2026-06-01,Customer Receipt,SI102212,2261.42
BT705034,2026-06-01,Vendor Payment,VI200593,-885.84
BT706697,2026-06-01,Loan Payment,LP600039,-96098.85
BT702596,2026-06-01,Customer Receipt,SI102890,2234.36
BT706675,2026-06-01,Loan Payment,LP600017,-204827.04
BT704001,2026-06-01,Customer Receipt,SI104447,31213.54
BT706689,2026-06-01,Loan Payment,LP600031,-164880.03
BT703654,2026-06-01,Customer Receipt,SI104057,15609.22
BT700911,2026-06-01,Customer Receipt,SI101013,3183.54
BT703104,2026-06-02,Customer Receipt,SI103452,1722.92
BT706105,2026-06-02,Vendor Payment,VI201782,-4022.54
BT706309,2026-06-02,Vendor Payment,VI202009,-2474.66
BT706323,2026-06-02,Vendor Payment,VI202024,-3387.69
BT705519,2026-06-03,Vendor Payment,VI201138,-5061.79
BT706165,2026-06-03,Vendor Payment,VI201852,-2388.45
BT703506,2026-06-03,Customer Receipt,SI103892,8545.68
BT702290,2026-06-03,Customer Receipt,SI102556,5587.34
BT701730,2026-06-03,Customer Receipt,SI101922,2223.94
BT700598,2026-06-03,Customer Receipt,SI100667,3833.61
BT702999,2026-06-03,Customer Receipt,SI103334,1311.6
BT705972,2026-06-03,Vendor Payment,VI201635,-3075.45
BT705899,2026-06-04,Vendor Payment,VI201555,-2872.29
BT703161,2026-06-04,Customer Receipt,SI103515,10381.33
BT705409,2026-06-04,Vendor Payment,VI201014,-2841.77
BT702595,2026-06-04,Customer Receipt,SI102889,13448.01
BT704485,2026-06-04,Customer Receipt,SI104980,5236.97
BT702233,2026-06-04,Customer Receipt,SI102490,5682.39
BT705324,2026-06-04,Vendor Payment,VI200916,-4594.55
BT701313,2026-06-04,Customer Receipt,SI101455,13958.44
BT705716,2026-06-04,Vendor Payment,VI201355,-2952.79
BT703062,2026-06-04,Customer Receipt,SI103404,494.21
BT703917,2026-06-04,Customer Receipt,SI104354,35433.36
BT702143,2026-06-04,Customer Receipt,SI102390,14415.78
BT703895,2026-06-05,Customer Receipt,SI104331,26558.68
BT702252,2026-06-05,Customer Receipt,SI102511,8647.85
BT700406,2026-06-05,Customer Receipt,SI100453,1206.65
BT700843,2026-06-05,Customer Receipt,SI100940,4940.37
BT702958,2026-06-05,Customer Receipt,SI103290,6556.63
BT700604,2026-06-05,Customer Receipt,SI100673,7621.08
BT700052,2026-06-05,Customer Receipt,SI100057,23964.54
BT704574,2026-06-05,Vendor Payment,VI200078,-2497.77
BT705434,2026-06-05,Vendor Payment,VI201045,-2047.12
BT704433,2026-06-05,Customer Receipt,SI104925,16158.59
BT701380,2026-06-05,Customer Receipt,SI101527,5454.62
BT705873,2026-06-05,Vendor Payment,VI201526,-1901.17
BT704871,2026-06-06,Vendor Payment,VI200409,-2507.87
BT705622,2026-06-06,Vendor Payment,VI201251,-10528.87
BT704917,2026-06-06,Vendor Payment,VI200457,-4511.78
BT705026,2026-06-06,Vendor Payment,VI200582,-1693.02
BT705273,2026-06-06,Vendor Payment,VI200857,-2487.7
BT706180,2026-06-06,Vendor Payment,VI201870,-1769.42
BT702959,2026-06-06,Customer Receipt,SI103291,2061.72
BT704013,2026-06-06,Customer Receipt,SI104459,6557.99
BT704628,2026-06-06,Vendor Payment,VI200139,-5192.76
BT701164,2026-06-06,Customer Receipt,SI101295,15034.6
BT702640,2026-06-06,Customer Receipt,SI102940,7476.43
BT703441,2026-06-06,Customer Receipt,SI103824,4019.59
BT703631,2026-06-06,Customer Receipt,SI104034,1976.8
BT704446,2026-06-06,Customer Receipt,SI104939,22783.82
BT701470,2026-06-06,Customer Receipt,SI101625,13313.79
BT701112,2026-06-07,Customer Receipt,SI101235,10622.15
BT701749,2026-06-07,Customer Receipt,SI101943,1340.44
BT703829,2026-06-07,Customer Receipt,SI104259,4917.47
BT705202,2026-06-07,Vendor Payment,VI200779,-6998.45
BT702029,2026-06-07,Customer Receipt,SI102258,15135.5
BT700226,2026-06-07,Customer Receipt,SI100251,538.44
BT704414,2026-06-07,Customer Receipt,SI104903,3520.61
BT703116,2026-06-07,Customer Receipt,SI103467,22783.82
BT705688,2026-06-07,Vendor Payment,VI201326,-13060.34
BT705482,2026-06-07,Vendor Payment,VI201099,-2614.31
BT703343,2026-06-07,Customer Receipt,SI103717,2540.36
BT702249,2026-06-07,Customer Receipt,SI102508,11282.46
BT702048,2026-06-07,Customer Receipt,SI102277,2443.9
BT702562,2026-06-08,Customer Receipt,SI102856,2322.8
BT700893,2026-06-08,Customer Receipt,SI100994,2883.16
BT700847,2026-06-08,Customer Receipt,SI100944,2465.3
BT703076,2026-06-08,Customer Receipt,SI103420,4185.87
BT701877,2026-06-08,Customer Receipt,SI102082,13020.1
BT702398,2026-06-08,Customer Receipt,SI102680,9940.54
BT705149,2026-06-08,Vendor Payment,VI200720,-2016.15
BT704006,2026-06-08,Customer Receipt,SI104452,11958.9
BT703965,2026-06-08,Customer Receipt,SI104408,4397.51
BT704510,2026-06-08,Vendor Payment,VI200007,-1308.1
BT706311,2026-06-08,Vendor Payment,VI202011,-4701.23
BT704984,2026-06-09,Vendor Payment,VI200533,-2619.79
BT700075,2026-06-09,Customer Receipt,SI100085,5430.43
BT702954,2026-06-09,Customer Receipt,SI103283,721.93
BT702803,2026-06-09,Customer Receipt,SI103118,16385.18
BT701798,2026-06-09,Customer Receipt,SI101999,11043.18
BT705040,2026-06-09,Vendor Payment,VI200601,-3732.52
BT702460,2026-06-09,Customer Receipt,SI102745,2059.53
BT702085,2026-06-09,Customer Receipt,SI102319,6146.99
BT705516,2026-06-09,Vendor Payment,VI201135,-1748.65
BT701178,2026-06-09,Customer Receipt,SI101309,15612.49
BT701497,2026-06-09,Customer Receipt,SI101656,5695.96
BT703641,2026-06-09,Customer Receipt,SI104044,3864.87
BT706389,2026-06-09,Vendor Payment,VI202096,-1878.01
BT704163,2026-06-09,Customer Receipt,SI104619,23534.02
BT705184,2026-06-09,Vendor Payment,VI200760,-2086.88
BT700806,2026-06-09,Customer Receipt,SI100899,10922.8
BT702908,2026-06-10,Customer Receipt,SI103234,4760.88
BT702861,2026-06-10,Customer Receipt,SI103186,5777.04
BT704912,2026-06-10,Vendor Payment,VI200451,-668.16
BT700291,2026-06-10,Customer Receipt,SI100324,10730.32
BT706118,2026-06-10,Vendor Payment,VI201799,-3026.99
BT705572,2026-06-10,Vendor Payment,VI201196,-1529.79
BT703853,2026-06-10,Customer Receipt,SI104283,2379.03
BT706222,2026-06-10,Vendor Payment,VI201917,-1604.99
BT701889,2026-06-10,Customer Receipt,SI102096,21586.87
BT703432,2026-06-10,Customer Receipt,SI103815,5207.58
BT702661,2026-06-10,Customer Receipt,SI102962,1816.21
BT701280,2026-06-10,Customer Receipt,SI101420,5085.35
BT705982,2026-06-10,Vendor Payment,VI201645,-3086.4
BT700289,2026-06-10,Customer Receipt,SI100322,511.52
BT701055,2026-06-11,Customer Receipt,SI101171,5262.77
BT701208,2026-06-11,Customer Receipt,SI101341,9559.94
BT704094,2026-06-11,Customer Receipt,SI104545,26504.83
BT702879,2026-06-11,Customer Receipt,SI103205,3864.87
BT701641,2026-06-11,Customer Receipt,SI101817,19957.52
BT704506,2026-06-11,Vendor Payment,VI200003,-6327.23
BT701165,2026-06-11,Customer Receipt,SI101296,1454.11
BT701469,2026-06-11,Customer Receipt,SI101624,13659.71
BT700394,2026-06-11,Customer Receipt,SI100440,1157.24
BT704352,2026-06-11,Customer Receipt,SI104834,6226.0
BT705385,2026-06-11,Vendor Payment,VI200985,-5705.2
BT701926,2026-06-11,Customer Receipt,SI102140,1663.21
BT705814,2026-06-11,Vendor Payment,VI201462,-2910.15
BT704602,2026-06-11,Vendor Payment,VI200109,-3390.92
BT700484,2026-06-11,Customer Receipt,SI100539,1153.91
BT702229,2026-06-11,Customer Receipt,SI102486,11818.21
BT706411,2026-06-11,Vendor Payment,VI202122,-3879.32
BT702892,2026-06-11,Customer Receipt,SI103218,5629.38
BT702436,2026-06-12,Customer Receipt,SI102718,7256.55
BT700773,2026-06-12,Customer Receipt,SI100861,16078.36
BT705881,2026-06-12,Vendor Payment,VI201536,-6439.18
BT700752,2026-06-12,Customer Receipt,SI100835,3031.09
BT703114,2026-06-12,Customer Receipt,SI103465,15332.33
BT706135,2026-06-12,Vendor Payment,VI201821,-1279.07
BT701250,2026-06-12,Customer Receipt,SI101388,4967.1
BT701052,2026-06-12,Customer Receipt,SI101168,33262.54
BT701439,2026-06-12,Customer Receipt,SI101592,20158.57
BT702618,2026-06-13,Customer Receipt,SI102914,3129.93
BT704898,2026-06-13,Vendor Payment,VI200437,-2565.21
BT703962,2026-06-13,Customer Receipt,SI104403,9125.91
BT702585,2026-06-13,Customer Receipt,SI102879,3455.69
BT706216,2026-06-13,Vendor Payment,VI201911,-1255.11
BT701018,2026-06-13,Customer Receipt,SI101129,563.43
BT702961,2026-06-13,Customer Receipt,SI103293,2883.16
BT702570,2026-06-13,Customer Receipt,SI102864,4031.63
BT704701,2026-06-13,Vendor Payment,VI200223,-1695.46
BT705590,2026-06-13,Vendor Payment,VI201216,-2165.75
BT704500,2026-06-13,Customer Receipt,SI104996,350.46
BT701482,2026-06-14,Customer Receipt,SI101638,1111.97
BT701720,2026-06-14,Customer Receipt,SI101910,722.13
BT703138,2026-06-14,Customer Receipt,SI103492,14315.51
BT702264,2026-06-14,Customer Receipt,SI102524,12767.78
BT705427,2026-06-14,Vendor Payment,VI201036,-8375.6
BT702756,2026-06-14,Customer Receipt,SI103065,9820.7
BT706424,2026-06-14,Vendor Payment,VI202137,-2402.47
BT702472,2026-06-14,Customer Receipt,SI102758,13709.2
BT702583,2026-06-14,Customer Receipt,SI102877,15724.05
BT704859,2026-06-14,Vendor Payment,VI200395,-3703.37
BT700985,2026-06-15,Customer Receipt,SI101093,3934.74
BT702413,2026-06-15,Customer Receipt,SI102695,19956.84
BT705218,2026-06-15,Vendor Payment,VI200798,-2605.2
BT701446,2026-06-15,Customer Receipt,SI101600,10510.66
BT701986,2026-06-15,Customer Receipt,SI102209,1742.31
BT705195,2026-06-15,Vendor Payment,VI200772,-2288.86
BT701051,2026-06-15,Customer Receipt,SI101167,2595.33
BT705058,2026-06-15,Vendor Payment,VI200619,-1166.43
BT702794,2026-06-15,Customer Receipt,SI103106,11531.0
BT702898,2026-06-15,Customer Receipt,SI103224,5323.3
BT704008,2026-06-15,Customer Receipt,SI104454,9334.87
BT704030,2026-06-15,Customer Receipt,SI104480,5412.07
BT703883,2026-06-15,Customer Receipt,SI104318,9389.78
BT702925,2026-06-15,Customer Receipt,SI103252,32288.02
BT705665,2026-06-15,Vendor Payment,VI201302,-3505.5
BT704085,2026-06-15,Customer Receipt,SI104535,2374.52
BT701574,2026-06-16,Customer Receipt,SI101741,8642.88
BT706125,2026-06-16,Vendor Payment,VI201808,-1205.25
BT705208,2026-06-16,Vendor Payment,VI200786,-2290.11
BT706178,2026-06-16,Vendor Payment,VI201868,-3133.87
BT706033,2026-06-16,Vendor Payment,VI201703,-3364.83
BT705450,2026-06-16,Vendor Payment,VI201063,-5071.51
BT700498,2026-06-16,Customer Receipt,SI100553,5038.77
BT704928,2026-06-16,Vendor Payment,VI200469,-3645.34
BT704369,2026-06-16,Customer Receipt,SI104853,16190.16
BT700096,2026-06-16,Customer Receipt,SI100109,5541.4
BT702694,2026-06-16,Customer Receipt,SI103000,25441.67
BT702652,2026-06-16,Customer Receipt,SI102953,16426.64
BT703244,2026-06-16,Customer Receipt,SI103607,16343.29
BT704852,2026-06-16,Vendor Payment,VI200388,-1665.68
BT701162,2026-06-16,Customer Receipt,SI101293,31056.75
BT700197,2026-06-17,Customer Receipt,SI100220,2885.16
BT705834,2026-06-17,Vendor Payment,VI201485,-1949.64
BT700092,2026-06-17,Customer Receipt,SI100105,26154.9
BT704806,2026-06-17,Vendor Payment,VI200339,-6321.63
BT704843,2026-06-17,Vendor Payment,VI200378,-3100.55
BT701084,2026-06-17,Customer Receipt,SI101203,5689.98
BT704233,2026-06-17,Customer Receipt,SI104698,5777.04
BT705106,2026-06-17,Vendor Payment,VI200675,-2757.18
BT701600,2026-06-17,Customer Receipt,SI101769,426.33
BT705125,2026-06-17,Vendor Payment,VI200694,-3380.04
BT702547,2026-06-17,Customer Receipt,SI102838,33620.02
BT702534,2026-06-17,Customer Receipt,SI102824,8745.41
BT705330,2026-06-17,Vendor Payment,VI200922,-3264.62
BT700819,2026-06-17,Customer Receipt,SI100914,2760.8
BT706043,2026-06-17,Vendor Payment,VI201713,-5536.39
BT702572,2026-06-18,Customer Receipt,SI102866,10713.12
BT706434,2026-06-18,Vendor Payment,VI202147,-1457.98
BT702394,2026-06-18,Customer Receipt,SI102675,4953.81
BT702501,2026-06-18,Customer Receipt,SI102788,5867.68
BT702062,2026-06-18,Customer Receipt,SI102293,4749.6
BT701009,2026-06-18,Customer Receipt,SI101120,5980.37
BT706296,2026-06-18,Vendor Payment,VI201994,-3255.77
BT704230,2026-06-18,Customer Receipt,SI104695,10662.71
BT706317,2026-06-18,Vendor Payment,VI202017,-7001.77
BT704926,2026-06-18,Vendor Payment,VI200467,-4377.9
BT703466,2026-06-19,Customer Receipt,SI103852,20812.3
BT700792,2026-06-19,Customer Receipt,SI100882,234.2
BT700797,2026-06-19,Customer Receipt,SI100887,624.55
BT703009,2026-06-19,Customer Receipt,SI103346,5826.18
BT701554,2026-06-19,Customer Receipt,SI101717,4165.11
BT701636,2026-06-19,Customer Receipt,SI101810,7452.52
BT705742,2026-06-20,Vendor Payment,VI201383,-1174.46
BT706023,2026-06-20,Vendor Payment,VI201691,-3322.61
BT701008,2026-06-20,Customer Receipt,SI101119,25786.4
BT705757,2026-06-20,Vendor Payment,VI201398,-1541.18
BT702185,2026-06-20,Customer Receipt,SI102437,36588.79
BT702197,2026-06-20,Customer Receipt,SI102450,6068.95
BT703482,2026-06-20,Customer Receipt,SI103868,834.26
BT703454,2026-06-20,Customer Receipt,SI103838,2615.49
BT700313,2026-06-20,Customer Receipt,SI100349,9487.97
BT703305,2026-06-20,Customer Receipt,SI103672,5496.89
BT703448,2026-06-20,Customer Receipt,SI103831,10027.74
BT701070,2026-06-21,Customer Receipt,SI101187,712.44
BT705251,2026-06-21,Vendor Payment,VI200833,-3371.11
BT706343,2026-06-21,Vendor Payment,VI202046,-3164.1
BT702494,2026-06-21,Customer Receipt,SI102781,9166.57
BT703728,2026-06-21,Customer Receipt,SI104143,2239.93
BT705399,2026-06-21,Vendor Payment,VI201002,-4616.47
BT703814,2026-06-21,Customer Receipt,SI104240,14580.78
BT702328,2026-06-21,Customer Receipt,SI102599,7637.62
BT703878,2026-06-21,Customer Receipt,SI104310,2443.83
BT706084,2026-06-21,Vendor Payment,VI201760,-4488.33
BT702006,2026-06-21,Customer Receipt,SI102231,20968.22
BT704259,2026-06-21,Customer Receipt,SI104726,350.46
BT704454,2026-06-21,Customer Receipt,SI104947,6206.14
BT705526,2026-06-21,Vendor Payment,VI201145,-1535.25
BT702990,2026-06-21,Customer Receipt,SI103324,1703.16
BT704302,2026-06-21,Customer Receipt,SI104775,2496.02
BT700858,2026-06-22,Customer Receipt,SI100957,3326.25
BT700890,2026-06-22,Customer Receipt,SI100991,1246.0
BT701432,2026-06-22,Customer Receipt,SI101583,1849.81
BT706000,2026-06-22,Vendor Payment,VI201666,-3765.85
BT701855,2026-06-22,Customer Receipt,SI102059,22422.96
BT703803,2026-06-22,Customer Receipt,SI104228,10377.9
BT701461,2026-06-22,Customer Receipt,SI101616,23596.75
BT705364,2026-06-22,Vendor Payment,VI200963,-1872.99
BT705580,2026-06-22,Vendor Payment,VI201205,-3642.47
BT704591,2026-06-22,Vendor Payment,VI200096,-1795.59
BT705866,2026-06-22,Vendor Payment,VI201518,-6668.87
BT703180,2026-06-22,Customer Receipt,SI103537,29761.22
BT700453,2026-06-22,Customer Receipt,SI100504,3317.59
BT700329,2026-06-22,Customer Receipt,SI100365,9795.26
BT703038,2026-06-22,Customer Receipt,SI103380,15133.54
BT706280,2026-06-22,Vendor Payment,VI201978,-2389.78
BT703368,2026-06-22,Customer Receipt,SI103743,8891.26
BT703411,2026-06-22,Customer Receipt,SI103791,11735.36
BT700018,2026-06-23,Customer Receipt,SI100018,8891.26
BT704911,2026-06-23,Vendor Payment,VI200450,-1306.93
BT703745,2026-06-23,Customer Receipt,SI104163,19655.06
BT703495,2026-06-23,Customer Receipt,SI103881,3383.21
BT700704,2026-06-23,Customer Receipt,SI100784,17136.84
BT706262,2026-06-23,Vendor Payment,VI201958,-4425.13
BT703969,2026-06-23,Customer Receipt,SI104412,16810.01
BT705240,2026-06-23,Vendor Payment,VI200821,-4371.83
BT702371,2026-06-24,Customer Receipt,SI102649,16448.14
BT702970,2026-06-24,Customer Receipt,SI103303,215.36
BT701010,2026-06-24,Customer Receipt,SI101121,2119.65
BT702626,2026-06-24,Customer Receipt,SI102925,6918.6
BT704319,2026-06-24,Customer Receipt,SI104798,29990.78
BT702141,2026-06-25,Customer Receipt,SI102388,2054.05
BT701993,2026-06-25,Customer Receipt,SI102216,707.69
BT706292,2026-06-25,Vendor Payment,VI201990,-5695.37
BT703536,2026-06-25,Customer Receipt,SI103926,5199.34
BT703001,2026-06-25,Customer Receipt,SI103336,14426.33
BT702867,2026-06-25,Customer Receipt,SI103192,2533.25
BT706189,2026-06-25,Vendor Payment,VI201880,-1241.9
BT700263,2026-06-25,Customer Receipt,SI100292,1597.63
BT704791,2026-06-25,Vendor Payment,VI200321,-1909.7
BT701095,2026-06-25,Customer Receipt,SI101217,30419.7
BT706089,2026-06-26,Vendor Payment,VI201766,-1653.2
BT702106,2026-06-26,Customer Receipt,SI102346,9303.82
BT705623,2026-06-26,Vendor Payment,VI201252,-2984.05
BT703173,2026-06-26,Customer Receipt,SI103529,2298.16
BT703159,2026-06-26,Customer Receipt,SI103513,14797.22
BT704813,2026-06-26,Vendor Payment,VI200346,-7833.54
BT706029,2026-06-26,Vendor Payment,VI201699,-13079.97
BT706223,2026-06-26,Vendor Payment,VI201918,-4397.03
BT701742,2026-06-26,Customer Receipt,SI101936,11137.65
BT701118,2026-06-26,Customer Receipt,SI101241,1467.18
BT700435,2026-06-26,Customer Receipt,SI100483,37080.6
BT702467,2026-06-26,Customer Receipt,SI102753,1200.04
BT702248,2026-06-26,Customer Receipt,SI102507,2266.59
BT705783,2026-06-27,Vendor Payment,VI201429,-3156.25
BT705618,2026-06-27,Vendor Payment,VI201246,-2057.0
BT703726,2026-06-27,Customer Receipt,SI104141,8891.26
BT701097,2026-06-27,Customer Receipt,SI101219,1434.24
BT704752,2026-06-27,Vendor Payment,VI200281,-4382.65
BT705852,2026-06-27,Vendor Payment,VI201504,-4779.02
BT705262,2026-06-27,Vendor Payment,VI200845,-1564.89
BT700016,2026-06-27,Customer Receipt,SI100016,2692.2
BT701152,2026-06-27,Customer Receipt,SI101282,5141.39
BT700784,2026-06-27,Customer Receipt,SI100874,4195.13
BT706620,2026-06-28,Operating Expense,EX400142,-69978.46
BT701584,2026-06-28,Customer Receipt,SI101751,18159.57
BT706656,2026-06-28,Payroll,PR500018,-904267.39
BT703056,2026-06-28,Customer Receipt,SI103398,3073.5
BT706622,2026-06-28,Operating Expense,EX400144,-99428.28
BT706621,2026-06-28,Operating Expense,EX400143,-42936.11
BT702170,2026-06-28,Customer Receipt,SI102421,309.48
BT706617,2026-06-28,Operating Expense,EX400139,-67083.2
BT701814,2026-06-28,Customer Receipt,SI102016,3370.96
BT706619,2026-06-28,Operating Expense,EX400141,-96903.56
BT705258,2026-06-28,Vendor Payment,VI200841,-832.7
BT706618,2026-06-28,Operating Expense,EX400140,-179755.18
BT703877,2026-06-28,Customer Receipt,SI104309,3930.53
BT706615,2026-06-28,Operating Expense,EX400137,-1012877.85
BT706616,2026-06-28,Operating Expense,EX400138,-177236.19
BT705504,2026-06-28,Vendor Payment,VI201123,-3622.24
BT703580,2026-06-28,Customer Receipt,SI103977,25928.64
BT705847,2026-06-29,Vendor Payment,VI201499,-7534.77
BT705677,2026-06-29,Vendor Payment,VI201314,-4281.2
BT701231,2026-06-29,Customer Receipt,SI101369,6685.16
BT700418,2026-06-29,Customer Receipt,SI100465,5302.1
BT704069,2026-06-29,Customer Receipt,SI104519,7303.16
BT706407,2026-06-29,Vendor Payment,VI202117,-2088.18
BT706453,2026-06-29,Vendor Payment,VI202170,-1412.05
BT703337,2026-06-29,Customer Receipt,SI103709,17327.7
BT702670,2026-06-29,Customer Receipt,SI102975,2267.0
BT701393,2026-06-29,Customer Receipt,SI101542,9827.53
BT701770,2026-06-30,Customer Receipt,SI101967,8724.64
BT703972,2026-06-30,Customer Receipt,SI104415,11348.94
BT702836,2026-06-30,Customer Receipt,SI103160,2041.27
BT703105,2026-06-30,Customer Receipt,SI103453,25769.72
BT704817,2026-06-30,Vendor Payment,VI200350,-1676.88
BT705745,2026-06-30,Vendor Payment,VI201386,-1822.08
BT702236,2026-06-30,Customer Receipt,SI102494,16516.75
BT704061,2026-06-30,Customer Receipt,SI104511,3771.31
BT706277,2026-06-30,Vendor Payment,VI201975,-2852.32
BT705560,2026-06-30,Vendor Payment,VI201182,-2492.59
BT701788,2026-06-30,Customer Receipt,SI101988,6698.96
BT704035,2026-06-30,Customer Receipt,SI104485,6062.17
BT706698,2026-07-01,Loan Payment,LP600040,-96098.85
BT700268,2026-07-01,Customer Receipt,SI100298,6415.29
BT704409,2026-07-01,Customer Receipt,SI104897,6022.51
BT704794,2026-07-01,Vendor Payment,VI200324,-3747.45
BT702331,2026-07-01,Customer Receipt,SI102602,6022.51
BT700233,2026-07-01,Customer Receipt,SI100259,33907.93
BT706372,2026-07-01,Vendor Payment,VI202078,-3977.45
BT706690,2026-07-01,Loan Payment,LP600032,-164880.03
BT703473,2026-07-01,Customer Receipt,SI103859,2257.21
BT706676,2026-07-01,Loan Payment,LP600018,-204827.04
BT704524,2026-07-01,Vendor Payment,VI200021,-2308.19
BT705073,2026-07-02,Vendor Payment,VI200636,-1242.18
BT701361,2026-07-02,Customer Receipt,SI101506,10091.04
BT705354,2026-07-02,Vendor Payment,VI200951,-2701.86
BT706073,2026-07-02,Vendor Payment,VI201748,-3765.07
BT700255,2026-07-02,Customer Receipt,SI100283,1085.68
BT705394,2026-07-02,Vendor Payment,VI200997,-2883.1
BT702221,2026-07-02,Customer Receipt,SI102478,6557.99
BT703709,2026-07-02,Customer Receipt,SI104123,14103.08
BT703949,2026-07-02,Customer Receipt,SI104389,7520.2
BT705405,2026-07-03,Vendor Payment,VI201009,-11268.47
BT704741,2026-07-03,Vendor Payment,VI200267,-2483.09
BT703280,2026-07-03,Customer Receipt,SI103646,9113.13
BT701294,2026-07-03,Customer Receipt,SI101435,939.78
BT700754,2026-07-03,Customer Receipt,SI100838,2976.44
BT700490,2026-07-03,Customer Receipt,SI100545,2378.91
BT700416,2026-07-03,Customer Receipt,SI100463,31967.1
BT702546,2026-07-03,Customer Receipt,SI102837,20975.63
BT702083,2026-07-03,Customer Receipt,SI102317,13023.34
BT702633,2026-07-03,Customer Receipt,SI102932,27130.6
BT700003,2026-07-04,Customer Receipt,SI100003,1405.22
BT705116,2026-07-04,Vendor Payment,VI200685,-15035.15
BT702887,2026-07-04,Customer Receipt,SI103213,36587.54
BT702438,2026-07-04,Customer Receipt,SI102721,3237.99
BT705581,2026-07-04,Vendor Payment,VI201206,-2717.23
BT701028,2026-07-04,Customer Receipt,SI101139,1524.08
BT705976,2026-07-04,Vendor Payment,VI201639,-3672.67
BT700631,2026-07-04,Customer Receipt,SI100703,4970.27
BT700062,2026-07-04,Customer Receipt,SI100067,3513.89
BT702055,2026-07-04,Customer Receipt,SI102284,10673.97
BT705111,2026-07-04,Vendor Payment,VI200680,-2435.25
BT705659,2026-07-04,Vendor Payment,VI201296,-1964.13
BT704327,2026-07-04,Customer Receipt,SI104807,2749.38
BT702204,2026-07-04,Customer Receipt,SI102457,2111.19
BT704551,2026-07-04,Vendor Payment,VI200050,-4922.84
BT702195,2026-07-05,Customer Receipt,SI102447,2433.35
BT706400,2026-07-05,Vendor Payment,VI202107,-2148.63
BT704832,2026-07-05,Vendor Payment,VI200366,-1854.37
BT703737,2026-07-05,Customer Receipt,SI104154,14901.6
BT705162,2026-07-05,Vendor Payment,VI200736,-2257.33
BT701980,2026-07-05,Customer Receipt,SI102202,3424.71
BT705250,2026-07-05,Vendor Payment,VI200832,-2525.45
BT701295,2026-07-05,Customer Receipt,SI101436,1553.14
BT703914,2026-07-05,Customer Receipt,SI104351,6234.07
BT703935,2026-07-05,Customer Receipt,SI104373,3279.53
BT700942,2026-07-06,Customer Receipt,SI101047,358.56
BT706310,2026-07-06,Vendor Payment,VI202010,-1207.09
BT702560,2026-07-06,Customer Receipt,SI102854,11045.04
BT701542,2026-07-06,Customer Receipt,SI101702,4535.78
BT703048,2026-07-06,Customer Receipt,SI103390,834.26
BT702053,2026-07-06,Customer Receipt,SI102282,11269.49
BT704692,2026-07-06,Vendor Payment,VI200213,-3971.68
BT701193,2026-07-06,Customer Receipt,SI101326,4607.58
BT700375,2026-07-06,Customer Receipt,SI100418,1871.41
BT703777,2026-07-06,Customer Receipt,SI104201,5454.62
BT700049,2026-07-06,Customer Receipt,SI100054,18599.04
BT700495,2026-07-07,Customer Receipt,SI100550,2744.09
BT702897,2026-07-07,Customer Receipt,SI103223,1237.03
BT700079,2026-07-07,Customer Receipt,SI100091,6816.91
BT700923,2026-07-07,Customer Receipt,SI101027,2229.69
BT703722,2026-07-07,Customer Receipt,SI104136,9974.52
BT703720,2026-07-07,Customer Receipt,SI104134,1676.4
BT705693,2026-07-07,Vendor Payment,VI201331,-2889.09
BT705439,2026-07-07,Vendor Payment,VI201051,-6301.7
BT704597,2026-07-07,Vendor Payment,VI200103,-2762.59
BT702181,2026-07-07,Customer Receipt,SI102433,5064.29
BT705911,2026-07-07,Vendor Payment,VI201570,-5240.12
BT701528,2026-07-08,Customer Receipt,SI101688,3083.01
BT703366,2026-07-08,Customer Receipt,SI103741,2476.82
BT706399,2026-07-08,Vendor Payment,VI202106,-2764.76
BT700312,2026-07-08,Customer Receipt,SI100348,3756.18
BT705602,2026-07-08,Vendor Payment,VI201228,-3024.18
BT700581,2026-07-08,Customer Receipt,SI100649,17727.32
BT703764,2026-07-09,Customer Receipt,SI104186,3088.8
BT702142,2026-07-09,Customer Receipt,SI102389,1456.54
BT703675,2026-07-09,Customer Receipt,SI104083,468.41
BT701947,2026-07-09,Customer Receipt,SI102162,3154.18
BT704653,2026-07-09,Vendor Payment,VI200165,-854.87
BT700108,2026-07-09,Customer Receipt,SI100121,19476.88
BT703589,2026-07-09,Customer Receipt,SI103986,23781.27
BT701795,2026-07-09,Customer Receipt,SI101996,864.6
BT705265,2026-07-09,Vendor Payment,VI200848,-4746.84
BT704083,2026-07-09,Customer Receipt,SI104533,1277.37
BT706451,2026-07-09,Vendor Payment,VI202167,-2749.91
BT703993,2026-07-09,Customer Receipt,SI104437,22343.61
BT701955,2026-07-09,Customer Receipt,SI102171,4628.96
BT706146,2026-07-09,Vendor Payment,VI201832,-1226.82
BT704479,2026-07-09,Customer Receipt,SI104973,9897.14
BT704452,2026-07-09,Customer Receipt,SI104945,23964.54
BT700384,2026-07-09,Customer Receipt,SI100428,1523.76
BT702246,2026-07-09,Customer Receipt,SI102505,2029.6
BT702160,2026-07-10,Customer Receipt,SI102410,6763.52
BT700039,2026-07-10,Customer Receipt,SI100040,2376.01
BT702478,2026-07-10,Customer Receipt,SI102764,4187.32
BT704952,2026-07-10,Vendor Payment,VI200497,-1230.84
BT703031,2026-07-10,Customer Receipt,SI103372,13146.89
BT700148,2026-07-10,Customer Receipt,SI100165,8575.18
BT705438,2026-07-10,Vendor Payment,VI201050,-1516.63
BT703480,2026-07-10,Customer Receipt,SI103866,16984.49
BT701169,2026-07-10,Customer Receipt,SI101300,2347.49
BT700425,2026-07-10,Customer Receipt,SI100473,16236.79
BT705242,2026-07-10,Vendor Payment,VI200823,-1556.1
BT706478,2026-07-10,Vendor Payment,VI202199,-916.34
BT703702,2026-07-10,Customer Receipt,SI104116,4257.9
BT703476,2026-07-10,Customer Receipt,SI103862,430.73
BT704240,2026-07-10,Customer Receipt,SI104706,9543.67
BT703966,2026-07-11,Customer Receipt,SI104409,16448.14
BT702920,2026-07-11,Customer Receipt,SI103247,17150.36
BT700492,2026-07-11,Customer Receipt,SI100547,8376.32
BT700358,2026-07-11,Customer Receipt,SI100396,5286.36
BT701527,2026-07-11,Customer Receipt,SI101687,22605.29
BT704620,2026-07-11,Vendor Payment,VI200130,-2070.74
BT700301,2026-07-11,Customer Receipt,SI100337,23094.5
BT700442,2026-07-11,Customer Receipt,SI100490,6916.08
BT701816,2026-07-11,Customer Receipt,SI102018,18553.38
BT705901,2026-07-11,Vendor Payment,VI201557,-1480.99
BT704902,2026-07-11,Vendor Payment,VI200441,-6338.12
BT705797,2026-07-11,Vendor Payment,VI201445,-1896.61
BT701579,2026-07-11,Customer Receipt,SI101746,6379.19
BT702764,2026-07-12,Customer Receipt,SI103073,4535.34
BT704936,2026-07-12,Vendor Payment,VI200479,-5387.21
BT701473,2026-07-12,Customer Receipt,SI101628,8145.86
BT701072,2026-07-12,Customer Receipt,SI101189,12167.88
BT702184,2026-07-12,Customer Receipt,SI102436,4102.15
BT700946,2026-07-12,Customer Receipt,SI101051,16641.97
BT701099,2026-07-12,Customer Receipt,SI101222,9334.87
BT702734,2026-07-12,Customer Receipt,SI103041,3391.31
BT701277,2026-07-12,Customer Receipt,SI101417,7816.81
BT701292,2026-07-12,Customer Receipt,SI101432,3561.79
BT700654,2026-07-12,Customer Receipt,SI100728,25410.07
BT700597,2026-07-12,Customer Receipt,SI100666,1292.19
BT703757,2026-07-12,Customer Receipt,SI104177,8077.36
BT706236,2026-07-13,Vendor Payment,VI201931,-4703.06
BT701329,2026-07-13,Customer Receipt,SI101472,33519.11
BT703503,2026-07-13,Customer Receipt,SI103889,414.57
BT702660,2026-07-13,Customer Receipt,SI102961,3129.93
BT701330,2026-07-13,Customer Receipt,SI101473,23606.69
BT704012,2026-07-13,Customer Receipt,SI104458,1504.04
BT701197,2026-07-13,Customer Receipt,SI101330,27349.85
BT704122,2026-07-13,Customer Receipt,SI104576,15298.81
BT701917,2026-07-13,Customer Receipt,SI102129,2577.41
BT701774,2026-07-13,Customer Receipt,SI101972,9430.26
BT702490,2026-07-13,Customer Receipt,SI102777,13978.81
BT703311,2026-07-13,Customer Receipt,SI103679,3027.02
BT704577,2026-07-13,Vendor Payment,VI200081,-1727.55
BT706419,2026-07-13,Vendor Payment,VI202132,-1987.85
BT701394,2026-07-14,Customer Receipt,SI101543,6501.24
BT700132,2026-07-14,Customer Receipt,SI100147,21388.9
BT705496,2026-07-14,Vendor Payment,VI201115,-5082.87
BT706210,2026-07-14,Vendor Payment,VI201905,-3246.95
BT704669,2026-07-14,Vendor Payment,VI200185,-2377.04
BT706032,2026-07-14,Vendor Payment,VI201702,-2321.17
BT700040,2026-07-14,Customer Receipt,SI100041,6549.93
BT703497,2026-07-14,Customer Receipt,SI103883,616.6
BT702167,2026-07-14,Customer Receipt,SI102417,1587.65
BT706290,2026-07-15,Vendor Payment,VI201988,-797.09
BT705234,2026-07-15,Vendor Payment,VI200815,-2597.93
BT700732,2026-07-15,Customer Receipt,SI100814,28351.48
BT700643,2026-07-15,Customer Receipt,SI100717,21388.9
BT706242,2026-07-15,Vendor Payment,VI201937,-2340.58
BT703321,2026-07-15,Customer Receipt,SI103690,11995.79
BT704135,2026-07-15,Customer Receipt,SI104591,7616.22
BT705638,2026-07-15,Vendor Payment,VI201269,-1235.07
BT703607,2026-07-15,Customer Receipt,SI104006,28010.56
BT700601,2026-07-15,Customer Receipt,SI100670,2762.95
BT700556,2026-07-15,Customer Receipt,SI100620,2990.19
BT705144,2026-07-15,Vendor Payment,VI200715,-4003.49
BT702966,2026-07-16,Customer Receipt,SI103298,10951.09
BT703786,2026-07-16,Customer Receipt,SI104210,2093.69
BT705138,2026-07-16,Vendor Payment,VI200709,-3082.37
BT702255,2026-07-16,Customer Receipt,SI102514,6981.91
BT705913,2026-07-16,Vendor Payment,VI201572,-2933.34
BT701984,2026-07-16,Customer Receipt,SI102207,14138.77
BT700727,2026-07-16,Customer Receipt,SI100809,12371.42
BT705396,2026-07-16,Vendor Payment,VI200999,-10426.66
BT705795,2026-07-16,Vendor Payment,VI201442,-5880.44
BT701505,2026-07-16,Customer Receipt,SI101665,11568.14
BT702411,2026-07-16,Customer Receipt,SI102693,1285.35
BT700955,2026-07-17,Customer Receipt,SI101061,10381.33
BT703629,2026-07-17,Customer Receipt,SI104032,8454.81
BT705183,2026-07-17,Vendor Payment,VI200759,-2860.15
BT703297,2026-07-17,Customer Receipt,SI103664,2579.67
BT703576,2026-07-17,Customer Receipt,SI103971,2210.01
BT706252,2026-07-17,Vendor Payment,VI201948,-2122.87
BT701456,2026-07-17,Customer Receipt,SI101611,3237.99
BT704351,2026-07-17,Customer Receipt,SI104833,3088.09
BT704200,2026-07-17,Customer Receipt,SI104664,11282.46
BT705864,2026-07-17,Vendor Payment,VI201516,-14531.9
BT701057,2026-07-17,Customer Receipt,SI101173,6748.6
BT702310,2026-07-17,Customer Receipt,SI102579,3224.32
BT703320,2026-07-17,Customer Receipt,SI103689,13002.48
BT705350,2026-07-17,Vendor Payment,VI200947,-7674.79
BT701745,2026-07-17,Customer Receipt,SI101939,2396.44
BT705062,2026-07-17,Vendor Payment,VI200623,-1315.65
BT704119,2026-07-18,Customer Receipt,SI104573,1467.18
BT701762,2026-07-18,Customer Receipt,SI101958,5029.29
BT700047,2026-07-18,Customer Receipt,SI100052,13725.17
BT703467,2026-07-18,Customer Receipt,SI103853,10510.66
BT701983,2026-07-18,Customer Receipt,SI102205,462.9
BT706367,2026-07-18,Vendor Payment,VI202073,-7941.73
BT703850,2026-07-18,Customer Receipt,SI104280,6052.18
BT701220,2026-07-18,Customer Receipt,SI101354,15663.28
BT701865,2026-07-18,Customer Receipt,SI102069,12818.52
BT704393,2026-07-18,Customer Receipt,SI104879,7540.13
BT704508,2026-07-18,Vendor Payment,VI200005,-2723.49
BT704584,2026-07-18,Vendor Payment,VI200088,-6149.5
BT704557,2026-07-19,Vendor Payment,VI200059,-3247.77
BT702610,2026-07-19,Customer Receipt,SI102906,1566.33
BT701719,2026-07-19,Customer Receipt,SI101909,2494.88
BT701291,2026-07-19,Customer Receipt,SI101431,2711.83
BT701186,2026-07-19,Customer Receipt,SI101318,2993.77
BT702522,2026-07-19,Customer Receipt,SI102810,4369.63
BT704179,2026-07-19,Customer Receipt,SI104636,1365.71
BT701669,2026-07-19,Customer Receipt,SI101851,1149.08
BT702258,2026-07-19,Customer Receipt,SI102518,1583.3
BT704666,2026-07-19,Vendor Payment,VI200182,-2058.26
BT703199,2026-07-19,Customer Receipt,SI103559,25830.41
BT702151,2026-07-20,Customer Receipt,SI102400,6854.74
BT702699,2026-07-20,Customer Receipt,SI103005,10077.53
BT706300,2026-07-20,Vendor Payment,VI201999,-1216.75
BT700620,2026-07-20,Customer Receipt,SI100690,26008.84
BT705787,2026-07-20,Vendor Payment,VI201433,-3883.08
BT700636,2026-07-20,Customer Receipt,SI100708,14073.45
BT704306,2026-07-20,Customer Receipt,SI104781,1114.84
BT704711,2026-07-20,Vendor Payment,VI200233,-7398.69
BT702520,2026-07-20,Customer Receipt,SI102808,16291.3
BT701525,2026-07-20,Customer Receipt,SI101685,10601.93
BT701583,2026-07-20,Customer Receipt,SI101750,21408.69
BT705630,2026-07-20,Vendor Payment,VI201260,-4804.63
BT705431,2026-07-20,Vendor Payment,VI201042,-2461.78
BT701873,2026-07-21,Customer Receipt,SI102078,18159.57
BT703372,2026-07-21,Customer Receipt,SI103748,3931.01
BT703310,2026-07-21,Customer Receipt,SI103678,5348.13
BT704735,2026-07-21,Vendor Payment,VI200260,-5853.56
BT702865,2026-07-21,Customer Receipt,SI103190,4331.92
BT706261,2026-07-21,Vendor Payment,VI201957,-8197.81
BT704195,2026-07-21,Customer Receipt,SI104657,31850.55
BT703066,2026-07-21,Customer Receipt,SI103408,3943.99
BT702532,2026-07-21,Customer Receipt,SI102821,26558.68
BT704657,2026-07-21,Vendor Payment,VI200171,-4179.37
BT700514,2026-07-21,Customer Receipt,SI100573,6652.51
BT702359,2026-07-22,Customer Receipt,SI102635,14434.64
BT702334,2026-07-22,Customer Receipt,SI102605,13144.61
BT706335,2026-07-22,Vendor Payment,VI202037,-9614.72
BT703016,2026-07-22,Customer Receipt,SI103354,636.71
BT704214,2026-07-22,Customer Receipt,SI104678,16343.61
BT706475,2026-07-22,Vendor Payment,VI202196,-3597.33
BT701621,2026-07-22,Customer Receipt,SI101790,737.98
BT703648,2026-07-22,Customer Receipt,SI104051,8649.46
BT700642,2026-07-22,Customer Receipt,SI100716,450.62
BT700830,2026-07-22,Customer Receipt,SI100926,27748.41
BT705936,2026-07-22,Vendor Payment,VI201597,-2830.82
BT701251,2026-07-22,Customer Receipt,SI101390,11553.0
BT705935,2026-07-22,Vendor Payment,VI201596,-3755.49
BT701260,2026-07-22,Customer Receipt,SI101400,2713.06
BT705177,2026-07-23,Vendor Payment,VI200751,-3227.03
BT703768,2026-07-23,Customer Receipt,SI104190,1381.51
BT700154,2026-07-23,Customer Receipt,SI100171,2895.14
BT705069,2026-07-23,Vendor Payment,VI200632,-5710.18
BT704019,2026-07-23,Customer Receipt,SI104466,4504.57
BT705740,2026-07-23,Vendor Payment,VI201381,-1168.01
BT700402,2026-07-23,Customer Receipt,SI100449,8851.08
BT700613,2026-07-23,Customer Receipt,SI100682,2267.0
BT702094,2026-07-23,Customer Receipt,SI102330,1981.46
BT701830,2026-07-23,Customer Receipt,SI102032,7074.96
BT700371,2026-07-23,Customer Receipt,SI100414,5334.3
BT706243,2026-07-23,Vendor Payment,VI201938,-3603.48
BT705599,2026-07-23,Vendor Payment,VI201225,-4111.21
BT700322,2026-07-23,Customer Receipt,SI100358,8020.84
BT700879,2026-07-23,Customer Receipt,SI100979,728.27
BT702012,2026-07-24,Customer Receipt,SI102237,16913.45
BT704219,2026-07-24,Customer Receipt,SI104683,9009.14
BT704487,2026-07-24,Customer Receipt,SI104982,583.21
BT705889,2026-07-24,Vendor Payment,VI201545,-7948.99
BT701289,2026-07-24,Customer Receipt,SI101429,1792.8
BT700369,2026-07-24,Customer Receipt,SI100412,13457.57
BT704862,2026-07-24,Vendor Payment,VI200399,-1106.78
BT702775,2026-07-25,Customer Receipt,SI103084,4867.15
BT703442,2026-07-25,Customer Receipt,SI103825,7912.95
BT706313,2026-07-25,Vendor Payment,VI202013,-4658.08
BT702397,2026-07-25,Customer Receipt,SI102678,9420.38
BT700746,2026-07-25,Customer Receipt,SI100829,1092.41
BT700894,2026-07-25,Customer Receipt,SI100995,5325.45
BT703748,2026-07-25,Customer Receipt,SI104166,450.02
BT706381,2026-07-25,Vendor Payment,VI202087,-12961.3
BT705338,2026-07-25,Vendor Payment,VI200933,-3828.6
BT700170,2026-07-25,Customer Receipt,SI100191,7597.18
BT701653,2026-07-25,Customer Receipt,SI101834,15514.05
BT701429,2026-07-25,Customer Receipt,SI101580,1851.58
BT703447,2026-07-25,Customer Receipt,SI103830,3351.1
BT701969,2026-07-25,Customer Receipt,SI102187,1041.52
BT700302,2026-07-26,Customer Receipt,SI100338,1649.07
BT704311,2026-07-26,Customer Receipt,SI104787,16421.47
BT703144,2026-07-26,Customer Receipt,SI103498,1562.27
BT704558,2026-07-26,Vendor Payment,VI200060,-3721.93
BT703239,2026-07-26,Customer Receipt,SI103601,3423.11
BT706471,2026-07-26,Vendor Payment,VI202191,-3005.55
BT706209,2026-07-26,Vendor Payment,VI201904,-1002.35
BT705047,2026-07-26,Vendor Payment,VI200608,-2991.92
BT701526,2026-07-26,Customer Receipt,SI101686,686.02
BT703348,2026-07-26,Customer Receipt,SI103722,7396.43
BT700622,2026-07-27,Customer Receipt,SI100692,9556.82
BT702014,2026-07-27,Customer Receipt,SI102240,1504.16
BT700086,2026-07-27,Customer Receipt,SI100098,10622.15
BT706127,2026-07-27,Vendor Payment,VI201810,-3931.99
BT701063,2026-07-27,Customer Receipt,SI101179,6422.61
BT704607,2026-07-27,Vendor Payment,VI200114,-3074.01
BT701923,2026-07-27,Customer Receipt,SI102137,23094.5
BT701916,2026-07-27,Customer Receipt,SI102128,12416.51
BT703135,2026-07-27,Customer Receipt,SI103489,12292.16
BT700994,2026-07-27,Customer Receipt,SI101102,20949.22
BT704421,2026-07-27,Customer Receipt,SI104911,2950.96
BT701101,2026-07-27,Customer Receipt,SI101224,9795.26
BT701509,2026-07-28,Customer Receipt,SI101669,1049.26
BT701451,2026-07-28,Customer Receipt,SI101606,2533.25
BT703973,2026-07-28,Customer Receipt,SI104416,6542.01
BT705967,2026-07-28,Vendor Payment,VI201630,-3922.65
BT703817,2026-07-28,Customer Receipt,SI104245,24186.78
BT706237,2026-07-28,Vendor Payment,VI201932,-3453.78
BT703478,2026-07-28,Customer Receipt,SI103864,16564.77
BT703922,2026-07-28,Customer Receipt,SI104359,1664.22
BT706629,2026-07-28,Operating Expense,EX400151,-48866.73
BT706657,2026-07-28,Payroll,PR500019,-885451.31
BT702601,2026-07-28,Customer Receipt,SI102897,2603.79
BT706630,2026-07-28,Operating Expense,EX400152,-101664.17
BT706626,2026-07-28,Operating Expense,EX400148,-155376.82
BT704630,2026-07-28,Vendor Payment,VI200141,-7962.09
BT706625,2026-07-28,Operating Expense,EX400147,-74122.33
BT706624,2026-07-28,Operating Expense,EX400146,-209695.06
BT706627,2026-07-28,Operating Expense,EX400149,-91965.56
BT706628,2026-07-28,Operating Expense,EX400150,-57155.53
BT700705,2026-07-28,Customer Receipt,SI100785,11063.85
BT701205,2026-07-28,Customer Receipt,SI101338,1504.04
BT705465,2026-07-28,Vendor Payment,VI201079,-1360.89
BT706623,2026-07-28,Operating Expense,EX400145,-887651.03
BT703489,2026-07-29,Customer Receipt,SI103875,2976.44
BT703932,2026-07-29,Customer Receipt,SI104370,22783.82
BT703614,2026-07-29,Customer Receipt,SI104013,24995.32
BT705782,2026-07-29,Vendor Payment,VI201428,-1855.43
BT705156,2026-07-29,Vendor Payment,VI200730,-2737.12
BT703184,2026-07-29,Customer Receipt,SI103541,737.98
BT700447,2026-07-30,Customer Receipt,SI100496,38514.52
BT702231,2026-07-30,Customer Receipt,SI102488,38441.73
BT702021,2026-07-30,Customer Receipt,SI102249,5447.76
BT700080,2026-07-30,Customer Receipt,SI100092,17593.63
BT702540,2026-07-30,Customer Receipt,SI102831,4504.57
BT702388,2026-07-30,Customer Receipt,SI102669,25660.56
BT704525,2026-07-30,Vendor Payment,VI200022,-1534.99
BT701147,2026-07-30,Customer Receipt,SI101276,16293.84
BT701409,2026-07-31,Customer Receipt,SI101558,2322.14
BT701488,2026-07-31,Customer Receipt,SI101644,18621.53
BT701036,2026-07-31,Customer Receipt,SI101150,26769.34
BT702554,2026-07-31,Customer Receipt,SI102847,5765.5
BT702927,2026-07-31,Customer Receipt,SI103254,17441.69
BT702016,2026-07-31,Customer Receipt,SI102242,2803.72
BT704598,2026-07-31,Vendor Payment,VI200104,-836.82
BT702481,2026-07-31,Customer Receipt,SI102767,16641.97
BT703436,2026-08-01,Customer Receipt,SI103819,4035.38
BT705014,2026-08-01,Vendor Payment,VI200568,-1339.78
BT706677,2026-08-01,Loan Payment,LP600019,-204827.04
BT706691,2026-08-01,Loan Payment,LP600033,-164880.03
BT700298,2026-08-01,Customer Receipt,SI100334,10342.7
BT702780,2026-08-01,Customer Receipt,SI103091,3037.71
BT706326,2026-08-01,Vendor Payment,VI202027,-4551.66
BT701122,2026-08-01,Customer Receipt,SI101245,11394.65
BT704460,2026-08-01,Customer Receipt,SI104954,14289.53
BT705921,2026-08-01,Vendor Payment,VI201580,-3100.96
BT705918,2026-08-01,Vendor Payment,VI201577,-1794.09
BT706699,2026-08-01,Loan Payment,LP600041,-96098.85
BT706452,2026-08-02,Vendor Payment,VI202169,-820.75
BT704722,2026-08-02,Vendor Payment,VI200247,-5609.25
BT705959,2026-08-02,Vendor Payment,VI201622,-2986.78
BT703514,2026-08-02,Customer Receipt,SI103900,7206.54
BT703072,2026-08-02,Customer Receipt,SI103414,4257.67
BT703988,2026-08-02,Customer Receipt,SI104432,2165.81
BT705780,2026-08-02,Vendor Payment,VI201426,-2207.83
BT705087,2026-08-02,Vendor Payment,VI200651,-2753.93
BT703046,2026-08-02,Customer Receipt,SI103388,4041.45
BT706251,2026-08-03,Vendor Payment,VI201947,-4197.95
BT701449,2026-08-03,Customer Receipt,SI101603,2817.13
BT706409,2026-08-03,Vendor Payment,VI202119,-4359.76
BT704444,2026-08-03,Customer Receipt,SI104937,12745.22
BT701123,2026-08-03,Customer Receipt,SI101246,9827.53
BT702093,2026-08-03,Customer Receipt,SI102329,23358.0
BT702176,2026-08-03,Customer Receipt,SI102427,4367.95
BT704016,2026-08-03,Customer Receipt,SI104462,22408.45
BT701772,2026-08-03,Customer Receipt,SI101969,5705.18
BT705071,2026-08-04,Vendor Payment,VI200634,-14462.71
BT703818,2026-08-04,Customer Receipt,SI104246,1691.2
BT700965,2026-08-04,Customer Receipt,SI101072,27072.97
BT700512,2026-08-04,Customer Receipt,SI100570,8697.97
BT706275,2026-08-04,Vendor Payment,VI201972,-4528.38
BT704751,2026-08-04,Vendor Payment,VI200280,-1943.63
BT702286,2026-08-04,Customer Receipt,SI102552,6278.81
BT700088,2026-08-04,Customer Receipt,SI100101,6918.6
BT705811,2026-08-04,Vendor Payment,VI201459,-7776.53
BT701935,2026-08-05,Customer Receipt,SI102149,892.79
BT704239,2026-08-05,Customer Receipt,SI104705,4459.37
BT703461,2026-08-05,Customer Receipt,SI103847,7938.63
BT704297,2026-08-05,Customer Receipt,SI104769,20867.91
BT704155,2026-08-05,Customer Receipt,SI104611,1524.08
BT704954,2026-08-05,Vendor Payment,VI200500,-1654.6
BT705074,2026-08-06,Vendor Payment,VI200638,-3091.37
BT704411,2026-08-06,Customer Receipt,SI104899,28360.69
BT703546,2026-08-06,Customer Receipt,SI103936,538.44
BT703979,2026-08-06,Customer Receipt,SI104422,5855.63
BT702214,2026-08-06,Customer Receipt,SI102468,3681.06
BT700983,2026-08-06,Customer Receipt,SI101091,14410.22
BT701363,2026-08-06,Customer Receipt,SI101508,6456.61
BT700072,2026-08-06,Customer Receipt,SI100082,7263.83
BT700367,2026-08-06,Customer Receipt,SI100407,7596.43
BT704231,2026-08-06,Customer Receipt,SI104696,1965.51
BT701783,2026-08-07,Customer Receipt,SI101982,2268.08
BT700060,2026-08-07,Customer Receipt,SI100065,16480.88
BT702684,2026-08-08,Customer Receipt,SI102990,2128.5
BT704237,2026-08-08,Customer Receipt,SI104703,1703.07
BT703170,2026-08-08,Customer Receipt,SI103526,3742.82
BT704480,2026-08-08,Customer Receipt,SI104974,2595.33
BT702385,2026-08-08,Customer Receipt,SI102666,22763.6
BT703658,2026-08-08,Customer Receipt,SI104062,26859.29
BT700131,2026-08-08,Customer Receipt,SI100146,21855.44
BT700437,2026-08-08,Customer Receipt,SI100485,17184.64
BT704562,2026-08-08,Vendor Payment,VI200064,-8015.5
BT705326,2026-08-08,Vendor Payment,VI200918,-3202.32
BT704652,2026-08-08,Vendor Payment,VI200164,-5213.48
BT704860,2026-08-08,Vendor Payment,VI200397,-6310.69
BT703820,2026-08-08,Customer Receipt,SI104248,15471.84
BT704868,2026-08-08,Vendor Payment,VI200406,-2980.27
BT700930,2026-08-09,Customer Receipt,SI101035,5054.91
BT705573,2026-08-09,Vendor Payment,VI201197,-2814.02
BT704232,2026-08-09,Customer Receipt,SI104697,4512.12
BT705358,2026-08-09,Vendor Payment,VI200956,-1090.12
BT700321,2026-08-09,Customer Receipt,SI100357,18842.96
BT703691,2026-08-09,Customer Receipt,SI104105,8939.75
BT703827,2026-08-09,Customer Receipt,SI104256,805.29
BT706113,2026-08-10,Vendor Payment,VI201792,-4497.3
BT704578,2026-08-10,Vendor Payment,VI200082,-2217.72
BT704402,2026-08-10,Customer Receipt,SI104890,4764.88
BT706057,2026-08-10,Vendor Payment,VI201728,-902.43
BT703179,2026-08-10,Customer Receipt,SI103536,2020.72
BT700228,2026-08-10,Customer Receipt,SI100254,11391.91
BT704059,2026-08-10,Customer Receipt,SI104509,23854.35
BT705965,2026-08-10,Vendor Payment,VI201628,-6275.26
BT703888,2026-08-10,Customer Receipt,SI104323,2171.36
BT704136,2026-08-10,Customer Receipt,SI104592,6083.94
BT700021,2026-08-10,Customer Receipt,SI100021,6330.36
BT701247,2026-08-10,Customer Receipt,SI101385,5098.09
BT700820,2026-08-10,Customer Receipt,SI100915,15382.22
BT705362,2026-08-10,Vendor Payment,VI200960,-3498.53
BT704824,2026-08-10,Vendor Payment,VI200358,-1900.33
BT702175,2026-08-10,Customer Receipt,SI102426,10953.84
BT702079,2026-08-11,Customer Receipt,SI102313,290.54
BT706164,2026-08-11,Vendor Payment,VI201851,-4286.8
BT701222,2026-08-11,Customer Receipt,SI101356,1263.2
BT704901,2026-08-11,Vendor Payment,VI200440,-1330.57
BT701961,2026-08-11,Customer Receipt,SI102178,7558.15
BT701844,2026-08-11,Customer Receipt,SI102046,16037.85
BT703819,2026-08-11,Customer Receipt,SI104247,10433.09
BT703373,2026-08-11,Customer Receipt,SI103749,3326.25
BT705788,2026-08-11,Vendor Payment,VI201434,-1357.69
BT703994,2026-08-12,Customer Receipt,SI104439,916.66
BT705178,2026-08-12,Vendor Payment,VI200754,-4685.41
BT702445,2026-08-12,Customer Receipt,SI102728,5979.24
BT700995,2026-08-12,Customer Receipt,SI101103,2380.44
BT706088,2026-08-12,Vendor Payment,VI201765,-4598.0
BT702455,2026-08-12,Customer Receipt,SI102739,17695.65
BT702526,2026-08-12,Customer Receipt,SI102814,13483.86
BT700944,2026-08-13,Customer Receipt,SI101049,31690.56
BT703808,2026-08-14,Customer Receipt,SI104234,15034.6
BT702105,2026-08-14,Customer Receipt,SI102345,23446.37
BT702757,2026-08-14,Customer Receipt,SI103066,8010.99
BT703732,2026-08-14,Customer Receipt,SI104148,38149.88
BT704785,2026-08-14,Vendor Payment,VI200315,-3932.6
BT702968,2026-08-14,Customer Receipt,SI103300,15334.44
BT701452,2026-08-15,Customer Receipt,SI101607,6733.59
BT702718,2026-08-15,Customer Receipt,SI103024,1213.79
BT702447,2026-08-16,Customer Receipt,SI102730,8534.97
BT702150,2026-08-16,Customer Receipt,SI102399,3442.74
BT704381,2026-08-16,Customer Receipt,SI104865,5766.31
BT700742,2026-08-16,Customer Receipt,SI100825,8136.56
BT700699,2026-08-16,Customer Receipt,SI100779,13938.48
BT706162,2026-08-17,Vendor Payment,VI201849,-7210.4
BT704265,2026-08-17,Customer Receipt,SI104734,30145.33
BT704173,2026-08-17,Customer Receipt,SI104630,15471.84
BT705720,2026-08-17,Vendor Payment,VI201359,-3206.29
BT705384,2026-08-17,Vendor Payment,VI200983,-7144.19
BT704192,2026-08-18,Customer Receipt,SI104654,18467.68
BT705865,2026-08-18,Vendor Payment,VI201517,-1580.4
BT703229,2026-08-18,Customer Receipt,SI103590,9299.52
BT702741,2026-08-18,Customer Receipt,SI103049,1299.83
BT702813,2026-08-18,Customer Receipt,SI103131,1317.71
BT703634,2026-08-18,Customer Receipt,SI104037,12185.95
BT704257,2026-08-18,Customer Receipt,SI104724,14449.36
BT702300,2026-08-19,Customer Receipt,SI102566,5587.34
BT703700,2026-08-19,Customer Receipt,SI104114,5981.14
BT701968,2026-08-20,Customer Receipt,SI102186,3431.29
BT702884,2026-08-20,Customer Receipt,SI103210,11211.48
BT704950,2026-08-20,Vendor Payment,VI200494,-2451.31
BT701391,2026-08-20,Customer Receipt,SI101539,10616.85
BT706117,2026-08-20,Vendor Payment,VI201796,-4065.24
BT703669,2026-08-20,Customer Receipt,SI104074,4678.52
BT701588,2026-08-21,Customer Receipt,SI101756,3173.19
BT702317,2026-08-21,Customer Receipt,SI102586,16789.79
BT703528,2026-08-22,Customer Receipt,SI103917,1360.85
BT701463,2026-08-22,Customer Receipt,SI101618,11699.03
BT704224,2026-08-22,Customer Receipt,SI104689,3424.71
BT705973,2026-08-22,Vendor Payment,VI201636,-7927.16
BT704042,2026-08-24,Customer Receipt,SI104492,7616.22
BT704081,2026-08-24,Customer Receipt,SI104531,1076.26
BT700014,2026-08-24,Customer Receipt,SI100014,14363.75
BT702852,2026-08-24,Customer Receipt,SI103176,7987.25
BT704999,2026-08-25,Vendor Payment,VI200550,-8143.06
BT700740,2026-08-25,Customer Receipt,SI100823,3069.05
BT705468,2026-08-25,Vendor Payment,VI201082,-2422.85
BT701652,2026-08-26,Customer Receipt,SI101831,7729.73
BT704793,2026-08-26,Vendor Payment,VI200323,-1984.06
BT704326,2026-08-26,Customer Receipt,SI104806,3064.22
BT704056,2026-08-26,Customer Receipt,SI104506,14797.22
BT701348,2026-08-26,Customer Receipt,SI101492,2305.06
BT703712,2026-08-27,Customer Receipt,SI104126,6983.07
BT700407,2026-08-27,Customer Receipt,SI100454,4749.6
BT700967,2026-08-27,Customer Receipt,SI101074,3845.56
BT701920,2026-08-27,Customer Receipt,SI102132,7840.39
BT704695,2026-08-27,Vendor Payment,VI200216,-1680.28
BT700222,2026-08-28,Customer Receipt,SI100247,10090.33
BT706631,2026-08-28,Operating Expense,EX400153,-901895.12
BT706637,2026-08-28,Operating Expense,EX400159,-44648.4
BT702809,2026-08-28,Customer Receipt,SI103125,12460.01
BT706636,2026-08-28,Operating Expense,EX400158,-62733.67
BT706633,2026-08-28,Operating Expense,EX400155,-73195.52
BT706632,2026-08-28,Operating Expense,EX400154,-191394.42
BT706658,2026-08-28,Payroll,PR500020,-891397.9
BT706638,2026-08-28,Operating Expense,EX400160,-104557.81
BT706634,2026-08-28,Operating Expense,EX400156,-165733.25
BT706635,2026-08-28,Operating Expense,EX400157,-100557.37
BT703052,2026-08-29,Customer Receipt,SI103394,4612.76
BT701064,2026-08-29,Customer Receipt,SI101180,4987.26
BT705458,2026-08-29,Vendor Payment,VI201071,-10590.15
BT700638,2026-08-29,Customer Receipt,SI100710,19327.29
BT700171,2026-08-29,Customer Receipt,SI100192,4030.4
BT705824,2026-08-30,Vendor Payment,VI201473,-979.98
BT704049,2026-08-30,Customer Receipt,SI104499,468.41
BT704349,2026-08-30,Customer Receipt,SI104831,3075.17
BT700115,2026-08-30,Customer Receipt,SI100128,2492.0
BT702726,2026-08-31,Customer Receipt,SI103033,7171.49
BT701347,2026-08-31,Customer Receipt,SI101491,2986.57
BT700627,2026-08-31,Customer Receipt,SI100699,4059.05
BT703807,2026-09-01,Customer Receipt,SI104233,221.88
BT703942,2026-09-01,Customer Receipt,SI104381,9968.01
BT704635,2026-09-02,Vendor Payment,VI200146,-4342.78
BT701163,2026-09-03,Customer Receipt,SI101294,3046.49
BT706218,2026-09-03,Vendor Payment,VI201913,-7174.79
BT702588,2026-09-04,Customer Receipt,SI102882,3008.11
BT701210,2026-09-04,Customer Receipt,SI101343,1650.05
BT703492,2026-09-04,Customer Receipt,SI103878,2592.86
BT704910,2026-09-04,Vendor Payment,VI200449,-4178.32
BT702675,2026-09-05,Customer Receipt,SI102980,12583.32
BT703507,2026-09-05,Customer Receipt,SI103893,1345.72
BT704776,2026-09-05,Vendor Payment,VI200305,-4574.55
BT703532,2026-09-06,Customer Receipt,SI103922,6346.39
BT704097,2026-09-07,Customer Receipt,SI104548,1537.59
BT703525,2026-09-09,Customer Receipt,SI103914,7205.11
BT705176,2026-09-10,Vendor Payment,VI200750,-2486.16
BT700307,2026-09-12,Customer Receipt,SI100343,2662.73
BT703445,2026-09-12,Customer Receipt,SI103828,7861.07
BT701951,2026-09-13,Customer Receipt,SI102167,1289.83
BT701304,2026-09-13,Customer Receipt,SI101446,2186.35
BT701335,2026-09-14,Customer Receipt,SI101478,538.44
BT701775,2026-09-16,Customer Receipt,SI101973,896.4
BT701827,2026-09-22,Customer Receipt,SI102029,3075.17
BT702631,2026-09-28,Customer Receipt,SI102930,1993.46
