invoice_id,invoice_date,customer_id,product_id,quantity,discount_pct,unit_price,gross_amount,discount_amount,net_invoice_amount,due_date,payment_date
SI100001,2025-04-05,C1055,P3036,9,0.08,2524.78,22723.02,1817.84,20905.18,2025-04-20,2025-04-28
SI100002,2026-01-09,C1093,P3050,10,0.08,1957.91,19579.1,1566.33,18012.77,2026-01-24,2026-02-06
SI100003,2026-06-04,C1030,P3033,6,0.05,246.53,1479.18,73.96,1405.22,2026-07-04,2026-07-04
SI100004,2025-12-26,C1029,P3013,2,0.08,791.6,1583.2,126.66,1456.54,2026-01-25,2026-02-09
SI100005,2025-10-08,C1026,P3014,6,0.0,1012.57,6075.42,0.0,6075.42,2025-11-22,2025-12-03
SI100006,2025-07-14,C1083,P3056,9,0.15,1862.7,16764.3,2514.64,14249.66,2025-08-28,2025-09-21
SI100007,2025-07-14,C1026,P3033,3,0.1,246.53,739.59,73.96,665.63,2025-08-28,2025-09-03
SI100008,2025-04-03,C1037,P3029,9,0.02,1017.07,9153.63,183.07,8970.56,2025-05-18,2025-05-18
SI100009,2025-03-02,C1091,P3043,2,0.1,3207.57,6415.14,641.51,5773.63,2025-04-01,2025-04-06
SI100010,2025-02-20,C1094,P3049,11,0.0,2738.46,30123.06,0.0,30123.06,2025-03-07,2025-03-09
SI100011,2026-02-07,C1115,P3036,5,0.02,2524.78,12623.9,252.48,12371.42,2026-02-22,2026-02-25
SI100012,2025-01-05,C1053,P3058,11,0.0,226.7,2493.7,0.0,2493.7,2025-02-19,2025-02-23
SI100013,2026-04-11,C1030,P3044,2,0.1,450.62,901.24,90.12,811.12,2026-05-11,2026-05-11
SI100014,2026-06-18,C1003,P3010,7,0.1,2279.96,15959.72,1595.97,14363.75,2026-08-17,2026-08-24
SI100015,2026-02-09,C1043,P3031,11,0.1,1098.22,12080.42,1208.04,10872.38,2026-03-11,2026-03-11
SI100016,2026-05-28,C1007,P3006,10,0.0,269.22,2692.2,0.0,2692.2,2026-06-27,2026-06-27
SI100017,2025-08-21,C1049,P3057,9,0.05,339.43,3054.87,152.74,2902.13,2025-09-20,2025-09-23
SI100018,2026-06-08,C1073,P3001,7,0.08,1380.63,9664.41,773.15,8891.26,2026-06-23,2026-06-23
SI100019,2025-12-12,C1117,P3007,5,0.02,3525.77,17628.85,352.58,17276.27,2025-12-27,2026-01-08
SI100020,2025-02-15,C1041,P3058,4,0.08,226.7,906.8,72.54,834.26,2025-04-01,2025-04-01
SI100021,2026-06-30,C1106,P3027,4,0.0,1582.59,6330.36,0.0,6330.36,2026-07-30,2026-08-10
SI100022,2025-03-19,C1077,P3021,10,0.02,308.88,3088.8,61.78,3027.02,2025-04-18,2025-04-30
SI100023,2025-03-14,C1079,P3028,8,0.05,925.58,7404.64,370.23,7034.41,2025-04-13,2025-04-13
SI100024,2025-09-06,C1054,P3016,10,0.08,2713.06,27130.6,2170.45,24960.15,2025-10-06,2025-10-15
SI100025,2025-02-16,C1069,P3056,10,0.02,1862.7,18627.0,372.54,18254.46,2025-04-02,2025-05-19
SI100026,2025-05-01,C1093,P3046,10,0.02,2017.69,20176.9,403.54,19773.36,2025-05-16,2025-05-21
SI100027,2025-08-02,C1099,P3023,10,0.02,448.2,4482.0,89.64,4392.36,2025-09-01,2025-09-01
SI100028,2025-08-27,C1091,P3052,10,0.02,1201.09,12010.9,240.22,11770.68,2025-09-26,2025-10-10
SI100029,2025-02-25,C1027,P3020,1,0.02,3394.02,3394.02,67.88,3326.14,2025-04-11,2025-04-13
SI100030,2025-12-16,C1008,P3038,5,0.05,595.11,2975.55,148.78,2826.77,2026-02-14,2026-02-19
SI100031,2025-04-17,C1032,P3054,2,0.08,1517.45,3034.9,242.79,2792.11,2025-06-01,2025-06-11
SI100032,2025-02-17,C1084,P3025,11,0.05,802.15,8823.65,441.18,8382.47,2025-03-19,2025-03-19
SI100033,2025-12-03,C1064,P3028,9,0.1,925.58,8330.22,833.02,7497.2,2026-01-02,2026-01-06
SI100034,2025-01-26,C1010,P3005,7,0.08,1385.35,9697.45,775.8,8921.65,2025-03-12,2025-03-12
SI100035,2025-09-14,C1013,P3056,10,0.02,1862.7,18627.0,372.54,18254.46,2025-10-29,
SI100036,2025-01-08,C1063,P3021,8,0.0,308.88,2471.04,0.0,2471.04,2025-02-07,2025-03-11
SI100037,2025-09-10,C1093,P3018,6,0.15,2434.61,14607.66,2191.15,12416.51,2025-09-25,2025-10-04
SI100038,2025-10-30,C1035,P3047,9,0.0,722.13,6499.17,0.0,6499.17,2025-11-29,2025-12-16
SI100039,2025-02-25,C1061,P3006,6,0.02,269.22,1615.32,32.31,1583.01,2025-03-12,2025-03-20
SI100040,2026-06-10,C1054,P3057,7,0.0,339.43,2376.01,0.0,2376.01,2026-07-10,2026-07-10
SI100041,2026-04-19,C1008,P3029,7,0.08,1017.07,7119.49,569.56,6549.93,2026-06-18,2026-07-14
SI100042,2025-01-28,C1029,P3019,9,0.08,2731.93,24587.37,1966.99,22620.38,2025-02-27,
SI100043,2025-03-19,C1095,P3033,11,0.2,246.53,2711.83,542.37,2169.46,2025-04-03,2025-04-03
SI100044,2025-08-04,C1041,P3001,8,0.15,1380.63,11045.04,1656.76,9388.28,2025-09-18,2025-10-06
SI100045,2026-01-21,C1030,P3045,1,0.05,2906.1,2906.1,145.3,2760.8,2026-02-20,
SI100046,2025-12-31,C1086,P3003,4,0.05,3501.32,14005.28,700.26,13305.02,2026-02-14,2026-03-03
SI100047,2026-06-10,C1021,P3042,7,0.05,2136.42,14954.94,747.75,14207.19,2026-07-10,
SI100048,2025-11-08,C1076,P3021,11,0.02,308.88,3397.68,67.95,3329.73,2025-12-23,2026-01-10
SI100049,2025-01-07,C1011,P3035,8,0.02,1580.55,12644.4,252.89,12391.51,2025-02-06,
SI100050,2025-01-03,C1002,P3041,7,0.02,1655.7,11589.9,231.8,11358.1,2025-03-04,2025-03-04
SI100051,2025-12-29,C1050,P3040,3,0.0,2880.96,8642.88,0.0,8642.88,2026-01-28,2026-02-05
SI100052,2026-05-23,C1041,P3003,4,0.02,3501.32,14005.28,280.11,13725.17,2026-07-07,2026-07-18
SI100053,2025-10-01,C1066,P3025,7,0.05,802.15,5615.05,280.75,5334.3,2025-11-30,2025-12-11
SI100054,2026-05-21,C1098,P3045,8,0.2,2906.1,23248.8,4649.76,18599.04,2026-07-05,2026-07-06
SI100055,2025-01-15,C1003,P3038,7,0.08,595.11,4165.77,333.26,3832.51,2025-03-16,2025-03-23
SI100056,2025-07-11,C1080,P3045,6,0.2,2906.1,17436.6,3487.32,13949.28,2025-08-10,2025-08-10
SI100057,2026-04-30,C1051,P3055,9,0.05,2802.87,25225.83,1261.29,23964.54,2026-05-15,2026-06-05
SI100058,2025-01-28,C1068,P3020,9,0.05,3394.02,30546.18,1527.31,29018.87,2025-02-27,2025-03-14
SI100059,2025-02-08,C1087,P3052,11,0.05,1201.09,13211.99,660.6,12551.39,2025-03-10,2025-03-25
SI100060,2025-09-30,C1114,P3044,7,0.02,450.62,3154.34,63.09,3091.25,2025-10-30,2025-11-11
SI100061,2025-08-19,C1084,P3045,8,0.02,2906.1,23248.8,464.98,22783.82,2025-09-18,2025-09-27
SI100062,2025-03-27,C1025,P3034,6,0.2,1214.64,7287.84,1457.57,5830.27,2025-05-11,2025-05-11
SI100063,2026-04-19,C1030,P3021,1,0.2,308.88,308.88,61.78,247.1,2026-05-19,2026-05-29
SI100064,2025-05-06,C1082,P3056,1,0.0,1862.7,1862.7,0.0,1862.7,2025-06-20,2025-06-25
SI100065,2026-06-21,C1106,P3055,6,0.02,2802.87,16817.22,336.34,16480.88,2026-07-21,2026-08-07
SI100066,2025-05-25,C1011,P3048,2,0.05,1671.29,3342.58,167.13,3175.45,2025-06-24,2025-07-06
SI100067,2026-06-09,C1093,P3023,8,0.02,448.2,3585.6,71.71,3513.89,2026-06-24,2026-07-04
SI100068,2025-07-31,C1017,P3006,1,0.05,269.22,269.22,13.46,255.76,2025-09-29,2025-09-29
SI100069,2025-01-25,C1026,P3051,2,0.02,3798.59,7597.18,151.94,7445.24,2025-03-11,
SI100070,2026-01-29,C1120,P3053,8,0.05,2275.72,18205.76,910.29,17295.47,2026-02-28,
SI100071,2025-03-08,C1023,P3013,6,0.05,791.6,4749.6,237.48,4512.12,2025-03-23,
SI100072,2025-08-21,C1056,P3049,10,0.05,2738.46,27384.6,1369.23,26015.37,2025-09-20,2025-10-11
SI100073,2025-04-19,C1052,P3023,2,0.0,448.2,896.4,0.0,896.4,2025-05-04,2025-05-05
SI100074,2025-05-26,C1048,P3009,2,0.05,939.78,1879.56,93.98,1785.58,2025-06-25,2025-07-04
SI100075,2025-04-21,C1020,P3017,11,0.2,1213.79,13351.69,2670.34,10681.35,2025-05-06,2025-05-06
SI100076,2025-08-16,C1109,P3002,7,0.05,3041.97,21293.79,1064.69,20229.1,2025-09-15,2025-09-20
SI100077,2025-04-21,C1002,P3019,5,0.15,2731.93,13659.65,2048.95,11610.7,2025-06-20,2025-06-20
SI100078,2026-04-15,C1088,P3019,5,0.15,2731.93,13659.65,2048.95,11610.7,2026-05-15,
SI100079,2025-02-03,C1031,P3056,8,0.2,1862.7,14901.6,2980.32,11921.28,2025-03-20,
SI100080,2026-01-04,C1027,P3007,7,0.1,3525.77,24680.39,2468.04,22212.35,2026-02-18,2026-02-18
SI100081,2026-03-01,C1002,P3054,9,0.08,1517.45,13657.05,1092.56,12564.49,2026-04-30,2026-05-16
SI100082,2026-06-02,C1078,P3042,4,0.15,2136.42,8545.68,1281.85,7263.83,2026-07-02,2026-08-06
SI100083,2025-10-09,C1004,P3042,10,0.0,2136.42,21364.2,0.0,21364.2,2025-11-08,2025-11-09
SI100084,2025-11-16,C1113,P3059,4,0.05,578.62,2314.48,115.72,2198.76,2025-12-31,2026-02-24
SI100085,2026-03-19,C1013,P3020,2,0.2,3394.02,6788.04,1357.61,5430.43,2026-05-03,2026-06-09
SI100086,2025-11-11,C1100,P3009,3,0.1,939.78,2819.34,281.93,2537.41,2025-11-26,
SI100087,2026-01-12,C1035,P3017,1,0.2,1213.79,1213.79,242.76,971.03,2026-02-11,2026-03-15
SI100088,2025-10-16,C1108,P3027,1,0.1,1582.59,1582.59,158.26,1424.33,2025-10-31,2025-11-05
SI100089,2026-03-13,C1118,P3047,7,0.15,722.13,5054.91,758.24,4296.67,2026-04-12,
SI100090,2025-10-04,C1119,P3002,5,0.08,3041.97,15209.85,1216.79,13993.06,2025-12-03,2025-12-03
SI100091,2026-05-18,C1072,P3036,3,0.1,2524.78,7574.34,757.43,6816.91,2026-06-02,2026-07-07
SI100092,2026-05-31,C1066,P3019,7,0.08,2731.93,19123.51,1529.88,17593.63,2026-07-30,2026-07-30
SI100093,2025-12-16,C1006,P3017,2,0.15,1213.79,2427.58,364.14,2063.44,2026-02-14,2026-02-17
SI100094,2026-03-22,C1031,P3005,3,0.1,1385.35,4156.05,415.6,3740.45,2026-05-06,2026-05-06
SI100095,2025-12-16,C1118,P3039,1,0.15,380.94,380.94,57.14,323.8,2026-01-15,2026-01-15
SI100096,2025-05-17,C1010,P3018,8,0.08,2434.61,19476.88,1558.15,17918.73,2025-07-01,2025-07-04
SI100097,2025-08-31,C1108,P3053,2,0.05,2275.72,4551.44,227.57,4323.87,2025-09-15,2025-10-14
SI100098,2026-06-27,C1021,P3054,7,0.0,1517.45,10622.15,0.0,10622.15,2026-07-27,2026-07-27
SI100099,2025-02-09,C1106,P3059,11,0.15,578.62,6364.82,954.72,5410.1,2025-03-11,2025-03-15
SI100100,2025-08-17,C1074,P3007,9,0.08,3525.77,31731.93,2538.55,29193.38,2025-10-16,
SI100101,2026-07-02,C1023,P3017,6,0.05,1213.79,7282.74,364.14,6918.6,2026-07-17,2026-08-04
SI100102,2025-08-11,C1003,P3039,2,0.02,380.94,761.88,15.24,746.64,2025-10-10,2025-11-12
SI100103,2025-01-06,C1032,P3036,2,0.1,2524.78,5049.56,504.96,4544.6,2025-02-20,2025-02-20
SI100104,2025-11-18,C1020,P3040,9,0.1,2880.96,25928.64,2592.86,23335.78,2025-12-03,2025-12-03
SI100105,2026-04-13,C1074,P3045,10,0.1,2906.1,29061.0,2906.1,26154.9,2026-06-12,2026-06-17
SI100106,2025-03-16,C1029,P3004,8,0.08,2184.56,17476.48,1398.12,16078.36,2025-04-15,2025-04-17
SI100107,2025-01-04,C1105,P3038,9,0.05,595.11,5355.99,267.8,5088.19,2025-02-03,2025-02-27
SI100108,2025-04-28,C1052,P3025,4,0.05,802.15,3208.6,160.43,3048.17,2025-05-13,2025-06-03
SI100109,2026-05-19,C1115,P3005,4,0.0,1385.35,5541.4,0.0,5541.4,2026-06-03,2026-06-16
SI100110,2026-03-17,C1046,P3030,2,0.1,1311.58,2623.16,262.32,2360.84,2026-04-01,2026-04-01
SI100111,2025-07-13,C1034,P3012,10,0.0,626.03,6260.3,0.0,6260.3,2025-09-11,2025-09-22
SI100112,2026-01-27,C1101,P3004,1,0.08,2184.56,2184.56,174.76,2009.8,2026-02-26,2026-03-26
SI100113,2025-01-26,C1084,P3024,10,0.05,1395.29,13952.9,697.64,13255.26,2025-02-25,2025-03-03
SI100114,2026-03-11,C1061,P3029,4,0.08,1017.07,4068.28,325.46,3742.82,2026-03-26,2026-04-04
SI100115,2025-06-22,C1072,P3009,10,0.15,939.78,9397.8,1409.67,7988.13,2025-07-07,2025-08-12
SI100116,2025-10-27,C1071,P3004,10,0.0,2184.56,21845.6,0.0,21845.6,2025-11-26,2025-12-01
SI100117,2025-11-22,C1070,P3051,11,0.1,3798.59,41784.49,4178.45,37606.04,2025-12-22,2026-01-15
SI100118,2026-02-14,C1011,P3024,8,0.0,1395.29,11162.32,0.0,11162.32,2026-03-16,2026-03-16
SI100119,2025-04-28,C1108,P3014,2,0.0,1012.57,2025.14,0.0,2025.14,2025-05-13,2025-05-13
SI100120,2025-08-13,C1082,P3005,11,0.05,1385.35,15238.85,761.94,14476.91,2025-09-27,2025-10-25
SI100121,2026-06-16,C1115,P3018,8,0.0,2434.61,19476.88,0.0,19476.88,2026-07-01,2026-07-09
SI100122,2025-04-23,C1106,P3042,1,0.1,2136.42,2136.42,213.64,1922.78,2025-05-23,2025-06-04
SI100123,2025-05-20,C1093,P3057,1,0.08,339.43,339.43,27.15,312.28,2025-06-04,2025-06-04
SI100124,2025-01-01,C1089,P3019,4,0.0,2731.93,10927.72,0.0,10927.72,2025-01-31,2025-01-31
SI100125,2025-03-31,C1063,P3012,7,0.0,626.03,4382.21,0.0,4382.21,2025-04-30,2025-05-22
SI100126,2025-11-16,C1021,P3018,9,0.08,2434.61,21911.49,1752.92,20158.57,2025-12-16,2025-12-16
SI100127,2025-05-19,C1110,P3017,5,0.1,1213.79,6068.95,606.9,5462.05,2025-06-18,2025-06-18
SI100128,2026-05-26,C1003,P3030,2,0.05,1311.58,2623.16,131.16,2492.0,2026-07-25,2026-08-30
SI100129,2025-09-16,C1082,P3024,7,0.08,1395.29,9767.03,781.36,8985.67,2025-10-31,2025-11-23
SI100130,2025-01-10,C1088,P3011,11,0.1,335.11,3686.21,368.62,3317.59,2025-02-09,
SI100131,2025-09-18,C1111,P3035,2,0.08,1580.55,3161.1,252.89,2908.21,2025-10-18,2025-10-18
SI100132,2025-06-21,C1102,P3023,9,0.02,448.2,4033.8,80.68,3953.12,2025-07-21,2025-07-21
SI100133,2025-01-13,C1010,P3017,9,0.08,1213.79,10924.11,873.93,10050.18,2025-02-27,2025-03-12
SI100134,2025-06-17,C1027,P3001,3,0.08,1380.63,4141.89,331.35,3810.54,2025-08-01,2025-08-21
SI100135,2025-11-17,C1012,P3015,8,0.1,3965.84,31726.72,3172.67,28554.05,2025-12-17,2025-12-17
SI100136,2025-11-15,C1007,P3032,11,0.08,1742.31,19165.41,1533.23,17632.18,2025-12-15,2026-01-02
SI100137,2025-11-25,C1017,P3060,4,0.2,157.9,631.6,126.32,505.28,2026-01-24,2026-01-24
SI100138,2026-02-23,C1065,P3009,3,0.02,939.78,2819.34,56.39,2762.95,2026-04-09,2026-04-16
SI100139,2025-04-05,C1064,P3015,1,0.2,3965.84,3965.84,793.17,3172.67,2025-05-05,2025-05-05
SI100140,2025-11-14,C1114,P3028,5,0.08,925.58,4627.9,370.23,4257.67,2025-12-14,2025-12-17
SI100141,2025-08-24,C1026,P3024,11,0.08,1395.29,15348.19,1227.86,14120.33,2025-10-08,2025-10-11
SI100142,2025-11-30,C1015,P3060,4,0.0,157.9,631.6,0.0,631.6,2025-12-30,2025-12-31
SI100143,2026-01-11,C1115,P3035,1,0.05,1580.55,1580.55,79.03,1501.52,2026-01-26,2026-02-03
SI100144,2026-04-04,C1033,P3022,10,0.1,1625.31,16253.1,1625.31,14627.79,2026-05-19,2026-05-19
SI100145,2025-05-17,C1062,P3027,8,0.08,1582.59,12660.72,1012.86,11647.86,2025-06-16,
SI100146,2026-07-01,C1101,P3019,8,0.0,2731.93,21855.44,0.0,21855.44,2026-07-31,2026-08-08
SI100147,2026-05-28,C1047,P3045,8,0.08,2906.1,23248.8,1859.9,21388.9,2026-06-27,2026-07-14
SI100148,2025-10-23,C1095,P3012,3,0.0,626.03,1878.09,0.0,1878.09,2025-11-07,2025-11-11
SI100149,2025-11-16,C1035,P3020,6,0.2,3394.02,20364.12,4072.82,16291.3,2025-12-16,2025-12-25
SI100150,2025-12-15,C1065,P3001,7,0.15,1380.63,9664.41,1449.66,8214.75,2026-01-29,
SI100151,2025-08-17,C1072,P3021,9,0.0,308.88,2779.92,0.0,2779.92,2025-09-01,2025-10-04
SI100152,2025-09-27,C1076,P3049,5,0.15,2738.46,13692.3,2053.84,11638.46,2025-11-11,2025-11-11
SI100153,2025-10-18,C1118,P3045,9,0.15,2906.1,26154.9,3923.24,22231.66,2025-11-17,2025-11-17
SI100154,2025-06-14,C1083,P3001,6,0.05,1380.63,8283.78,414.19,7869.59,2025-07-29,2025-08-16
SI100155,2025-01-05,C1025,P3010,10,0.08,2279.96,22799.6,1823.97,20975.63,2025-02-19,2025-03-14
SI100156,2026-01-14,C1057,P3047,10,0.05,722.13,7221.3,361.07,6860.23,2026-02-28,
SI100157,2025-03-19,C1032,P3059,10,0.08,578.62,5786.2,462.9,5323.3,2025-05-03,2025-06-02
SI100158,2026-02-14,C1063,P3059,4,0.05,578.62,2314.48,115.72,2198.76,2026-03-16,2026-03-24
SI100159,2025-05-12,C1012,P3032,1,0.05,1742.31,1742.31,87.12,1655.19,2025-06-11,2025-06-11
SI100160,2025-02-11,C1063,P3039,1,0.05,380.94,380.94,19.05,361.89,2025-03-13,2025-04-26
SI100161,2025-03-30,C1077,P3060,10,0.02,157.9,1579.0,31.58,1547.42,2025-04-29,2025-05-29
SI100162,2026-02-06,C1092,P3022,5,0.1,1625.31,8126.55,812.66,7313.89,2026-03-23,2026-04-24
SI100163,2025-10-23,C1001,P3018,3,0.05,2434.61,7303.83,365.19,6938.64,2025-12-22,2025-12-22
SI100164,2025-10-22,C1051,P3048,5,0.05,1671.29,8356.45,417.82,7938.63,2025-11-06,2025-11-18
SI100165,2026-06-10,C1070,P3046,5,0.15,2017.69,10088.45,1513.27,8575.18,2026-07-10,2026-07-10
SI100166,2026-02-26,C1008,P3032,1,0.05,1742.31,1742.31,87.12,1655.19,2026-04-27,2026-05-09
SI100167,2025-01-23,C1068,P3027,8,0.08,1582.59,12660.72,1012.86,11647.86,2025-02-22,2025-03-09
SI100168,2025-05-23,C1005,P3028,5,0.2,925.58,4627.9,925.58,3702.32,2025-06-07,2025-06-07
SI100169,2025-05-25,C1089,P3018,5,0.15,2434.61,12173.05,1825.96,10347.09,2025-06-24,2025-06-24
SI100170,2025-08-13,C1086,P3059,9,0.02,578.62,5207.58,104.15,5103.43,2025-09-27,2025-10-02
SI100171,2026-05-18,C1092,P3039,8,0.05,380.94,3047.52,152.38,2895.14,2026-07-02,2026-07-23
SI100172,2025-04-14,C1039,P3049,1,0.2,2738.46,2738.46,547.69,2190.77,2025-05-29,2025-06-05
SI100173,2025-02-08,C1023,P3029,3,0.05,1017.07,3051.21,152.56,2898.65,2025-02-23,2025-03-16
SI100174,2025-07-17,C1068,P3018,7,0.05,2434.61,17042.27,852.11,16190.16,2025-08-16,2025-09-09
SI100175,2026-01-26,C1052,P3044,1,0.02,450.62,450.62,9.01,441.61,2026-02-10,
SI100176,2025-06-28,C1004,P3008,1,0.0,3538.95,3538.95,0.0,3538.95,2025-07-28,
SI100177,2026-03-24,C1047,P3054,5,0.1,1517.45,7587.25,758.72,6828.53,2026-04-23,2026-05-30
SI100178,2026-05-15,C1021,P3031,9,0.1,1098.22,9883.98,988.4,8895.58,2026-06-14,
SI100179,2025-01-15,C1101,P3034,6,0.2,1214.64,7287.84,1457.57,5830.27,2025-02-14,2025-03-05
SI100180,2025-10-16,C1056,P3007,10,0.1,3525.77,35257.7,3525.77,31731.93,2025-11-15,2025-11-24
SI100181,2026-04-23,C1105,P3036,2,0.02,2524.78,5049.56,100.99,4948.57,2026-05-23,2026-05-23
SI100182,2025-08-19,C1066,P3018,11,0.0,2434.61,26780.71,0.0,26780.71,2025-10-18,2025-10-23
SI100183,2026-02-24,C1059,P3060,9,0.2,157.9,1421.1,284.22,1136.88,2026-03-26,2026-04-02
SI100184,2025-06-06,C1007,P3038,6,0.05,595.11,3570.66,178.53,3392.13,2025-07-06,2025-07-21
SI100185,2026-03-17,C1049,P3059,5,0.05,578.62,2893.1,144.66,2748.44,2026-04-16,2026-05-08
SI100186,2025-04-07,C1016,P3009,5,0.15,939.78,4698.9,704.83,3994.07,2025-05-07,2025-06-10
SI100187,2026-02-15,C1017,P3059,3,0.08,578.62,1735.86,138.87,1596.99,2026-04-16,2026-04-24
SI100188,2025-10-16,C1084,P3009,6,0.02,939.78,5638.68,112.77,5525.91,2025-11-15,2025-11-26
SI100189,2025-09-11,C1087,P3046,4,0.15,2017.69,8070.76,1210.61,6860.15,2025-10-11,
SI100190,2025-07-15,C1098,P3008,10,0.2,3538.95,35389.5,7077.9,28311.6,2025-08-29,2025-08-29
SI100191,2026-06-06,C1075,P3051,2,0.0,3798.59,7597.18,0.0,7597.18,2026-07-21,2026-07-25
SI100192,2026-06-01,C1034,P3035,3,0.15,1580.55,4741.65,711.25,4030.4,2026-07-31,2026-08-29
SI100193,2025-04-28,C1033,P3018,9,0.05,2434.61,21911.49,1095.57,20815.92,2025-06-12,2025-06-12
SI100194,2025-06-08,C1026,P3005,11,0.08,1385.35,15238.85,1219.11,14019.74,2025-07-23,
SI100195,2025-08-16,C1066,P3014,11,0.15,1012.57,11138.27,1670.74,9467.53,2025-10-15,2025-10-29
SI100196,2025-08-04,C1063,P3028,9,0.2,925.58,8330.22,1666.04,6664.18,2025-09-03,
SI100197,2025-01-15,C1087,P3030,6,0.02,1311.58,7869.48,157.39,7712.09,2025-02-14,2025-03-04
SI100198,2025-06-06,C1041,P3004,10,0.02,2184.56,21845.6,436.91,21408.69,2025-07-21,2025-07-22
SI100199,2025-09-18,C1086,P3039,10,0.0,380.94,3809.4,0.0,3809.4,2025-11-02,2025-11-02
SI100200,2025-06-06,C1058,P3020,9,0.08,3394.02,30546.18,2443.69,28102.49,2025-07-06,2025-07-21
SI100201,2025-02-16,C1098,P3025,4,0.0,802.15,3208.6,0.0,3208.6,2025-04-02,2025-04-05
SI100202,2025-11-20,C1079,P3028,11,0.05,925.58,10181.38,509.07,9672.31,2025-12-20,2026-01-12
SI100203,2025-05-10,C1010,P3012,5,0.0,626.03,3130.15,0.0,3130.15,2025-06-24,2025-06-24
SI100204,2026-02-15,C1015,P3002,10,0.05,3041.97,30419.7,1520.98,28898.72,2026-03-17,2026-03-17
SI100205,2025-04-05,C1042,P3043,6,0.0,3207.57,19245.42,0.0,19245.42,2025-05-05,2025-05-06
SI100206,2025-10-19,C1093,P3014,9,0.1,1012.57,9113.13,911.31,8201.82,2025-11-03,2025-11-15
SI100207,2025-10-10,C1057,P3022,5,0.02,1625.31,8126.55,162.53,7964.02,2025-11-24,2025-11-24
SI100208,2025-03-10,C1087,P3031,8,0.05,1098.22,8785.76,439.29,8346.47,2025-04-09,2025-04-09
SI100209,2025-01-11,C1017,P3023,11,0.15,448.2,4930.2,739.53,4190.67,2025-03-12,2025-03-18
SI100210,2025-09-11,C1060,P3048,1,0.1,1671.29,1671.29,167.13,1504.16,2025-09-26,2025-10-06
SI100211,2025-05-14,C1009,P3020,5,0.02,3394.02,16970.1,339.4,16630.7,2025-07-13,2025-08-10
SI100212,2025-01-23,C1114,P3038,10,0.0,595.11,5951.1,0.0,5951.1,2025-02-22,2025-03-16
SI100213,2025-12-12,C1036,P3055,1,0.08,2802.87,2802.87,224.23,2578.64,2026-01-11,2026-01-20
SI100214,2025-10-29,C1073,P3004,10,0.05,2184.56,21845.6,1092.28,20753.32,2025-11-13,2025-11-13
SI100215,2025-12-29,C1080,P3015,6,0.1,3965.84,23795.04,2379.5,21415.54,2026-01-28,2026-02-14
SI100216,2026-01-31,C1036,P3024,7,0.05,1395.29,9767.03,488.35,9278.68,2026-03-02,2026-03-04
SI100217,2025-08-06,C1048,P3025,5,0.05,802.15,4010.75,200.54,3810.21,2025-09-05,2025-09-17
SI100218,2025-05-21,C1051,P3001,1,0.05,1380.63,1380.63,69.03,1311.6,2025-06-05,2025-06-19
SI100219,2025-07-29,C1097,P3007,6,0.1,3525.77,21154.62,2115.46,19039.16,2025-09-12,2025-09-12
SI100220,2026-04-05,C1119,P3057,10,0.15,339.43,3394.3,509.14,2885.16,2026-06-04,2026-06-17
SI100221,2025-12-22,C1095,P3031,5,0.0,1098.22,5491.1,0.0,5491.1,2026-01-06,2026-01-06
SI100222,2025-11-20,C1070,P3012,6,0.08,626.03,3756.18,300.49,3455.69,2025-12-20,2025-12-20
SI100223,2025-05-13,C1074,P3042,11,0.0,2136.42,23500.62,0.0,23500.62,2025-07-12,2025-08-05
SI100224,2025-05-07,C1080,P3005,10,0.05,1385.35,13853.5,692.68,13160.82,2025-06-06,
SI100225,2025-04-16,C1068,P3044,7,0.15,450.62,3154.34,473.15,2681.19,2025-05-16,2025-07-01
SI100226,2026-01-13,C1118,P3050,7,0.05,1957.91,13705.37,685.27,13020.1,2026-02-12,2026-02-12
SI100227,2025-02-20,C1022,P3042,2,0.15,2136.42,4272.84,640.93,3631.91,2025-04-21,2025-04-26
SI100228,2025-01-29,C1077,P3038,3,0.08,595.11,1785.33,142.83,1642.5,2025-02-28,2025-03-09
SI100229,2026-04-07,C1080,P3060,6,0.15,157.9,947.4,142.11,805.29,2026-05-07,2026-05-11
SI100230,2025-10-23,C1116,P3012,3,0.1,626.03,1878.09,187.81,1690.28,2025-11-22,2025-11-22
SI100231,2025-10-24,C1093,P3039,2,0.0,380.94,761.88,0.0,761.88,2025-11-08,2025-11-08
SI100232,2026-02-11,C1006,P3018,4,0.02,2434.61,9738.44,194.77,9543.67,2026-04-12,2026-04-18
SI100233,2026-02-09,C1026,P3002,5,0.05,3041.97,15209.85,760.49,14449.36,2026-03-26,2026-03-26
SI100234,2025-12-12,C1075,P3010,11,0.02,2279.96,25079.56,501.59,24577.97,2026-01-26,2026-01-26
SI100235,2026-02-24,C1088,P3015,10,0.05,3965.84,39658.4,1982.92,37675.48,2026-03-26,2026-04-03
SI100236,2025-07-01,C1093,P3030,9,0.05,1311.58,11804.22,590.21,11214.01,2025-07-16,
SI100237,2025-01-01,C1003,P3044,3,0.2,450.62,1351.86,270.37,1081.49,2025-03-02,2025-03-15
SI100238,2026-01-06,C1052,P3058,3,0.05,226.7,680.1,34.01,646.09,2026-01-21,2026-01-21
SI100239,2026-03-07,C1074,P3017,6,0.1,1213.79,7282.74,728.27,6554.47,2026-05-06,2026-05-06
SI100240,2025-11-05,C1060,P3004,5,0.2,2184.56,10922.8,2184.56,8738.24,2025-11-20,2025-11-28
SI100241,2025-05-17,C1063,P3007,6,0.15,3525.77,21154.62,3173.19,17981.43,2025-06-16,2025-06-16
SI100242,2025-07-21,C1065,P3041,7,0.02,1655.7,11589.9,231.8,11358.1,2025-09-04,2025-09-04
SI100243,2026-03-12,C1052,P3031,11,0.05,1098.22,12080.42,604.02,11476.4,2026-03-27,2026-03-27
SI100244,2025-11-09,C1107,P3051,3,0.05,3798.59,11395.77,569.79,10825.98,2025-12-09,2025-12-11
SI100245,2025-04-27,C1090,P3060,5,0.05,157.9,789.5,39.48,750.02,2025-05-27,2025-06-18
SI100246,2025-09-01,C1076,P3059,8,0.05,578.62,4628.96,231.45,4397.51,2025-10-16,2025-10-27
SI100247,2026-06-21,C1014,P3055,4,0.1,2802.87,11211.48,1121.15,10090.33,2026-07-21,2026-08-28
SI100248,2025-03-16,C1089,P3039,10,0.05,380.94,3809.4,190.47,3618.93,2025-04-15,2025-04-26
SI100249,2026-01-21,C1072,P3055,2,0.08,2802.87,5605.74,448.46,5157.28,2026-02-05,2026-02-25
SI100250,2025-07-29,C1107,P3034,4,0.2,1214.64,4858.56,971.71,3886.85,2025-08-28,2025-10-02
SI100251,2026-04-20,C1068,P3006,2,0.0,269.22,538.44,0.0,538.44,2026-05-20,2026-06-07
SI100252,2026-02-22,C1028,P3050,3,0.05,1957.91,5873.73,293.69,5580.04,2026-04-08,2026-04-21
SI100253,2025-12-13,C1071,P3038,4,0.1,595.11,2380.44,238.04,2142.4,2026-01-12,
SI100254,2026-06-13,C1010,P3045,4,0.02,2906.1,11624.4,232.49,11391.91,2026-07-28,2026-08-10
SI100255,2025-06-28,C1115,P3058,10,0.08,226.7,2267.0,181.36,2085.64,2025-07-13,2025-07-21
SI100256,2025-07-01,C1057,P3051,9,0.02,3798.59,34187.31,683.75,33503.56,2025-08-15,2025-08-15
SI100257,2025-01-25,C1100,P3034,10,0.15,1214.64,12146.4,1821.96,10324.44,2025-02-09,2025-02-19
SI100258,2025-06-29,C1066,P3044,6,0.05,450.62,2703.72,135.19,2568.53,2025-08-28,2025-08-28
SI100259,2026-05-16,C1090,P3015,9,0.05,3965.84,35692.56,1784.63,33907.93,2026-06-15,2026-07-01
SI100260,2025-06-10,C1117,P3014,4,0.08,1012.57,4050.28,324.02,3726.26,2025-06-25,2025-06-26
SI100261,2025-06-26,C1050,P3006,9,0.02,269.22,2422.98,48.46,2374.52,2025-07-26,2025-08-21
SI100262,2025-10-12,C1014,P3050,11,0.05,1957.91,21537.01,1076.85,20460.16,2025-11-11,2025-11-11
SI100263,2025-03-04,C1016,P3037,9,0.05,1078.42,9705.78,485.29,9220.49,2025-04-03,2025-04-03
SI100264,2025-06-05,C1054,P3050,6,0.05,1957.91,11747.46,587.37,11160.09,2025-07-05,2025-07-21
SI100265,2026-04-14,C1043,P3032,5,0.08,1742.31,8711.55,696.92,8014.63,2026-05-14,2026-05-31
SI100266,2025-02-18,C1042,P3003,3,0.08,3501.32,10503.96,840.32,9663.64,2025-03-20,2025-03-20
SI100267,2025-03-25,C1081,P3003,5,0.08,3501.32,17506.6,1400.53,16106.07,2025-04-24,2025-05-05
SI100268,2025-12-27,C1110,P3022,3,0.08,1625.31,4875.93,390.07,4485.86,2026-01-26,2026-02-16
SI100269,2025-05-28,C1022,P3022,5,0.05,1625.31,8126.55,406.33,7720.22,2025-07-27,2025-08-24
SI100270,2025-12-08,C1068,P3010,5,0.02,2279.96,11399.8,228.0,11171.8,2026-01-07,
SI100271,2026-04-21,C1019,P3051,2,0.1,3798.59,7597.18,759.72,6837.46,2026-05-21,2026-05-31
SI100272,2025-03-04,C1066,P3003,9,0.15,3501.32,31511.88,4726.78,26785.1,2025-05-03,2025-05-20
SI100273,2025-12-26,C1039,P3012,7,0.02,626.03,4382.21,87.64,4294.57,2026-02-09,2026-02-18
SI100274,2025-11-23,C1073,P3029,6,0.05,1017.07,6102.42,305.12,5797.3,2025-12-08,2026-01-02
SI100275,2025-05-21,C1019,P3048,5,0.05,1671.29,8356.45,417.82,7938.63,2025-06-20,2025-06-20
SI100276,2025-08-03,C1016,P3017,4,0.08,1213.79,4855.16,388.41,4466.75,2025-09-02,
SI100277,2026-03-11,C1054,P3007,8,0.08,3525.77,28206.16,2256.49,25949.67,2026-04-10,2026-04-22
SI100278,2025-11-14,C1025,P3013,2,0.0,791.6,1583.2,0.0,1583.2,2025-12-29,2025-12-29
SI100279,2025-02-01,C1112,P3056,8,0.1,1862.7,14901.6,1490.16,13411.44,2025-03-18,2025-04-02
SI100280,2025-10-12,C1018,P3002,1,0.0,3041.97,3041.97,0.0,3041.97,2025-11-26,2025-11-27
SI100281,2025-11-01,C1023,P3004,10,0.05,2184.56,21845.6,1092.28,20753.32,2025-11-16,2025-11-16
SI100282,2026-03-05,C1117,P3010,1,0.1,2279.96,2279.96,228.0,2051.96,2026-03-20,2026-03-20
SI100283,2026-04-22,C1085,P3039,3,0.05,380.94,1142.82,57.14,1085.68,2026-06-21,2026-07-02
SI100284,2025-10-13,C1011,P3024,5,0.02,1395.29,6976.45,139.53,6836.92,2025-11-12,2025-11-16
SI100285,2025-05-24,C1039,P3017,6,0.2,1213.79,7282.74,1456.55,5826.19,2025-07-08,2025-07-28
SI100286,2026-02-28,C1105,P3052,4,0.15,1201.09,4804.36,720.65,4083.71,2026-03-30,2026-03-30
SI100287,2025-01-19,C1068,P3006,7,0.1,269.22,1884.54,188.45,1696.09,2025-02-18,
SI100288,2025-01-18,C1025,P3019,7,0.05,2731.93,19123.51,956.18,18167.33,2025-03-04,2025-03-07
SI100289,2026-01-06,C1063,P3005,2,0.02,1385.35,2770.7,55.41,2715.29,2026-02-05,2026-02-22
SI100290,2025-06-24,C1096,P3032,2,0.2,1742.31,3484.62,696.92,2787.7,2025-07-09,2025-07-13
SI100291,2025-07-13,C1030,P3010,2,0.08,2279.96,4559.92,364.79,4195.13,2025-08-12,2025-08-19
SI100292,2026-05-17,C1045,P3009,2,0.15,939.78,1879.56,281.93,1597.63,2026-06-16,2026-06-25
SI100293,2025-04-23,C1090,P3027,9,0.05,1582.59,14243.31,712.17,13531.14,2025-05-23,2025-06-11
SI100294,2025-04-24,C1061,P3013,5,0.05,791.6,3958.0,197.9,3760.1,2025-05-09,2025-05-09
SI100295,2025-08-10,C1100,P3019,11,0.2,2731.93,30051.23,6010.25,24040.98,2025-08-25,2025-09-01
SI100296,2025-09-21,C1051,P3021,8,0.08,308.88,2471.04,197.68,2273.36,2025-10-06,
SI100297,2025-02-24,C1098,P3024,5,0.02,1395.29,6976.45,139.53,6836.92,2025-04-10,2025-05-09
SI100298,2026-04-03,C1009,P3038,11,0.02,595.11,6546.21,130.92,6415.29,2026-06-02,2026-07-01
SI100299,2025-06-11,C1076,P3004,5,0.05,2184.56,10922.8,546.14,10376.66,2025-07-26,2025-07-26
SI100300,2026-01-15,C1002,P3024,1,0.0,1395.29,1395.29,0.0,1395.29,2026-03-16,2026-04-01
SI100301,2025-03-28,C1102,P3059,6,0.05,578.62,3471.72,173.59,3298.13,2025-04-27,2025-05-06
SI100302,2025-02-24,C1005,P3035,4,0.05,1580.55,6322.2,316.11,6006.09,2025-03-11,2025-03-15
SI100303,2026-04-21,C1062,P3003,3,0.1,3501.32,10503.96,1050.4,9453.56,2026-05-21,
SI100304,2025-06-27,C1069,P3004,6,0.05,2184.56,13107.36,655.37,12451.99,2025-08-11,2025-08-22
SI100305,2026-01-26,C1052,P3057,2,0.2,339.43,678.86,135.77,543.09,2026-02-10,2026-02-21
SI100306,2025-12-15,C1086,P3037,8,0.02,1078.42,8627.36,172.55,8454.81,2026-01-29,2026-02-18
SI100307,2025-01-08,C1005,P3040,1,0.08,2880.96,2880.96,230.48,2650.48,2025-01-23,2025-01-23
SI100308,2025-11-09,C1059,P3048,9,0.0,1671.29,15041.61,0.0,15041.61,2025-12-09,2025-12-09
SI100309,2026-03-19,C1068,P3054,8,0.1,1517.45,12139.6,1213.96,10925.64,2026-04-18,2026-04-22
SI100310,2025-11-24,C1009,P3035,1,0.2,1580.55,1580.55,316.11,1264.44,2026-01-23,2026-01-23
SI100311,2025-02-23,C1093,P3031,10,0.1,1098.22,10982.2,1098.22,9883.98,2025-03-10,2025-03-15
SI100312,2025-08-27,C1022,P3056,9,0.08,1862.7,16764.3,1341.14,15423.16,2025-10-26,
SI100313,2025-08-17,C1027,P3044,2,0.05,450.62,901.24,45.06,856.18,2025-10-01,2025-10-01
SI100314,2025-02-20,C1010,P3025,3,0.1,802.15,2406.45,240.64,2165.81,2025-04-06,2025-04-06
SI100315,2025-09-21,C1080,P3040,2,0.15,2880.96,5761.92,864.29,4897.63,2025-10-21,2025-11-14
SI100316,2026-02-22,C1106,P3013,8,0.2,791.6,6332.8,1266.56,5066.24,2026-03-24,2026-04-12
SI100317,2025-04-06,C1106,P3004,2,0.05,2184.56,4369.12,218.46,4150.66,2025-05-06,2025-05-06
SI100318,2025-03-29,C1061,P3046,10,0.2,2017.69,20176.9,4035.38,16141.52,2025-04-13,2025-05-09
SI100319,2025-03-19,C1051,P3014,2,0.02,1012.57,2025.14,40.5,1984.64,2025-04-03,2025-04-10
SI100320,2025-10-15,C1010,P3013,1,0.02,791.6,791.6,15.83,775.77,2025-11-29,
SI100321,2025-04-30,C1006,P3027,7,0.0,1582.59,11078.13,0.0,11078.13,2025-06-29,2025-07-21
SI100322,2026-05-06,C1062,P3006,2,0.05,269.22,538.44,26.92,511.52,2026-06-05,2026-06-10
SI100323,2026-03-28,C1113,P3017,10,0.1,1213.79,12137.9,1213.79,10924.11,2026-05-12,2026-05-18
SI100324,2026-05-15,C1005,P3036,5,0.15,2524.78,12623.9,1893.58,10730.32,2026-05-30,2026-06-10
SI100325,2025-06-14,C1070,P3040,5,0.1,2880.96,14404.8,1440.48,12964.32,2025-07-14,2025-07-30
SI100326,2025-07-01,C1063,P3049,3,0.08,2738.46,8215.38,657.23,7558.15,2025-07-31,2025-08-13
SI100327,2026-04-14,C1056,P3035,3,0.05,1580.55,4741.65,237.08,4504.57,2026-05-14,2026-05-23
SI100328,2025-01-07,C1059,P3017,3,0.08,1213.79,3641.37,291.31,3350.06,2025-02-06,2025-02-06
SI100329,2025-11-26,C1063,P3041,6,0.05,1655.7,9934.2,496.71,9437.49,2025-12-26,
SI100330,2025-05-31,C1111,P3002,4,0.15,3041.97,12167.88,1825.18,10342.7,2025-06-30,
SI100331,2025-03-26,C1089,P3057,3,0.08,339.43,1018.29,81.46,936.83,2025-04-25,
SI100332,2025-05-27,C1059,P3013,2,0.08,791.6,1583.2,126.66,1456.54,2025-06-26,2025-07-08
SI100333,2026-01-16,C1051,P3052,3,0.08,1201.09,3603.27,288.26,3315.01,2026-01-31,2026-02-23
SI100334,2026-07-02,C1050,P3002,4,0.15,3041.97,12167.88,1825.18,10342.7,2026-08-01,2026-08-01
SI100335,2025-10-12,C1004,P3052,6,0.02,1201.09,7206.54,144.13,7062.41,2025-11-11,2025-11-26
SI100336,2025-03-23,C1104,P3028,4,0.05,925.58,3702.32,185.12,3517.2,2025-04-22,2025-05-14
SI100337,2026-05-29,C1048,P3043,8,0.1,3207.57,25660.56,2566.06,23094.5,2026-06-28,2026-07-11
SI100338,2026-06-07,C1032,P3059,3,0.05,578.62,1735.86,86.79,1649.07,2026-07-22,2026-07-26
SI100339,2026-01-21,C1120,P3026,3,0.15,2009.9,6029.7,904.46,5125.24,2026-02-20,2026-04-07
SI100340,2026-04-16,C1051,P3022,3,0.05,1625.31,4875.93,243.8,4632.13,2026-05-01,2026-05-06
SI100341,2025-04-29,C1052,P3047,8,0.05,722.13,5777.04,288.85,5488.19,2025-05-14,2025-05-14
SI100342,2026-01-31,C1099,P3043,4,0.15,3207.57,12830.28,1924.54,10905.74,2026-03-02,2026-03-10
SI100343,2026-06-16,C1074,P3055,1,0.05,2802.87,2802.87,140.14,2662.73,2026-08-15,2026-09-12
SI100344,2025-09-18,C1034,P3003,2,0.05,3501.32,7002.64,350.13,6652.51,2025-11-17,2025-12-23
SI100345,2025-09-13,C1036,P3035,10,0.05,1580.55,15805.5,790.28,15015.22,2025-10-13,2025-10-21
SI100346,2025-08-14,C1070,P3060,2,0.05,157.9,315.8,15.79,300.01,2025-09-13,2025-10-12
SI100347,2025-02-22,C1043,P3058,3,0.08,226.7,680.1,54.41,625.69,2025-03-24,2025-03-27
SI100348,2026-05-15,C1110,P3012,6,0.0,626.03,3756.18,0.0,3756.18,2026-06-14,2026-07-08
SI100349,2026-05-21,C1016,P3024,8,0.15,1395.29,11162.32,1674.35,9487.97,2026-06-20,2026-06-20
SI100350,2025-12-30,C1059,P3005,1,0.1,1385.35,1385.35,138.54,1246.81,2026-01-29,2026-02-03
SI100351,2025-10-07,C1053,P3020,9,0.02,3394.02,30546.18,610.92,29935.26,2025-11-21,2025-11-27
SI100352,2025-06-07,C1019,P3039,1,0.08,380.94,380.94,30.48,350.46,2025-07-07,2025-08-04
SI100353,2025-02-28,C1098,P3039,10,0.08,380.94,3809.4,304.75,3504.65,2025-04-14,2025-04-19
SI100354,2025-05-08,C1089,P3013,2,0.02,791.6,1583.2,31.66,1551.54,2025-06-07,2025-06-07
SI100355,2025-04-25,C1095,P3041,3,0.05,1655.7,4967.1,248.36,4718.74,2025-05-10,2025-05-10
SI100356,2025-07-28,C1113,P3057,7,0.05,339.43,2376.01,118.8,2257.21,2025-09-11,2025-09-11
SI100357,2026-06-10,C1041,P3053,9,0.08,2275.72,20481.48,1638.52,18842.96,2026-07-25,2026-08-09
SI100358,2026-06-05,C1081,P3045,3,0.08,2906.1,8718.3,697.46,8020.84,2026-07-05,2026-07-23
SI100359,2025-08-25,C1047,P3012,8,0.08,626.03,5008.24,400.66,4607.58,2025-09-24,2025-10-18
SI100360,2025-10-08,C1094,P3013,9,0.1,791.6,7124.4,712.44,6411.96,2025-10-23,2025-10-23
SI100361,2025-12-25,C1103,P3056,10,0.1,1862.7,18627.0,1862.7,16764.3,2026-01-24,2026-01-27
SI100362,2025-07-20,C1054,P3010,7,0.08,2279.96,15959.72,1276.78,14682.94,2025-08-19,2025-09-13
SI100363,2025-10-05,C1055,P3033,4,0.1,246.53,986.12,98.61,887.51,2025-10-20,2025-11-03
SI100364,2025-08-23,C1095,P3057,4,0.05,339.43,1357.72,67.89,1289.83,2025-09-07,2025-09-17
SI100365,2026-05-09,C1019,P3040,4,0.15,2880.96,11523.84,1728.58,9795.26,2026-06-08,2026-06-22
SI100366,2025-01-04,C1062,P3054,6,0.08,1517.45,9104.7,728.38,8376.32,2025-02-03,2025-03-15
SI100367,2026-03-18,C1099,P3016,4,0.1,2713.06,10852.24,1085.22,9767.02,2026-04-17,2026-04-17
SI100368,2025-01-29,C1093,P3045,5,0.08,2906.1,14530.5,1162.44,13368.06,2025-02-13,2025-03-06
SI100369,2025-04-19,C1059,P3035,9,0.02,1580.55,14224.95,284.5,13940.45,2025-05-19,2025-05-19
SI100370,2025-03-16,C1065,P3003,7,0.08,3501.32,24509.24,1960.74,22548.5,2025-04-30,2025-05-10
SI100371,2025-05-26,C1068,P3056,8,0.05,1862.7,14901.6,745.08,14156.52,2025-06-25,2025-07-01
SI100372,2025-05-08,C1028,P3005,5,0.08,1385.35,6926.75,554.14,6372.61,2025-06-22,2025-07-04
SI100373,2025-02-11,C1018,P3026,5,0.05,2009.9,10049.5,502.48,9547.02,2025-03-28,2025-03-28
SI100374,2025-12-22,C1026,P3011,11,0.1,335.11,3686.21,368.62,3317.59,2026-02-05,2026-02-23
SI100375,2025-02-10,C1104,P3007,7,0.08,3525.77,24680.39,1974.43,22705.96,2025-03-12,2025-03-15
SI100376,2025-02-03,C1019,P3053,11,0.08,2275.72,25032.92,2002.63,23030.29,2025-03-05,2025-03-16
SI100377,2025-01-17,C1055,P3056,8,0.02,1862.7,14901.6,298.03,14603.57,2025-02-01,2025-03-10
SI100378,2025-06-02,C1119,P3010,9,0.2,2279.96,20519.64,4103.93,16415.71,2025-08-01,2025-09-06
SI100379,2026-01-13,C1057,P3042,2,0.15,2136.42,4272.84,640.93,3631.91,2026-02-27,2026-03-07
SI100380,2025-12-08,C1006,P3052,3,0.1,1201.09,3603.27,360.33,3242.94,2026-02-06,
SI100381,2025-01-27,C1001,P3034,2,0.05,1214.64,2429.28,121.46,2307.82,2025-03-28,
SI100382,2025-10-14,C1008,P3003,10,0.08,3501.32,35013.2,2801.06,32212.14,2025-12-13,2025-12-22
SI100383,2025-06-17,C1097,P3008,7,0.02,3538.95,24772.65,495.45,24277.2,2025-08-01,2025-08-01
SI100384,2025-09-25,C1051,P3031,2,0.08,1098.22,2196.44,175.72,2020.72,2025-10-10,2025-10-20
SI100385,2026-03-31,C1107,P3011,2,0.02,335.11,670.22,13.4,656.82,2026-04-30,2026-05-04
SI100386,2026-02-05,C1085,P3045,2,0.08,2906.1,5812.2,464.98,5347.22,2026-04-06,2026-04-06
SI100387,2026-04-21,C1088,P3007,4,0.08,3525.77,14103.08,1128.25,12974.83,2026-05-21,2026-05-30
SI100388,2025-05-10,C1025,P3045,1,0.05,2906.1,2906.1,145.3,2760.8,2025-06-24,2025-06-29
SI100389,2025-12-29,C1047,P3002,2,0.05,3041.97,6083.94,304.2,5779.74,2026-01-28,2026-03-06
SI100390,2025-10-19,C1055,P3006,3,0.15,269.22,807.66,121.15,686.51,2025-11-03,2025-11-03
SI100391,2026-01-06,C1064,P3041,7,0.0,1655.7,11589.9,0.0,11589.9,2026-02-05,2026-02-05
SI100392,2025-01-29,C1107,P3032,10,0.1,1742.31,17423.1,1742.31,15680.79,2025-02-28,2025-03-06
SI100393,2025-05-29,C1083,P3020,1,0.02,3394.02,3394.02,67.88,3326.14,2025-07-13,2025-07-21
SI100394,2025-10-23,C1093,P3057,6,0.0,339.43,2036.58,0.0,2036.58,2025-11-07,2025-11-12
SI100395,2025-01-11,C1117,P3034,3,0.02,1214.64,3643.92,72.88,3571.04,2025-01-26,2025-01-30
SI100396,2026-05-27,C1010,P3050,3,0.1,1957.91,5873.73,587.37,5286.36,2026-07-11,2026-07-11
SI100397,2025-04-23,C1056,P3016,4,0.05,2713.06,10852.24,542.61,10309.63,2025-05-23,
SI100398,2025-07-06,C1012,P3025,4,0.15,802.15,3208.6,481.29,2727.31,2025-08-05,2025-08-06
SI100399,2025-08-15,C1033,P3012,7,0.08,626.03,4382.21,350.58,4031.63,2025-09-29,2025-10-14
SI100400,2025-11-06,C1120,P3007,3,0.0,3525.77,10577.31,0.0,10577.31,2025-12-06,2025-12-14
SI100401,2025-04-08,C1071,P3039,8,0.08,380.94,3047.52,243.8,2803.72,2025-05-08,2025-05-09
SI100402,2025-02-24,C1017,P3017,8,0.0,1213.79,9710.32,0.0,9710.32,2025-04-25,2025-05-16
SI100403,2026-02-10,C1061,P3045,11,0.1,2906.1,31967.1,3196.71,28770.39,2026-02-25,
SI100404,2025-03-10,C1010,P3011,7,0.02,335.11,2345.77,46.92,2298.85,2025-04-24,2025-05-04
SI100405,2025-11-08,C1031,P3006,2,0.05,269.22,538.44,26.92,511.52,2025-12-23,2025-12-25
SI100406,2025-10-16,C1060,P3023,5,0.1,448.2,2241.0,224.1,2016.9,2025-10-31,2025-11-20
SI100407,2026-07-02,C1070,P3027,6,0.2,1582.59,9495.54,1899.11,7596.43,2026-08-01,2026-08-06
SI100408,2025-05-28,C1017,P3046,10,0.05,2017.69,20176.9,1008.85,19168.05,2025-07-27,2025-08-01
SI100409,2026-04-12,C1050,P3006,4,0.1,269.22,1076.88,107.69,969.19,2026-05-12,
SI100410,2025-09-01,C1037,P3038,10,0.02,595.11,5951.1,119.02,5832.08,2025-10-16,
SI100411,2026-05-06,C1082,P3002,5,0.1,3041.97,15209.85,1520.98,13688.87,2026-06-20,
SI100412,2026-05-22,C1062,P3022,9,0.08,1625.31,14627.79,1170.22,13457.57,2026-06-21,2026-07-24
SI100413,2025-12-31,C1090,P3020,11,0.02,3394.02,37334.22,746.68,36587.54,2026-01-30,2026-02-03
SI100414,2026-04-27,C1113,P3025,7,0.05,802.15,5615.05,280.75,5334.3,2026-06-11,2026-07-23
SI100415,2025-07-20,C1118,P3015,2,0.02,3965.84,7931.68,158.63,7773.05,2025-08-19,2025-09-01
SI100416,2025-06-03,C1080,P3060,11,0.05,157.9,1736.9,86.85,1650.05,2025-07-03,2025-07-03
SI100417,2026-03-26,C1072,P3049,1,0.02,2738.46,2738.46,54.77,2683.69,2026-04-10,2026-04-10
SI100418,2026-05-16,C1088,P3029,2,0.08,1017.07,2034.14,162.73,1871.41,2026-06-15,2026-07-06
SI100419,2025-03-14,C1077,P3008,3,0.2,3538.95,10616.85,2123.37,8493.48,2025-04-13,2025-04-21
SI100420,2025-10-23,C1029,P3037,11,0.0,1078.42,11862.62,0.0,11862.62,2025-11-22,2025-12-02
SI100421,2025-01-17,C1032,P3049,2,0.08,2738.46,5476.92,438.15,5038.77,2025-03-03,2025-03-21
SI100422,2025-08-05,C1088,P3052,11,0.08,1201.09,13211.99,1056.96,12155.03,2025-09-04,2025-09-04
SI100423,2025-03-02,C1080,P3033,3,0.15,246.53,739.59,110.94,628.65,2025-04-01,2025-04-01
SI100424,2025-02-11,C1011,P3022,10,0.05,1625.31,16253.1,812.66,15440.44,2025-03-13,2025-03-13
SI100425,2025-01-25,C1096,P3050,11,0.08,1957.91,21537.01,1722.96,19814.05,2025-02-09,2025-02-09
SI100426,2025-02-08,C1006,P3047,11,0.05,722.13,7943.43,397.17,7546.26,2025-04-09,2025-04-09
SI100427,2025-05-11,C1035,P3005,9,0.02,1385.35,12468.15,249.36,12218.79,2025-06-10,
SI100428,2026-05-13,C1033,P3039,4,0.0,380.94,1523.76,0.0,1523.76,2026-06-27,2026-07-09
SI100429,2025-08-17,C1018,P3018,9,0.05,2434.61,21911.49,1095.57,20815.92,2025-10-01,2025-10-01
SI100430,2025-04-18,C1037,P3038,11,0.0,595.11,6546.21,0.0,6546.21,2025-06-02,2025-06-19
SI100431,2025-06-21,C1013,P3054,3,0.08,1517.45,4552.35,364.19,4188.16,2025-08-05,2025-08-05
SI100432,2026-03-11,C1074,P3053,1,0.05,2275.72,2275.72,113.79,2161.93,2026-05-10,
SI100433,2026-04-23,C1101,P3037,11,0.08,1078.42,11862.62,949.01,10913.61,2026-05-23,2026-05-23
SI100434,2025-04-12,C1090,P3030,5,0.02,1311.58,6557.9,131.16,6426.74,2025-05-12,2025-06-23
SI100435,2026-06-08,C1110,P3051,10,0.15,3798.59,37985.9,5697.88,32288.02,2026-07-08,
SI100436,2025-10-02,C1081,P3031,10,0.15,1098.22,10982.2,1647.33,9334.87,2025-11-01,2025-11-03
SI100437,2025-02-13,C1064,P3010,2,0.02,2279.96,4559.92,91.2,4468.72,2025-03-15,2025-03-15
SI100438,2025-01-17,C1001,P3015,4,0.05,3965.84,15863.36,793.17,15070.19,2025-03-18,2025-03-28
SI100439,2025-11-26,C1063,P3042,2,0.08,2136.42,4272.84,341.83,3931.01,2025-12-26,2025-12-26
SI100440,2026-05-12,C1089,P3059,2,0.0,578.62,1157.24,0.0,1157.24,2026-06-11,2026-06-11
SI100441,2025-01-12,C1034,P3048,3,0.05,1671.29,5013.87,250.69,4763.18,2025-03-13,2025-03-13
SI100442,2025-11-14,C1103,P3044,5,0.02,450.62,2253.1,45.06,2208.04,2025-12-14,2025-12-14
SI100443,2025-08-04,C1010,P3018,4,0.15,2434.61,9738.44,1460.77,8277.67,2025-09-18,2025-09-26
SI100444,2025-12-05,C1084,P3023,2,0.15,448.2,896.4,134.46,761.94,2026-01-04,2026-02-03
SI100445,2025-03-22,C1007,P3033,11,0.08,246.53,2711.83,216.95,2494.88,2025-04-21,2025-04-21
SI100446,2026-04-30,C1056,P3016,10,0.08,2713.06,27130.6,2170.45,24960.15,2026-05-30,
SI100447,2026-01-09,C1080,P3054,2,0.15,1517.45,3034.9,455.24,2579.66,2026-02-08,2026-02-08
SI100448,2025-07-19,C1037,P3038,6,0.15,595.11,3570.66,535.6,3035.06,2025-09-02,2025-09-07
SI100449,2026-06-21,C1029,P3035,7,0.2,1580.55,11063.85,2212.77,8851.08,2026-07-21,2026-07-23
SI100450,2026-04-11,C1012,P3034,10,0.02,1214.64,12146.4,242.93,11903.47,2026-05-11,2026-05-30
SI100451,2025-03-30,C1017,P3028,6,0.02,925.58,5553.48,111.07,5442.41,2025-05-29,2025-05-29
SI100452,2025-09-25,C1048,P3002,7,0.08,3041.97,21293.79,1703.5,19590.29,2025-10-25,2025-11-19
SI100453,2026-05-04,C1084,P3030,1,0.08,1311.58,1311.58,104.93,1206.65,2026-06-03,2026-06-05
SI100454,2026-06-22,C1026,P3013,6,0.0,791.6,4749.6,0.0,4749.6,2026-08-06,2026-08-27
SI100455,2025-02-16,C1112,P3041,11,0.0,1655.7,18212.7,0.0,18212.7,2025-04-02,2025-04-02
SI100456,2025-10-15,C1083,P3016,3,0.15,2713.06,8139.18,1220.88,6918.3,2025-11-29,2025-11-29
SI100457,2025-01-16,C1111,P3059,1,0.15,578.62,578.62,86.79,491.83,2025-02-15,2025-02-16
SI100458,2026-02-05,C1012,P3005,8,0.05,1385.35,11082.8,554.14,10528.66,2026-03-07,2026-03-07
SI100459,2025-03-27,C1021,P3055,4,0.15,2802.87,11211.48,1681.72,9529.76,2025-04-26,2025-04-28
SI100460,2025-09-07,C1042,P3028,10,0.08,925.58,9255.8,740.46,8515.34,2025-10-07,2025-10-10
SI100461,2026-01-26,C1061,P3053,8,0.1,2275.72,18205.76,1820.58,16385.18,2026-02-10,2026-03-02
SI100462,2025-12-01,C1058,P3039,10,0.05,380.94,3809.4,190.47,3618.93,2025-12-31,2026-01-02
SI100463,2026-06-03,C1054,P3045,11,0.0,2906.1,31967.1,0.0,31967.1,2026-07-03,2026-07-03
SI100464,2025-05-17,C1034,P3020,4,0.05,3394.02,13576.08,678.8,12897.28,2025-07-16,2025-08-04
SI100465,2026-05-13,C1007,P3024,4,0.05,1395.29,5581.16,279.06,5302.1,2026-06-12,2026-06-29
SI100466,2026-04-22,C1109,P3027,10,0.08,1582.59,15825.9,1266.07,14559.83,2026-05-22,2026-05-22
SI100467,2025-08-11,C1035,P3030,4,0.0,1311.58,5246.32,0.0,5246.32,2025-09-10,2025-09-10
SI100468,2026-01-07,C1015,P3058,6,0.2,226.7,1360.2,272.04,1088.16,2026-02-06,2026-02-06
SI100469,2026-02-06,C1065,P3045,9,0.02,2906.1,26154.9,523.1,25631.8,2026-03-23,2026-03-27
SI100470,2026-03-19,C1090,P3027,5,0.02,1582.59,7912.95,158.26,7754.69,2026-04-18,2026-04-21
SI100471,2026-05-05,C1099,P3026,10,0.08,2009.9,20099.0,1607.92,18491.08,2026-06-04,
SI100472,2025-09-30,C1025,P3007,8,0.08,3525.77,28206.16,2256.49,25949.67,2025-11-14,2025-11-15
SI100473,2026-06-10,C1106,P3042,8,0.05,2136.42,17091.36,854.57,16236.79,2026-07-10,2026-07-10
SI100474,2025-06-08,C1059,P3047,4,0.1,722.13,2888.52,288.85,2599.67,2025-07-08,2025-07-16
SI100475,2025-06-01,C1079,P3053,11,0.05,2275.72,25032.92,1251.65,23781.27,2025-07-01,2025-07-26
SI100476,2025-07-07,C1086,P3059,10,0.08,578.62,5786.2,462.9,5323.3,2025-08-21,2025-09-06
SI100477,2025-04-08,C1006,P3038,9,0.1,595.11,5355.99,535.6,4820.39,2025-06-07,2025-07-06
SI100478,2025-05-11,C1052,P3005,9,0.0,1385.35,12468.15,0.0,12468.15,2025-05-26,2025-05-30
SI100479,2025-06-20,C1079,P3023,5,0.08,448.2,2241.0,179.28,2061.72,2025-07-20,2025-07-31
SI100480,2025-07-02,C1088,P3028,6,0.15,925.58,5553.48,833.02,4720.46,2025-08-01,2025-08-12
SI100481,2025-12-30,C1021,P3034,5,0.0,1214.64,6073.2,0.0,6073.2,2026-01-29,2026-02-04
SI100482,2025-02-08,C1071,P3053,3,0.05,2275.72,6827.16,341.36,6485.8,2025-03-10,2025-03-14
SI100483,2026-06-11,C1093,P3015,11,0.15,3965.84,43624.24,6543.64,37080.6,2026-06-26,2026-06-26
SI100484,2026-05-12,C1096,P3032,8,0.05,1742.31,13938.48,696.92,13241.56,2026-05-27,2026-05-27
SI100485,2026-05-31,C1032,P3026,9,0.05,2009.9,18089.1,904.46,17184.64,2026-07-15,2026-08-08
SI100486,2025-12-15,C1053,P3048,4,0.2,1671.29,6685.16,1337.03,5348.13,2026-01-29,2026-01-29
SI100487,2026-02-01,C1059,P3031,9,0.02,1098.22,9883.98,197.68,9686.3,2026-03-03,2026-03-03
SI100488,2025-06-10,C1069,P3019,9,0.0,2731.93,24587.37,0.0,24587.37,2025-07-25,2025-08-09
SI100489,2025-01-16,C1062,P3009,7,0.15,939.78,6578.46,986.77,5591.69,2025-02-15,2025-02-20
SI100490,2026-05-08,C1004,P3029,8,0.15,1017.07,8136.56,1220.48,6916.08,2026-06-07,2026-07-11
SI100491,2026-03-02,C1086,P3054,3,0.05,1517.45,4552.35,227.62,4324.73,2026-04-16,
SI100492,2025-04-18,C1018,P3058,5,0.05,226.7,1133.5,56.68,1076.82,2025-06-02,2025-06-25
SI100493,2026-03-26,C1099,P3051,3,0.1,3798.59,11395.77,1139.58,10256.19,2026-04-25,2026-05-22
SI100494,2025-11-07,C1081,P3039,7,0.1,380.94,2666.58,266.66,2399.92,2025-12-07,2025-12-08
SI100495,2025-06-19,C1114,P3004,6,0.02,2184.56,13107.36,262.15,12845.21,2025-07-19,2025-07-19
SI100496,2026-06-30,C1114,P3003,11,0.0,3501.32,38514.52,0.0,38514.52,2026-07-30,2026-07-30
SI100497,2026-02-18,C1056,P3056,3,0.05,1862.7,5588.1,279.41,5308.69,2026-03-20,2026-04-01
SI100498,2025-09-08,C1024,P3029,9,0.15,1017.07,9153.63,1373.04,7780.59,2025-10-08,2025-10-14
SI100499,2025-05-21,C1066,P3052,1,0.15,1201.09,1201.09,180.16,1020.93,2025-07-20,
SI100500,2025-10-01,C1013,P3011,10,0.2,335.11,3351.1,670.22,2680.88,2025-11-15,2025-11-29
SI100501,2026-02-20,C1062,P3033,3,0.15,246.53,739.59,110.94,628.65,2026-03-22,2026-03-22
SI100502,2025-02-08,C1054,P3038,11,0.08,595.11,6546.21,523.7,6022.51,2025-03-10,
SI100503,2025-01-29,C1015,P3058,10,0.05,226.7,2267.0,113.35,2153.65,2025-02-28,2025-03-01
SI100504,2026-04-22,C1069,P3011,11,0.1,335.11,3686.21,368.62,3317.59,2026-06-06,2026-06-22
SI100505,2025-11-14,C1003,P3027,7,0.1,1582.59,11078.13,1107.81,9970.32,2026-01-13,2026-01-13
SI100506,2025-09-02,C1037,P3033,3,0.08,246.53,739.59,59.17,680.42,2025-10-17,
SI100507,2025-09-29,C1037,P3021,3,0.0,308.88,926.64,0.0,926.64,2025-11-13,2025-11-13
SI100508,2026-03-16,C1101,P3039,2,0.15,380.94,761.88,114.28,647.6,2026-04-15,2026-04-15
SI100509,2025-08-27,C1003,P3031,9,0.05,1098.22,9883.98,494.2,9389.78,2025-10-26,2025-10-26
SI100510,2026-01-12,C1063,P3038,11,0.05,595.11,6546.21,327.31,6218.9,2026-02-11,2026-02-11
SI100511,2025-09-23,C1035,P3046,4,0.08,2017.69,8070.76,645.66,7425.1,2025-10-23,2025-11-05
SI100512,2025-12-25,C1052,P3002,10,0.08,3041.97,30419.7,2433.58,27986.12,2026-01-09,
SI100513,2025-12-06,C1087,P3027,6,0.02,1582.59,9495.54,189.91,9305.63,2026-01-05,2026-01-05
SI100514,2026-01-24,C1028,P3036,2,0.1,2524.78,5049.56,504.96,4544.6,2026-03-10,2026-03-27
SI100515,2025-01-03,C1094,P3011,9,0.05,335.11,3015.99,150.8,2865.19,2025-01-18,2025-01-18
SI100516,2026-03-05,C1018,P3047,7,0.02,722.13,5054.91,101.1,4953.81,2026-04-19,2026-04-26
SI100517,2025-05-22,C1116,P3018,10,0.05,2434.61,24346.1,1217.3,23128.8,2025-06-21,2025-06-21
SI100518,2026-01-11,C1036,P3059,5,0.1,578.62,2893.1,289.31,2603.79,2026-02-10,2026-02-19
SI100519,2025-11-20,C1033,P3001,7,0.2,1380.63,9664.41,1932.88,7731.53,2026-01-04,2026-01-04
SI100520,2025-05-26,C1064,P3035,4,0.1,1580.55,6322.2,632.22,5689.98,2025-06-25,
SI100521,2025-10-20,C1026,P3035,10,0.2,1580.55,15805.5,3161.1,12644.4,2025-12-04,2025-12-11
SI100522,2026-03-08,C1048,P3031,7,0.02,1098.22,7687.54,153.75,7533.79,2026-04-07,2026-04-13
SI100523,2026-02-03,C1040,P3028,2,0.0,925.58,1851.16,0.0,1851.16,2026-03-20,2026-03-20
SI100524,2025-12-10,C1017,P3039,7,0.08,380.94,2666.58,213.33,2453.25,2026-02-08,2026-02-17
SI100525,2025-05-20,C1040,P3001,4,0.05,1380.63,5522.52,276.13,5246.39,2025-07-04,2025-07-12
SI100526,2025-07-06,C1007,P3025,4,0.1,802.15,3208.6,320.86,2887.74,2025-08-05,
SI100527,2025-03-02,C1057,P3043,1,0.08,3207.57,3207.57,256.61,2950.96,2025-04-16,2025-04-27
SI100528,2026-01-15,C1008,P3038,3,0.2,595.11,1785.33,357.07,1428.26,2026-03-16,2026-03-19
SI100529,2026-03-16,C1117,P3020,5,0.02,3394.02,16970.1,339.4,16630.7,2026-03-31,2026-04-30
SI100530,2025-11-15,C1056,P3003,5,0.05,3501.32,17506.6,875.33,16631.27,2025-12-15,2025-12-18
SI100531,2025-10-29,C1031,P3051,2,0.05,3798.59,7597.18,379.86,7217.32,2025-12-13,2025-12-19
SI100532,2025-12-10,C1059,P3002,4,0.02,3041.97,12167.88,243.36,11924.52,2026-01-09,2026-01-19
SI100533,2025-01-11,C1058,P3018,1,0.08,2434.61,2434.61,194.77,2239.84,2025-02-10,2025-02-10
SI100534,2025-03-03,C1012,P3044,9,0.05,450.62,4055.58,202.78,3852.8,2025-04-02,2025-04-02
SI100535,2025-08-14,C1048,P3010,1,0.05,2279.96,2279.96,114.0,2165.96,2025-09-13,2025-09-20
SI100536,2025-06-02,C1031,P3005,6,0.05,1385.35,8312.1,415.6,7896.5,2025-07-17,2025-08-02
SI100537,2025-11-06,C1108,P3009,7,0.0,939.78,6578.46,0.0,6578.46,2025-11-21,2025-11-28
SI100538,2025-08-31,C1083,P3002,3,0.08,3041.97,9125.91,730.07,8395.84,2025-10-15,2025-10-22
SI100539,2026-05-08,C1063,P3034,1,0.05,1214.64,1214.64,60.73,1153.91,2026-06-07,2026-06-11
SI100540,2026-01-01,C1074,P3060,7,0.0,157.9,1105.3,0.0,1105.3,2026-03-02,2026-04-03
SI100541,2025-11-26,C1039,P3038,3,0.05,595.11,1785.33,89.27,1696.06,2026-01-10,2026-01-12
SI100542,2025-04-17,C1076,P3031,10,0.05,1098.22,10982.2,549.11,10433.09,2025-06-01,2025-06-01
SI100543,2025-08-14,C1020,P3010,6,0.05,2279.96,13679.76,683.99,12995.77,2025-08-29,2025-09-13
SI100544,2025-08-06,C1101,P3050,6,0.02,1957.91,11747.46,234.95,11512.51,2025-09-05,2025-09-05
SI100545,2026-05-21,C1048,P3012,4,0.05,626.03,2504.12,125.21,2378.91,2026-06-20,2026-07-03
SI100546,2025-09-16,C1105,P3036,11,0.08,2524.78,27772.58,2221.81,25550.77,2025-10-16,2025-11-21
SI100547,2026-06-01,C1071,P3054,6,0.08,1517.45,9104.7,728.38,8376.32,2026-07-01,2026-07-11
SI100548,2025-02-23,C1116,P3021,11,0.1,308.88,3397.68,339.77,3057.91,2025-03-25,2025-03-25
SI100549,2025-02-16,C1054,P3049,10,0.05,2738.46,27384.6,1369.23,26015.37,2025-03-18,2025-04-12
SI100550,2026-06-05,C1078,P3047,4,0.05,722.13,2888.52,144.43,2744.09,2026-07-05,2026-07-07
SI100551,2025-04-09,C1075,P3006,8,0.1,269.22,2153.76,215.38,1938.38,2025-05-24,2025-05-24
SI100552,2025-01-20,C1071,P3048,9,0.05,1671.29,15041.61,752.08,14289.53,2025-02-19,2025-02-24
SI100553,2026-05-05,C1029,P3049,2,0.08,2738.46,5476.92,438.15,5038.77,2026-06-04,2026-06-16
SI100554,2026-02-23,C1074,P3003,7,0.05,3501.32,24509.24,1225.46,23283.78,2026-04-24,2026-05-14
SI100555,2025-03-03,C1093,P3010,9,0.05,2279.96,20519.64,1025.98,19493.66,2025-03-18,2025-03-20
SI100556,2025-05-25,C1073,P3005,9,0.1,1385.35,12468.15,1246.82,11221.33,2025-06-09,2025-06-11
SI100557,2025-08-04,C1100,P3046,5,0.02,2017.69,10088.45,201.77,9886.68,2025-08-19,2025-09-04
SI100558,2025-01-03,C1048,P3026,1,0.05,2009.9,2009.9,100.5,1909.4,2025-02-02,2025-02-03
SI100559,2025-06-09,C1074,P3021,6,0.02,308.88,1853.28,37.07,1816.21,2025-08-08,2025-08-08
SI100560,2025-04-30,C1083,P3045,8,0.05,2906.1,23248.8,1162.44,22086.36,2025-06-14,2025-06-14
SI100561,2025-03-30,C1056,P3026,1,0.02,2009.9,2009.9,40.2,1969.7,2025-04-29,2025-05-07
SI100562,2025-11-25,C1095,P3038,2,0.08,595.11,1190.22,95.22,1095.0,2025-12-10,2025-12-10
SI100563,2025-12-23,C1017,P3044,1,0.1,450.62,450.62,45.06,405.56,2026-02-21,2026-03-25
SI100564,2025-09-24,C1009,P3026,5,0.1,2009.9,10049.5,1004.95,9044.55,2025-11-23,
SI100565,2025-11-19,C1109,P3008,2,0.05,3538.95,7077.9,353.9,6724.0,2025-12-19,2025-12-19
SI100566,2026-06-25,C1097,P3005,10,0.2,1385.35,13853.5,2770.7,11082.8,2026-08-09,
SI100567,2025-07-14,C1034,P3015,10,0.08,3965.84,39658.4,3172.67,36485.73,2025-09-12,
SI100568,2025-11-28,C1045,P3059,4,0.05,578.62,2314.48,115.72,2198.76,2025-12-28,2026-01-07
SI100569,2025-06-19,C1088,P3016,1,0.1,2713.06,2713.06,271.31,2441.75,2025-07-19,2025-07-26
SI100570,2026-06-05,C1009,P3001,7,0.1,1380.63,9664.41,966.44,8697.97,2026-08-04,2026-08-04
SI100571,2026-04-08,C1007,P3016,8,0.1,2713.06,21704.48,2170.45,19534.03,2026-05-08,
SI100572,2025-02-09,C1016,P3037,5,0.02,1078.42,5392.1,107.84,5284.26,2025-03-11,2025-03-17
SI100573,2026-06-21,C1019,P3003,2,0.05,3501.32,7002.64,350.13,6652.51,2026-07-21,2026-07-21
SI100574,2025-09-18,C1103,P3052,8,0.15,1201.09,9608.72,1441.31,8167.41,2025-10-18,2025-10-20
SI100575,2026-01-30,C1006,P3047,1,0.05,722.13,722.13,36.11,686.02,2026-03-31,
SI100576,2025-08-14,C1114,P3031,7,0.08,1098.22,7687.54,615.0,7072.54,2025-09-13,2025-10-06
SI100577,2025-05-04,C1115,P3013,1,0.08,791.6,791.6,63.33,728.27,2025-05-19,2025-05-19
SI100578,2025-02-07,C1011,P3056,6,0.15,1862.7,11176.2,1676.43,9499.77,2025-03-09,2025-03-09
SI100579,2025-11-24,C1076,P3016,6,0.05,2713.06,16278.36,813.92,15464.44,2026-01-08,2026-01-27
SI100580,2025-09-08,C1061,P3055,5,0.08,2802.87,14014.35,1121.15,12893.2,2025-09-23,2025-10-18
SI100581,2025-06-25,C1042,P3043,2,0.02,3207.57,6415.14,128.3,6286.84,2025-07-25,2025-08-15
SI100582,2026-03-30,C1013,P3021,2,0.08,308.88,617.76,49.42,568.34,2026-05-14,2026-05-25
SI100583,2025-02-06,C1012,P3002,9,0.1,3041.97,27377.73,2737.77,24639.96,2025-03-08,2025-03-09
SI100584,2025-11-12,C1085,P3054,5,0.0,1517.45,7587.25,0.0,7587.25,2026-01-11,2026-01-27
SI100585,2025-04-24,C1074,P3027,5,0.08,1582.59,7912.95,633.04,7279.91,2025-06-23,2025-06-23
SI100586,2025-02-09,C1020,P3038,7,0.05,595.11,4165.77,208.29,3957.48,2025-02-24,2025-03-11
SI100587,2025-10-28,C1050,P3026,6,0.02,2009.9,12059.4,241.19,11818.21,2025-11-27,2025-12-10
SI100588,2025-08-12,C1036,P3058,2,0.05,226.7,453.4,22.67,430.73,2025-09-11,2025-09-13
SI100589,2025-11-14,C1092,P3059,11,0.02,578.62,6364.82,127.3,6237.52,2025-12-29,2026-01-13
SI100590,2025-12-15,C1088,P3038,1,0.05,595.11,595.11,29.76,565.35,2026-01-14,
SI100591,2025-04-25,C1069,P3046,5,0.05,2017.69,10088.45,504.42,9584.03,2025-06-09,2025-06-21
SI100592,2025-11-19,C1037,P3025,4,0.1,802.15,3208.6,320.86,2887.74,2026-01-03,2026-01-17
SI100593,2025-02-09,C1012,P3011,3,0.1,335.11,1005.33,100.53,904.8,2025-03-11,2025-04-04
SI100594,2025-02-09,C1099,P3008,2,0.08,3538.95,7077.9,566.23,6511.67,2025-03-11,2025-03-21
SI100595,2025-10-16,C1040,P3008,10,0.0,3538.95,35389.5,0.0,35389.5,2025-11-30,2025-12-22
SI100596,2025-09-19,C1054,P3033,2,0.15,246.53,493.06,73.96,419.1,2025-10-19,2025-11-06
SI100597,2025-08-04,C1002,P3053,4,0.08,2275.72,9102.88,728.23,8374.65,2025-10-03,2025-10-06
SI100598,2025-05-27,C1050,P3007,2,0.0,3525.77,7051.54,0.0,7051.54,2025-06-26,
SI100599,2025-12-02,C1041,P3038,4,0.1,595.11,2380.44,238.04,2142.4,2026-01-16,2026-01-27
SI100600,2025-06-17,C1045,P3021,3,0.02,308.88,926.64,18.53,908.11,2025-07-17,2025-07-17
SI100601,2025-04-02,C1103,P3008,9,0.08,3538.95,31850.55,2548.04,29302.51,2025-05-02,2025-05-17
SI100602,2025-12-19,C1106,P3051,7,0.05,3798.59,26590.13,1329.51,25260.62,2026-01-18,2026-01-18
SI100603,2025-12-29,C1009,P3054,11,0.05,1517.45,16691.95,834.6,15857.35,2026-02-27,2026-02-27
SI100604,2025-12-11,C1062,P3021,3,0.15,308.88,926.64,139.0,787.64,2026-01-10,2026-02-06
SI100605,2025-06-19,C1086,P3056,8,0.05,1862.7,14901.6,745.08,14156.52,2025-08-03,2025-08-08
SI100606,2025-12-22,C1047,P3020,9,0.0,3394.02,30546.18,0.0,30546.18,2026-01-21,2026-02-18
SI100607,2025-07-10,C1005,P3008,7,0.2,3538.95,24772.65,4954.53,19818.12,2025-07-25,2025-07-25
SI100608,2026-02-26,C1076,P3058,6,0.15,226.7,1360.2,204.03,1156.17,2026-04-12,2026-04-15
SI100609,2025-01-07,C1001,P3046,4,0.08,2017.69,8070.76,645.66,7425.1,2025-03-08,2025-03-08
SI100610,2025-05-13,C1044,P3031,5,0.05,1098.22,5491.1,274.56,5216.54,2025-05-28,
SI100611,2025-01-31,C1022,P3050,8,0.0,1957.91,15663.28,0.0,15663.28,2025-04-01,2025-05-08
SI100612,2026-06-19,C1038,P3057,3,0.1,339.43,1018.29,101.83,916.46,2026-07-19,
SI100613,2026-03-02,C1115,P3029,2,0.0,1017.07,2034.14,0.0,2034.14,2026-03-17,2026-04-16
SI100614,2026-01-29,C1019,P3048,3,0.0,1671.29,5013.87,0.0,5013.87,2026-02-28,2026-02-28
SI100615,2025-12-29,C1080,P3009,7,0.08,939.78,6578.46,526.28,6052.18,2026-01-28,2026-02-09
SI100616,2026-03-13,C1031,P3015,8,0.02,3965.84,31726.72,634.53,31092.19,2026-04-27,2026-05-03
SI100617,2025-03-23,C1115,P3030,1,0.0,1311.58,1311.58,0.0,1311.58,2025-04-07,2025-05-06
SI100618,2025-12-22,C1067,P3026,7,0.05,2009.9,14069.3,703.46,13365.84,2026-01-21,2026-02-16
SI100619,2025-09-15,C1087,P3010,9,0.02,2279.96,20519.64,410.39,20109.25,2025-10-15,2025-11-01
SI100620,2026-06-08,C1042,P3029,3,0.02,1017.07,3051.21,61.02,2990.19,2026-07-08,2026-07-15
SI100621,2025-10-22,C1082,P3054,3,0.0,1517.45,4552.35,0.0,4552.35,2025-12-06,2025-12-24
SI100622,2025-08-12,C1026,P3016,8,0.02,2713.06,21704.48,434.09,21270.39,2025-09-26,
SI100623,2026-06-09,C1013,P3036,4,0.08,2524.78,10099.12,807.93,9291.19,2026-07-24,
SI100624,2025-02-15,C1058,P3020,8,0.1,3394.02,27152.16,2715.22,24436.94,2025-03-17,2025-03-23
SI100625,2025-04-23,C1018,P3045,5,0.05,2906.1,14530.5,726.53,13803.97,2025-06-07,2025-06-07
SI100626,2025-08-21,C1067,P3054,3,0.05,1517.45,4552.35,227.62,4324.73,2025-09-20,2025-09-20
SI100627,2025-01-17,C1087,P3037,4,0.0,1078.42,4313.68,0.0,4313.68,2025-02-16,2025-02-22
SI100628,2025-12-26,C1003,P3022,4,0.0,1625.31,6501.24,0.0,6501.24,2026-02-24,2026-03-01
SI100629,2025-08-11,C1055,P3007,8,0.02,3525.77,28206.16,564.12,27642.04,2025-08-26,2025-09-10
SI100630,2026-03-24,C1089,P3023,6,0.08,448.2,2689.2,215.14,2474.06,2026-04-23,2026-05-14
SI100631,2025-12-31,C1091,P3041,7,0.1,1655.7,11589.9,1158.99,10430.91,2026-01-30,2026-02-04
SI100632,2025-11-22,C1058,P3040,9,0.08,2880.96,25928.64,2074.29,23854.35,2025-12-22,2026-01-12
SI100633,2026-04-12,C1108,P3029,6,0.05,1017.07,6102.42,305.12,5797.3,2026-04-27,
SI100634,2026-02-18,C1063,P3016,3,0.0,2713.06,8139.18,0.0,8139.18,2026-03-20,2026-03-28
SI100635,2026-03-31,C1091,P3038,3,0.1,595.11,1785.33,178.53,1606.8,2026-04-30,2026-04-30
SI100636,2025-08-21,C1052,P3028,11,0.05,925.58,10181.38,509.07,9672.31,2025-09-05,2025-09-05
SI100637,2025-08-12,C1103,P3048,3,0.1,1671.29,5013.87,501.39,4512.48,2025-09-11,2025-09-11
SI100638,2026-02-16,C1089,P3038,10,0.05,595.11,5951.1,297.56,5653.54,2026-03-18,2026-04-06
SI100639,2025-12-01,C1024,P3031,2,0.1,1098.22,2196.44,219.64,1976.8,2025-12-31,2025-12-31
SI100640,2025-08-10,C1072,P3014,1,0.15,1012.57,1012.57,151.89,860.68,2025-08-25,2025-08-29
SI100641,2025-02-06,C1009,P3053,11,0.15,2275.72,25032.92,3754.94,21277.98,2025-04-07,2025-05-08
SI100642,2025-10-05,C1110,P3033,10,0.08,246.53,2465.3,197.22,2268.08,2025-11-04,2025-11-23
SI100643,2025-07-15,C1037,P3057,1,0.05,339.43,339.43,16.97,322.46,2025-08-29,
SI100644,2026-04-29,C1094,P3009,4,0.02,939.78,3759.12,75.18,3683.94,2026-05-14,2026-05-29
SI100645,2025-08-30,C1117,P3057,3,0.15,339.43,1018.29,152.74,865.55,2025-09-14,2025-09-27
SI100646,2025-11-20,C1083,P3027,5,0.05,1582.59,7912.95,395.65,7517.3,2026-01-04,2026-01-04
SI100647,2025-07-11,C1053,P3024,9,0.02,1395.29,12557.61,251.15,12306.46,2025-08-25,2025-09-02
SI100648,2025-01-17,C1080,P3013,8,0.05,791.6,6332.8,316.64,6016.16,2025-02-16,2025-02-28
SI100649,2026-06-08,C1024,P3026,9,0.02,2009.9,18089.1,361.78,17727.32,2026-07-08,2026-07-08
SI100650,2026-02-05,C1108,P3029,5,0.05,1017.07,5085.35,254.27,4831.08,2026-02-20,2026-02-20
SI100651,2025-01-22,C1021,P3051,8,0.08,3798.59,30388.72,2431.1,27957.62,2025-02-21,2025-02-21
SI100652,2026-04-19,C1100,P3049,4,0.05,2738.46,10953.84,547.69,10406.15,2026-05-04,2026-05-16
SI100653,2025-04-30,C1040,P3043,5,0.0,3207.57,16037.85,0.0,16037.85,2025-06-14,2025-06-17
SI100654,2025-07-29,C1103,P3028,3,0.2,925.58,2776.74,555.35,2221.39,2025-08-28,2025-08-29
SI100655,2025-11-02,C1111,P3028,5,0.1,925.58,4627.9,462.79,4165.11,2025-12-02,2025-12-02
SI100656,2025-09-27,C1062,P3008,3,0.1,3538.95,10616.85,1061.69,9555.16,2025-10-27,2025-10-30
SI100657,2025-10-12,C1070,P3023,5,0.05,448.2,2241.0,112.05,2128.95,2025-11-11,2025-11-11
SI100658,2025-08-15,C1069,P3029,11,0.1,1017.07,11187.77,1118.78,10068.99,2025-09-29,2025-10-26
SI100659,2026-01-16,C1014,P3005,5,0.05,1385.35,6926.75,346.34,6580.41,2026-02-15,
SI100660,2026-04-05,C1117,P3042,6,0.02,2136.42,12818.52,256.37,12562.15,2026-04-20,2026-04-26
SI100661,2025-01-07,C1109,P3007,9,0.02,3525.77,31731.93,634.64,31097.29,2025-02-06,2025-02-06
SI100662,2025-01-29,C1042,P3042,1,0.05,2136.42,2136.42,106.82,2029.6,2025-02-28,2025-02-28
SI100663,2025-02-02,C1050,P3036,10,0.02,2524.78,25247.8,504.96,24742.84,2025-03-04,2025-03-04
SI100664,2025-03-20,C1061,P3041,6,0.2,1655.7,9934.2,1986.84,7947.36,2025-04-04,2025-04-04
SI100665,2026-04-04,C1004,P3027,1,0.0,1582.59,1582.59,0.0,1582.59,2026-05-04,2026-05-27
SI100666,2026-06-22,C1072,P3058,6,0.05,226.7,1360.2,68.01,1292.19,2026-07-07,2026-07-12
SI100667,2026-04-27,C1088,P3046,2,0.05,2017.69,4035.38,201.77,3833.61,2026-05-27,2026-06-03
SI100668,2026-03-06,C1075,P3002,8,0.05,3041.97,24335.76,1216.79,23118.97,2026-04-20,2026-04-27
SI100669,2025-10-12,C1017,P3025,11,0.08,802.15,8823.65,705.89,8117.76,2025-12-11,2025-12-28
SI100670,2026-05-31,C1114,P3009,3,0.02,939.78,2819.34,56.39,2762.95,2026-06-30,2026-07-15
SI100671,2025-04-09,C1085,P3053,10,0.1,2275.72,22757.2,2275.72,20481.48,2025-06-08,2025-06-08
SI100672,2026-02-01,C1057,P3027,6,0.05,1582.59,9495.54,474.78,9020.76,2026-03-18,2026-03-27
SI100673,2026-05-04,C1090,P3001,6,0.08,1380.63,8283.78,662.7,7621.08,2026-06-03,2026-06-05
SI100674,2025-02-08,C1107,P3023,4,0.08,448.2,1792.8,143.42,1649.38,2025-03-10,2025-03-18
SI100675,2025-09-28,C1048,P3010,5,0.15,2279.96,11399.8,1709.97,9689.83,2025-10-28,2025-10-30
SI100676,2025-06-06,C1044,P3042,2,0.1,2136.42,4272.84,427.28,3845.56,2025-06-21,2025-06-29
SI100677,2025-03-16,C1045,P3052,10,0.08,1201.09,12010.9,960.87,11050.03,2025-04-15,2025-04-19
SI100678,2025-05-10,C1091,P3025,10,0.05,802.15,8021.5,401.08,7620.42,2025-06-09,2025-06-21
SI100679,2025-03-25,C1080,P3054,8,0.05,1517.45,12139.6,606.98,11532.62,2025-04-24,2025-05-11
SI100680,2025-01-22,C1119,P3003,10,0.1,3501.32,35013.2,3501.32,31511.88,2025-03-23,2025-03-23
SI100681,2026-04-04,C1090,P3006,7,0.15,269.22,1884.54,282.68,1601.86,2026-05-04,2026-05-04
SI100682,2026-06-23,C1117,P3058,10,0.0,226.7,2267.0,0.0,2267.0,2026-07-08,2026-07-23
SI100683,2026-01-17,C1033,P3006,6,0.05,269.22,1615.32,80.77,1534.55,2026-03-03,2026-03-05
SI100684,2026-03-16,C1031,P3053,7,0.1,2275.72,15930.04,1593.0,14337.04,2026-04-30,
SI100685,2025-01-21,C1112,P3002,1,0.05,3041.97,3041.97,152.1,2889.87,2025-03-07,2025-03-07
SI100686,2025-10-30,C1047,P3058,5,0.05,226.7,1133.5,56.68,1076.82,2025-11-29,2025-12-04
SI100687,2025-03-25,C1006,P3058,7,0.05,226.7,1586.9,79.35,1507.55,2025-05-24,2025-05-24
SI100688,2026-03-29,C1108,P3018,1,0.08,2434.61,2434.61,194.77,2239.84,2026-04-13,2026-04-13
SI100689,2026-01-22,C1072,P3023,2,0.2,448.2,896.4,179.28,717.12,2026-02-06,2026-02-06
SI100690,2026-05-22,C1071,P3002,9,0.05,3041.97,27377.73,1368.89,26008.84,2026-06-21,2026-07-20
SI100691,2025-09-14,C1034,P3012,3,0.02,626.03,1878.09,37.56,1840.53,2025-11-13,2025-11-23
SI100692,2026-06-11,C1108,P3022,6,0.02,1625.31,9751.86,195.04,9556.82,2026-06-26,2026-07-27
SI100693,2025-06-11,C1053,P3037,7,0.0,1078.42,7548.94,0.0,7548.94,2025-07-26,2025-07-26
SI100694,2025-06-12,C1014,P3020,9,0.08,3394.02,30546.18,2443.69,28102.49,2025-07-12,2025-08-06
SI100695,2026-06-08,C1016,P3039,5,0.08,380.94,1904.7,152.38,1752.32,2026-07-08,
SI100696,2025-09-28,C1043,P3024,4,0.02,1395.29,5581.16,111.62,5469.54,2025-10-28,2025-10-28
SI100697,2026-05-07,C1116,P3048,11,0.08,1671.29,18384.19,1470.74,16913.45,2026-06-06,
SI100698,2025-07-27,C1073,P3020,2,0.1,3394.02,6788.04,678.8,6109.24,2025-08-11,2025-08-12
SI100699,2026-06-23,C1074,P3001,3,0.02,1380.63,4141.89,82.84,4059.05,2026-08-22,2026-08-31
SI100700,2025-03-01,C1081,P3001,5,0.05,1380.63,6903.15,345.16,6557.99,2025-03-31,2025-04-05
SI100701,2026-03-06,C1012,P3017,11,0.2,1213.79,13351.69,2670.34,10681.35,2026-04-05,2026-04-05
SI100702,2025-11-05,C1070,P3059,2,0.05,578.62,1157.24,57.86,1099.38,2025-12-05,2025-12-18
SI100703,2026-06-04,C1019,P3001,4,0.1,1380.63,5522.52,552.25,4970.27,2026-07-04,2026-07-04
SI100704,2025-01-27,C1107,P3053,1,0.05,2275.72,2275.72,113.79,2161.93,2025-02-26,2025-03-01
SI100705,2025-07-18,C1041,P3052,4,0.1,1201.09,4804.36,480.44,4323.92,2025-09-01,2025-09-01
SI100706,2026-01-22,C1053,P3045,7,0.1,2906.1,20342.7,2034.27,18308.43,2026-03-08,2026-03-08
SI100707,2025-12-15,C1029,P3030,3,0.08,1311.58,3934.74,314.78,3619.96,2026-01-14,2026-01-23
SI100708,2026-06-20,C1070,P3041,10,0.15,1655.7,16557.0,2483.55,14073.45,2026-07-20,2026-07-20
SI100709,2026-01-13,C1059,P3047,8,0.15,722.13,5777.04,866.56,4910.48,2026-02-12,2026-02-12
SI100710,2026-06-11,C1089,P3003,6,0.08,3501.32,21007.92,1680.63,19327.29,2026-07-11,2026-08-29
SI100711,2025-06-02,C1064,P3046,6,0.02,2017.69,12106.14,242.12,11864.02,2025-07-02,
SI100712,2025-07-25,C1024,P3055,1,0.05,2802.87,2802.87,140.14,2662.73,2025-08-24,2025-09-14
SI100713,2026-03-31,C1089,P3011,5,0.1,335.11,1675.55,167.56,1507.99,2026-04-30,2026-05-23
SI100714,2025-09-30,C1016,P3024,3,0.08,1395.29,4185.87,334.87,3851.0,2025-10-30,2025-10-30
SI100715,2025-08-24,C1052,P3022,10,0.02,1625.31,16253.1,325.06,15928.04,2025-09-08,
SI100716,2026-06-05,C1080,P3044,1,0.0,450.62,450.62,0.0,450.62,2026-07-05,2026-07-22
SI100717,2026-05-16,C1006,P3045,8,0.08,2906.1,23248.8,1859.9,21388.9,2026-07-15,2026-07-15
SI100718,2025-04-27,C1037,P3026,7,0.02,2009.9,14069.3,281.39,13787.91,2025-06-11,2025-06-11
SI100719,2026-01-21,C1085,P3013,7,0.05,791.6,5541.2,277.06,5264.14,2026-03-22,2026-04-24
SI100720,2025-12-10,C1004,P3001,10,0.1,1380.63,13806.3,1380.63,12425.67,2026-01-09,2026-02-06
SI100721,2026-01-30,C1098,P3024,10,0.08,1395.29,13952.9,1116.23,12836.67,2026-03-16,2026-03-31
SI100722,2025-03-05,C1092,P3010,10,0.0,2279.96,22799.6,0.0,22799.6,2025-04-19,2025-04-28
SI100723,2025-03-13,C1038,P3035,4,0.02,1580.55,6322.2,126.44,6195.76,2025-04-12,2025-05-04
SI100724,2025-10-01,C1041,P3024,11,0.02,1395.29,15348.19,306.96,15041.23,2025-11-15,2025-12-12
SI100725,2025-11-16,C1092,P3028,6,0.02,925.58,5553.48,111.07,5442.41,2025-12-31,2026-01-06
SI100726,2025-12-04,C1081,P3036,9,0.08,2524.78,22723.02,1817.84,20905.18,2026-01-03,2026-01-10
SI100727,2026-01-01,C1014,P3016,3,0.05,2713.06,8139.18,406.96,7732.22,2026-01-31,2026-02-03
SI100728,2026-05-10,C1071,P3040,9,0.02,2880.96,25928.64,518.57,25410.07,2026-06-09,2026-07-12
SI100729,2025-06-15,C1086,P3016,4,0.0,2713.06,10852.24,0.0,10852.24,2025-07-30,2025-08-05
SI100730,2026-06-28,C1051,P3059,5,0.02,578.62,2893.1,57.86,2835.24,2026-07-13,
SI100731,2025-01-11,C1065,P3017,7,0.2,1213.79,8496.53,1699.31,6797.22,2025-02-25,2025-03-10
SI100732,2025-10-28,C1093,P3051,6,0.05,3798.59,22791.54,1139.58,21651.96,2025-11-12,2025-12-11
SI100733,2025-04-12,C1052,P3054,10,0.15,1517.45,15174.5,2276.17,12898.33,2025-04-27,2025-05-27
SI100734,2026-03-01,C1095,P3015,8,0.15,3965.84,31726.72,4759.01,26967.71,2026-03-16,2026-03-16
SI100735,2026-01-27,C1030,P3016,8,0.05,2713.06,21704.48,1085.22,20619.26,2026-02-26,2026-02-26
SI100736,2025-08-02,C1057,P3015,8,0.08,3965.84,31726.72,2538.14,29188.58,2025-09-16,2025-09-28
SI100737,2025-03-29,C1079,P3057,3,0.02,339.43,1018.29,20.37,997.92,2025-04-28,2025-05-16
SI100738,2026-02-05,C1082,P3034,10,0.08,1214.64,12146.4,971.71,11174.69,2026-03-22,2026-03-22
SI100739,2025-02-15,C1099,P3011,6,0.05,335.11,2010.66,100.53,1910.13,2025-03-17,2025-04-05
SI100740,2026-04-08,C1114,P3001,7,0.1,1380.63,9664.41,966.44,8697.97,2026-05-08,2026-05-12
SI100741,2025-11-06,C1030,P3015,9,0.0,3965.84,35692.56,0.0,35692.56,2025-12-06,2025-12-06
SI100742,2025-03-27,C1098,P3026,10,0.1,2009.9,20099.0,2009.9,18089.1,2025-05-11,2025-05-11
SI100743,2025-04-02,C1042,P3051,10,0.0,3798.59,37985.9,0.0,37985.9,2025-05-02,2025-05-11
SI100744,2025-08-30,C1011,P3004,4,0.15,2184.56,8738.24,1310.74,7427.5,2025-09-29,2025-10-19
SI100745,2025-01-02,C1027,P3043,5,0.05,3207.57,16037.85,801.89,15235.96,2025-02-16,2025-02-16
SI100746,2025-08-13,C1024,P3005,8,0.08,1385.35,11082.8,886.62,10196.18,2025-09-12,
SI100747,2025-04-26,C1099,P3035,1,0.05,1580.55,1580.55,79.03,1501.52,2025-05-26,2025-06-25
SI100748,2025-04-13,C1039,P3013,6,0.05,791.6,4749.6,237.48,4512.12,2025-05-28,2025-06-09
SI100749,2025-07-13,C1072,P3010,4,0.08,2279.96,9119.84,729.59,8390.25,2025-07-28,2025-08-04
SI100750,2025-06-15,C1115,P3011,5,0.2,335.11,1675.55,335.11,1340.44,2025-06-30,2025-07-22
SI100751,2025-03-31,C1018,P3018,11,0.0,2434.61,26780.71,0.0,26780.71,2025-05-15,2025-05-19
SI100752,2025-05-02,C1077,P3034,5,0.15,1214.64,6073.2,910.98,5162.22,2025-06-01,2025-06-18
SI100753,2025-05-23,C1045,P3039,2,0.08,380.94,761.88,60.95,700.93,2025-06-22,
SI100754,2025-04-16,C1088,P3041,8,0.1,1655.7,13245.6,1324.56,11921.04,2025-05-16,2025-05-21
SI100755,2026-03-04,C1115,P3042,2,0.05,2136.42,4272.84,213.64,4059.2,2026-03-19,2026-03-19
SI100756,2025-11-01,C1087,P3050,4,0.05,1957.91,7831.64,391.58,7440.06,2025-12-01,2025-12-14
SI100757,2025-11-13,C1012,P3023,5,0.15,448.2,2241.0,336.15,1904.85,2025-12-13,2025-12-16
SI100758,2025-01-09,C1049,P3007,1,0.05,3525.77,3525.77,176.29,3349.48,2025-02-08,
SI100759,2025-03-14,C1094,P3059,6,0.08,578.62,3471.72,277.74,3193.98,2025-03-29,2025-03-30
SI100760,2025-12-25,C1031,P3039,2,0.0,380.94,761.88,0.0,761.88,2026-02-08,2026-02-18
SI100761,2025-08-11,C1092,P3003,5,0.02,3501.32,17506.6,350.13,17156.47,2025-09-25,2025-10-03
SI100762,2026-02-20,C1022,P3012,6,0.08,626.03,3756.18,300.49,3455.69,2026-04-21,2026-05-06
SI100763,2026-01-05,C1044,P3007,11,0.08,3525.77,38783.47,3102.68,35680.79,2026-01-20,
SI100764,2025-09-21,C1092,P3049,8,0.08,2738.46,21907.68,1752.61,20155.07,2025-11-05,2025-11-30
SI100765,2025-11-14,C1064,P3026,9,0.02,2009.9,18089.1,361.78,17727.32,2025-12-14,2026-01-15
SI100766,2025-03-25,C1077,P3033,6,0.05,246.53,1479.18,73.96,1405.22,2025-04-24,2025-05-17
SI100767,2025-11-14,C1025,P3037,5,0.05,1078.42,5392.1,269.6,5122.5,2025-12-29,2026-01-05
SI100768,2025-04-21,C1108,P3048,4,0.05,1671.29,6685.16,334.26,6350.9,2025-05-06,2025-05-20
SI100769,2025-09-08,C1051,P3015,2,0.15,3965.84,7931.68,1189.75,6741.93,2025-09-23,
SI100770,2026-01-18,C1110,P3002,2,0.1,3041.97,6083.94,608.39,5475.55,2026-02-17,2026-03-13
SI100771,2025-01-07,C1007,P3041,7,0.0,1655.7,11589.9,0.0,11589.9,2025-02-06,2025-02-16
SI100772,2026-04-04,C1109,P3007,5,0.15,3525.77,17628.85,2644.33,14984.52,2026-05-04,2026-05-08
SI100773,2025-03-25,C1006,P3032,7,0.05,1742.31,12196.17,609.81,11586.36,2025-05-24,2025-05-26
SI100774,2025-07-27,C1024,P3004,11,0.1,2184.56,24030.16,2403.02,21627.14,2025-08-26,2025-09-09
SI100775,2026-01-25,C1019,P3020,1,0.02,3394.02,3394.02,67.88,3326.14,2026-02-24,2026-02-24
SI100776,2025-11-10,C1083,P3050,1,0.08,1957.91,1957.91,156.63,1801.28,2025-12-25,2026-01-17
SI100777,2025-01-22,C1100,P3053,5,0.02,2275.72,11378.6,227.57,11151.03,2025-02-06,2025-02-06
SI100778,2026-02-14,C1115,P3036,2,0.05,2524.78,5049.56,252.48,4797.08,2026-03-01,2026-03-16
SI100779,2026-05-30,C1009,P3032,8,0.0,1742.31,13938.48,0.0,13938.48,2026-07-29,2026-08-16
SI100780,2025-05-07,C1112,P3028,3,0.02,925.58,2776.74,55.53,2721.21,2025-06-21,2025-06-21
SI100781,2025-01-14,C1036,P3013,1,0.0,791.6,791.6,0.0,791.6,2025-02-13,2025-02-17
SI100782,2025-01-12,C1102,P3001,2,0.02,1380.63,2761.26,55.23,2706.03,2025-02-11,2025-02-26
SI100783,2025-03-28,C1040,P3060,10,0.0,157.9,1579.0,0.0,1579.0,2025-05-12,2025-05-12
SI100784,2026-06-08,C1093,P3056,10,0.08,1862.7,18627.0,1490.16,17136.84,2026-06-23,2026-06-23
SI100785,2026-06-21,C1024,P3035,7,0.0,1580.55,11063.85,0.0,11063.85,2026-07-21,2026-07-28
SI100786,2025-10-28,C1048,P3048,6,0.08,1671.29,10027.74,802.22,9225.52,2025-11-27,2025-11-30
SI100787,2025-08-31,C1063,P3030,8,0.02,1311.58,10492.64,209.85,10282.79,2025-09-30,2025-10-14
SI100788,2025-05-02,C1069,P3054,7,0.2,1517.45,10622.15,2124.43,8497.72,2025-06-16,2025-06-16
SI100789,2025-05-27,C1053,P3036,10,0.15,2524.78,25247.8,3787.17,21460.63,2025-07-11,2025-07-12
SI100790,2025-12-22,C1054,P3057,8,0.02,339.43,2715.44,54.31,2661.13,2026-01-21,2026-01-24
SI100791,2025-11-05,C1042,P3055,3,0.08,2802.87,8408.61,672.69,7735.92,2025-12-05,2025-12-10
SI100792,2025-10-15,C1119,P3025,6,0.0,802.15,4812.9,0.0,4812.9,2025-12-14,2025-12-14
SI100793,2025-11-03,C1045,P3016,7,0.15,2713.06,18991.42,2848.71,16142.71,2025-12-03,2025-12-03
SI100794,2025-12-18,C1090,P3058,10,0.08,226.7,2267.0,181.36,2085.64,2026-01-17,2026-01-17
SI100795,2025-11-08,C1014,P3019,11,0.0,2731.93,30051.23,0.0,30051.23,2025-12-08,2025-12-08
SI100796,2025-02-28,C1103,P3001,1,0.05,1380.63,1380.63,69.03,1311.6,2025-03-30,2025-04-10
SI100797,2025-02-04,C1029,P3005,1,0.0,1385.35,1385.35,0.0,1385.35,2025-03-06,2025-03-19
SI100798,2026-03-21,C1116,P3051,7,0.05,3798.59,26590.13,1329.51,25260.62,2026-04-20,2026-04-20
SI100799,2025-04-03,C1006,P3022,11,0.08,1625.31,17878.41,1430.27,16448.14,2025-06-02,2025-06-19
SI100800,2025-07-26,C1007,P3024,3,0.05,1395.29,4185.87,209.29,3976.58,2025-08-25,2025-08-29
SI100801,2025-12-19,C1037,P3043,3,0.05,3207.57,9622.71,481.14,9141.57,2026-02-02,2026-02-02
SI100802,2025-11-28,C1053,P3045,5,0.0,2906.1,14530.5,0.0,14530.5,2026-01-12,2026-01-12
SI100803,2025-06-08,C1018,P3052,11,0.02,1201.09,13211.99,264.24,12947.75,2025-07-23,
SI100804,2025-01-24,C1087,P3037,6,0.0,1078.42,6470.52,0.0,6470.52,2025-02-23,2025-02-23
SI100805,2026-02-08,C1108,P3053,2,0.1,2275.72,4551.44,455.14,4096.3,2026-02-23,2026-02-23
SI100806,2026-05-31,C1038,P3036,3,0.02,2524.78,7574.34,151.49,7422.85,2026-06-30,
SI100807,2025-12-30,C1059,P3036,6,0.08,2524.78,15148.68,1211.89,13936.79,2026-01-29,2026-01-29
SI100808,2026-01-17,C1001,P3004,3,0.05,2184.56,6553.68,327.68,6226.0,2026-03-18,2026-03-26
SI100809,2026-06-16,C1068,P3036,5,0.02,2524.78,12623.9,252.48,12371.42,2026-07-16,2026-07-16
SI100810,2025-06-01,C1115,P3052,9,0.08,1201.09,10809.81,864.78,9945.03,2025-06-16,2025-06-16
SI100811,2026-02-24,C1044,P3053,3,0.05,2275.72,6827.16,341.36,6485.8,2026-03-11,2026-03-11
SI100812,2025-09-07,C1047,P3018,11,0.05,2434.61,26780.71,1339.04,25441.67,2025-10-07,2025-10-23
SI100813,2025-04-27,C1035,P3050,6,0.08,1957.91,11747.46,939.8,10807.66,2025-05-27,2025-05-27
SI100814,2026-05-27,C1087,P3016,11,0.05,2713.06,29843.66,1492.18,28351.48,2026-06-26,2026-07-15
SI100815,2025-12-01,C1091,P3041,5,0.05,1655.7,8278.5,413.92,7864.58,2025-12-31,2026-01-16
SI100816,2026-02-22,C1060,P3018,5,0.08,2434.61,12173.05,973.84,11199.21,2026-03-09,2026-03-18
SI100817,2025-10-22,C1090,P3022,11,0.08,1625.31,17878.41,1430.27,16448.14,2025-11-21,2025-11-27
SI100818,2026-01-06,C1052,P3002,6,0.0,3041.97,18251.82,0.0,18251.82,2026-01-21,2026-01-21
SI100819,2025-07-05,C1008,P3021,6,0.05,308.88,1853.28,92.66,1760.62,2025-09-03,2025-09-07
SI100820,2025-09-03,C1107,P3036,1,0.0,2524.78,2524.78,0.0,2524.78,2025-10-03,
SI100821,2025-09-25,C1080,P3044,11,0.02,450.62,4956.82,99.14,4857.68,2025-10-25,2025-10-25
SI100822,2025-08-25,C1041,P3039,9,0.08,380.94,3428.46,274.28,3154.18,2025-10-09,2025-10-23
SI100823,2026-06-14,C1003,P3047,5,0.15,722.13,3610.65,541.6,3069.05,2026-08-13,2026-08-25
SI100824,2025-01-21,C1096,P3039,1,0.15,380.94,380.94,57.14,323.8,2025-02-05,2025-02-08
SI100825,2026-06-04,C1069,P3029,8,0.0,1017.07,8136.56,0.0,8136.56,2026-07-19,2026-08-16
SI100826,2025-04-10,C1084,P3054,7,0.05,1517.45,10622.15,531.11,10091.04,2025-05-10,2025-05-16
SI100827,2026-04-23,C1014,P3026,7,0.08,2009.9,14069.3,1125.54,12943.76,2026-05-23,2026-05-31
SI100828,2025-10-25,C1096,P3021,5,0.02,308.88,1544.4,30.89,1513.51,2025-11-09,2025-12-01
SI100829,2026-06-10,C1026,P3017,1,0.1,1213.79,1213.79,121.38,1092.41,2026-07-25,2026-07-25
SI100830,2025-11-30,C1111,P3016,9,0.1,2713.06,24417.54,2441.75,21975.79,2025-12-30,2025-12-30
SI100831,2025-01-02,C1070,P3060,11,0.15,157.9,1736.9,260.54,1476.36,2025-02-01,2025-02-01
SI100832,2026-01-10,C1058,P3031,9,0.0,1098.22,9883.98,0.0,9883.98,2026-02-09,2026-02-09
SI100833,2025-10-20,C1100,P3051,8,0.02,3798.59,30388.72,607.77,29780.95,2025-11-04,2025-11-25
SI100834,2025-11-14,C1040,P3009,5,0.1,939.78,4698.9,469.89,4229.01,2025-12-29,2025-12-29
SI100835,2026-05-17,C1051,P3031,3,0.08,1098.22,3294.66,263.57,3031.09,2026-06-01,2026-06-12
SI100836,2026-01-16,C1005,P3014,8,0.15,1012.57,8100.56,1215.08,6885.48,2026-01-31,2026-02-14
SI100837,2025-01-14,C1077,P3049,1,0.0,2738.46,2738.46,0.0,2738.46,2025-02-13,
SI100838,2026-05-19,C1032,P3037,3,0.08,1078.42,3235.26,258.82,2976.44,2026-07-03,2026-07-03
SI100839,2025-08-19,C1080,P3002,11,0.08,3041.97,33461.67,2676.93,30784.74,2025-09-18,2025-10-15
SI100840,2025-03-25,C1001,P3052,7,0.0,1201.09,8407.63,0.0,8407.63,2025-05-24,2025-05-24
SI100841,2025-05-10,C1077,P3048,4,0.05,1671.29,6685.16,334.26,6350.9,2025-06-09,2025-06-23
SI100842,2025-05-25,C1054,P3046,7,0.08,2017.69,14123.83,1129.91,12993.92,2025-06-24,2025-06-27
SI100843,2025-01-28,C1011,P3014,11,0.02,1012.57,11138.27,222.77,10915.5,2025-02-27,2025-03-11
SI100844,2025-03-07,C1053,P3059,5,0.05,578.62,2893.1,144.66,2748.44,2025-04-21,2025-04-26
SI100845,2025-06-12,C1008,P3033,6,0.08,246.53,1479.18,118.33,1360.85,2025-08-11,2025-08-11
SI100846,2025-08-17,C1025,P3035,7,0.05,1580.55,11063.85,553.19,10510.66,2025-10-01,
SI100847,2025-09-18,C1040,P3058,10,0.15,226.7,2267.0,340.05,1926.95,2025-11-02,2025-11-09
SI100848,2026-03-25,C1032,P3039,7,0.05,380.94,2666.58,133.33,2533.25,2026-05-09,2026-05-12
SI100849,2026-02-28,C1088,P3058,7,0.02,226.7,1586.9,31.74,1555.16,2026-03-30,2026-04-22
SI100850,2026-04-05,C1028,P3047,7,0.2,722.13,5054.91,1010.98,4043.93,2026-05-20,
SI100851,2025-10-28,C1078,P3051,11,0.15,3798.59,41784.49,6267.67,35516.82,2025-11-27,2025-12-08
SI100852,2025-10-30,C1109,P3020,7,0.0,3394.02,23758.14,0.0,23758.14,2025-11-29,2025-11-29
SI100853,2025-10-14,C1003,P3002,3,0.1,3041.97,9125.91,912.59,8213.32,2025-12-13,
SI100854,2026-01-30,C1100,P3051,3,0.0,3798.59,11395.77,0.0,11395.77,2026-02-14,
SI100855,2025-01-10,C1091,P3041,7,0.0,1655.7,11589.9,0.0,11589.9,2025-02-09,2025-02-16
SI100856,2025-09-27,C1084,P3019,2,0.05,2731.93,5463.86,273.19,5190.67,2025-10-27,2025-10-31
SI100857,2025-12-27,C1111,P3059,2,0.02,578.62,1157.24,23.14,1134.1,2026-01-26,2026-01-26
SI100858,2025-09-14,C1079,P3037,3,0.1,1078.42,3235.26,323.53,2911.73,2025-10-14,2025-10-16
SI100859,2025-05-13,C1062,P3018,4,0.08,2434.61,9738.44,779.08,8959.36,2025-06-12,2025-07-02
SI100860,2025-10-03,C1027,P3016,6,0.2,2713.06,16278.36,3255.67,13022.69,2025-11-17,2025-11-27
SI100861,2026-05-28,C1117,P3004,8,0.08,2184.56,17476.48,1398.12,16078.36,2026-06-12,2026-06-12
SI100862,2025-11-09,C1045,P3012,10,0.05,626.03,6260.3,313.02,5947.28,2025-12-09,2025-12-19
SI100863,2025-10-11,C1105,P3029,10,0.08,1017.07,10170.7,813.66,9357.04,2025-11-10,2025-11-27
SI100864,2025-05-01,C1092,P3007,7,0.2,3525.77,24680.39,4936.08,19744.31,2025-06-15,2025-06-16
SI100865,2025-04-17,C1025,P3014,4,0.08,1012.57,4050.28,324.02,3726.26,2025-06-01,2025-06-11
SI100866,2025-07-23,C1106,P3055,2,0.1,2802.87,5605.74,560.57,5045.17,2025-08-22,2025-08-22
SI100867,2025-06-14,C1061,P3012,2,0.15,626.03,1252.06,187.81,1064.25,2025-06-29,2025-07-31
SI100868,2025-11-01,C1044,P3035,4,0.0,1580.55,6322.2,0.0,6322.2,2025-11-16,2025-12-17
SI100869,2026-05-12,C1110,P3005,6,0.08,1385.35,8312.1,664.97,7647.13,2026-06-11,
SI100870,2025-06-05,C1097,P3017,3,0.15,1213.79,3641.37,546.21,3095.16,2025-07-20,
SI100871,2026-01-02,C1046,P3058,6,0.2,226.7,1360.2,272.04,1088.16,2026-01-17,2026-01-22
SI100872,2025-09-08,C1014,P3042,5,0.02,2136.42,10682.1,213.64,10468.46,2025-10-08,2025-10-23
SI100873,2025-11-30,C1008,P3032,5,0.05,1742.31,8711.55,435.58,8275.97,2026-01-29,2026-02-20
SI100874,2026-05-26,C1048,P3010,2,0.08,2279.96,4559.92,364.79,4195.13,2026-06-25,2026-06-27
SI100875,2025-10-20,C1014,P3043,8,0.02,3207.57,25660.56,513.21,25147.35,2025-11-19,2025-11-29
SI100876,2025-01-20,C1065,P3017,5,0.08,1213.79,6068.95,485.52,5583.43,2025-03-06,2025-03-06
SI100877,2025-10-09,C1080,P3005,11,0.02,1385.35,15238.85,304.78,14934.07,2025-11-08,2025-11-08
SI100878,2025-01-01,C1082,P3045,2,0.05,2906.1,5812.2,290.61,5521.59,2025-02-15,2025-02-17
SI100879,2025-04-29,C1007,P3042,7,0.05,2136.42,14954.94,747.75,14207.19,2025-05-29,2025-05-29
SI100880,2025-02-04,C1079,P3009,9,0.08,939.78,8458.02,676.64,7781.38,2025-03-06,2025-03-06
SI100881,2025-07-17,C1088,P3049,9,0.05,2738.46,24646.14,1232.31,23413.83,2025-08-16,2025-08-26
SI100882,2026-04-30,C1049,P3033,1,0.05,246.53,246.53,12.33,234.2,2026-05-30,2026-06-19
SI100883,2025-02-28,C1115,P3036,7,0.05,2524.78,17673.46,883.67,16789.79,2025-03-15,2025-03-26
SI100884,2025-06-10,C1055,P3036,9,0.02,2524.78,22723.02,454.46,22268.56,2025-06-25,2025-07-02
SI100885,2025-07-25,C1013,P3018,6,0.0,2434.61,14607.66,0.0,14607.66,2025-09-08,2025-10-01
SI100886,2025-01-12,C1073,P3009,1,0.02,939.78,939.78,18.8,920.98,2025-01-27,2025-02-05
SI100887,2026-05-05,C1056,P3057,2,0.08,339.43,678.86,54.31,624.55,2026-06-04,2026-06-19
SI100888,2025-10-03,C1056,P3029,4,0.1,1017.07,4068.28,406.83,3661.45,2025-11-02,2025-12-01
SI100889,2025-08-30,C1015,P3050,4,0.02,1957.91,7831.64,156.63,7675.01,2025-09-29,2025-10-06
SI100890,2025-08-04,C1057,P3014,2,0.0,1012.57,2025.14,0.0,2025.14,2025-09-18,
SI100891,2025-09-08,C1058,P3025,8,0.1,802.15,6417.2,641.72,5775.48,2025-10-08,
SI100892,2025-05-06,C1035,P3015,2,0.05,3965.84,7931.68,396.58,7535.1,2025-06-05,2025-06-11
SI100893,2025-08-05,C1088,P3006,3,0.2,269.22,807.66,161.53,646.13,2025-09-04,2025-09-10
SI100894,2025-11-02,C1097,P3056,4,0.08,1862.7,7450.8,596.06,6854.74,2025-12-17,2025-12-26
SI100895,2025-07-04,C1016,P3042,9,0.05,2136.42,19227.78,961.39,18266.39,2025-08-03,2025-08-03
SI100896,2025-02-08,C1008,P3029,10,0.05,1017.07,10170.7,508.54,9662.16,2025-04-09,
SI100897,2025-08-11,C1093,P3015,1,0.08,3965.84,3965.84,317.27,3648.57,2025-08-26,2025-09-13
SI100898,2025-07-03,C1087,P3029,8,0.0,1017.07,8136.56,0.0,8136.56,2025-08-02,2025-08-25
SI100899,2026-05-10,C1045,P3004,5,0.0,2184.56,10922.8,0.0,10922.8,2026-06-09,2026-06-09
SI100900,2026-03-03,C1095,P3018,7,0.02,2434.61,17042.27,340.85,16701.42,2026-03-18,2026-03-18
SI100901,2025-06-27,C1040,P3050,8,0.1,1957.91,15663.28,1566.33,14096.95,2025-08-11,2025-08-26
SI100902,2026-03-04,C1113,P3057,5,0.05,339.43,1697.15,84.86,1612.29,2026-04-18,2026-04-27
SI100903,2025-10-21,C1054,P3049,8,0.0,2738.46,21907.68,0.0,21907.68,2025-11-20,2025-12-01
SI100904,2025-05-31,C1119,P3044,10,0.08,450.62,4506.2,360.5,4145.7,2025-07-30,2025-08-12
SI100905,2026-01-19,C1014,P3039,11,0.05,380.94,4190.34,209.52,3980.82,2026-02-18,2026-02-20
SI100906,2025-11-04,C1059,P3016,8,0.05,2713.06,21704.48,1085.22,20619.26,2025-12-04,2025-12-11
SI100907,2025-12-02,C1117,P3011,9,0.02,335.11,3015.99,60.32,2955.67,2025-12-17,2025-12-24
SI100908,2026-01-10,C1094,P3014,2,0.08,1012.57,2025.14,162.01,1863.13,2026-01-25,
SI100909,2025-01-08,C1053,P3003,3,0.2,3501.32,10503.96,2100.79,8403.17,2025-02-22,
SI100910,2025-12-07,C1103,P3051,1,0.0,3798.59,3798.59,0.0,3798.59,2026-01-06,2026-01-22
SI100911,2025-05-09,C1027,P3050,4,0.05,1957.91,7831.64,391.58,7440.06,2025-06-23,2025-06-24
SI100912,2025-12-18,C1047,P3042,5,0.02,2136.42,10682.1,213.64,10468.46,2026-01-17,2026-01-23
SI100913,2025-12-24,C1080,P3038,11,0.02,595.11,6546.21,130.92,6415.29,2026-01-23,2026-01-29
SI100914,2026-06-01,C1115,P3045,1,0.05,2906.1,2906.1,145.3,2760.8,2026-06-16,2026-06-17
SI100915,2026-05-10,C1006,P3042,8,0.1,2136.42,17091.36,1709.14,15382.22,2026-07-09,2026-08-10
SI100916,2025-03-27,C1055,P3018,2,0.15,2434.61,4869.22,730.38,4138.84,2025-04-11,2025-04-11
SI100917,2025-06-24,C1097,P3058,1,0.02,226.7,226.7,4.53,222.17,2025-08-08,2025-08-25
SI100918,2025-07-12,C1044,P3020,2,0.08,3394.02,6788.04,543.04,6245.0,2025-07-27,2025-08-06
SI100919,2025-11-07,C1018,P3058,5,0.08,226.7,1133.5,90.68,1042.82,2025-12-22,
SI100920,2025-04-29,C1016,P3048,9,0.08,1671.29,15041.61,1203.33,13838.28,2025-05-29,2025-06-19
SI100921,2025-08-06,C1012,P3025,9,0.05,802.15,7219.35,360.97,6858.38,2025-09-05,2025-09-11
SI100922,2026-03-03,C1020,P3057,2,0.02,339.43,678.86,13.58,665.28,2026-03-18,2026-03-18
SI100923,2026-02-18,C1045,P3038,2,0.05,595.11,1190.22,59.51,1130.71,2026-03-20,2026-04-04
SI100924,2025-04-24,C1064,P3013,3,0.05,791.6,2374.8,118.74,2256.06,2025-05-24,2025-06-23
SI100925,2025-05-25,C1104,P3004,7,0.1,2184.56,15291.92,1529.19,13762.73,2025-06-24,2025-06-24
SI100926,2026-06-22,C1059,P3055,11,0.1,2802.87,30831.57,3083.16,27748.41,2026-07-22,2026-07-22
SI100927,2025-10-30,C1093,P3014,3,0.02,1012.57,3037.71,60.75,2976.96,2025-11-14,2025-11-21
SI100928,2025-12-11,C1094,P3033,1,0.0,246.53,246.53,0.0,246.53,2025-12-26,2025-12-26
SI100929,2025-01-01,C1090,P3028,6,0.15,925.58,5553.48,833.02,4720.46,2025-01-31,2025-02-05
SI100930,2025-05-27,C1022,P3052,3,0.08,1201.09,3603.27,288.26,3315.01,2025-07-26,
SI100931,2025-10-14,C1097,P3037,1,0.15,1078.42,1078.42,161.76,916.66,2025-11-28,2025-11-28
SI100932,2025-02-22,C1117,P3008,4,0.0,3538.95,14155.8,0.0,14155.8,2025-03-09,2025-03-16
SI100933,2025-10-31,C1103,P3044,1,0.08,450.62,450.62,36.05,414.57,2025-11-30,2025-12-25
SI100934,2025-03-10,C1047,P3034,1,0.08,1214.64,1214.64,97.17,1117.47,2025-04-09,2025-04-22
SI100935,2025-12-27,C1029,P3044,2,0.15,450.62,901.24,135.19,766.05,2026-01-26,2026-02-08
SI100936,2025-08-08,C1086,P3005,10,0.0,1385.35,13853.5,0.0,13853.5,2025-09-22,2025-10-04
SI100937,2025-06-10,C1045,P3054,8,0.02,1517.45,12139.6,242.79,11896.81,2025-07-10,2025-07-11
SI100938,2025-03-30,C1077,P3005,2,0.05,1385.35,2770.7,138.54,2632.16,2025-04-29,2025-05-01
SI100939,2025-06-08,C1009,P3031,11,0.15,1098.22,12080.42,1812.06,10268.36,2025-08-07,2025-08-18
SI100940,2026-05-04,C1024,P3045,2,0.15,2906.1,5812.2,871.83,4940.37,2026-06-03,2026-06-05
SI100941,2025-11-20,C1015,P3009,11,0.2,939.78,10337.58,2067.52,8270.06,2025-12-20,2025-12-20
SI100942,2026-01-16,C1036,P3042,11,0.2,2136.42,23500.62,4700.12,18800.5,2026-02-15,2026-02-24
SI100943,2025-04-12,C1013,P3032,10,0.0,1742.31,17423.1,0.0,17423.1,2025-05-27,2025-05-27
SI100944,2026-05-09,C1091,P3033,10,0.0,246.53,2465.3,0.0,2465.3,2026-06-08,2026-06-08
SI100945,2025-01-19,C1044,P3003,8,0.02,3501.32,28010.56,560.21,27450.35,2025-02-03,2025-02-22
SI100946,2026-03-30,C1101,P3030,6,0.05,1311.58,7869.48,393.47,7476.01,2026-04-29,
SI100947,2026-04-27,C1071,P3050,11,0.1,1957.91,21537.01,2153.7,19383.31,2026-05-27,2026-05-31
SI100948,2026-02-01,C1072,P3012,4,0.15,626.03,2504.12,375.62,2128.5,2026-02-16,2026-02-25
SI100949,2025-10-06,C1101,P3029,3,0.02,1017.07,3051.21,61.02,2990.19,2025-11-05,2025-11-14
SI100950,2025-12-31,C1105,P3003,1,0.08,3501.32,3501.32,280.11,3221.21,2026-01-30,2026-01-30
SI100951,2025-11-27,C1078,P3026,11,0.15,2009.9,22108.9,3316.34,18792.56,2025-12-27,2026-01-20
SI100952,2025-12-10,C1076,P3057,3,0.05,339.43,1018.29,50.91,967.38,2026-01-24,2026-01-28
SI100953,2026-03-31,C1036,P3030,9,0.0,1311.58,11804.22,0.0,11804.22,2026-04-30,2026-05-07
SI100954,2025-03-06,C1116,P3009,5,0.05,939.78,4698.9,234.94,4463.96,2025-04-05,
SI100955,2025-03-17,C1061,P3026,6,0.05,2009.9,12059.4,602.97,11456.43,2025-04-01,2025-05-01
SI100956,2025-05-23,C1104,P3002,5,0.08,3041.97,15209.85,1216.79,13993.06,2025-06-22,2025-06-22
SI100957,2026-04-18,C1081,P3003,1,0.05,3501.32,3501.32,175.07,3326.25,2026-05-18,2026-06-22
SI100958,2026-02-21,C1040,P3046,10,0.0,2017.69,20176.9,0.0,20176.9,2026-04-07,2026-04-23
SI100959,2025-11-01,C1117,P3004,1,0.2,2184.56,2184.56,436.91,1747.65,2025-11-16,2025-11-25
SI100960,2026-05-12,C1093,P3025,4,0.08,802.15,3208.6,256.69,2951.91,2026-05-27,2026-05-27
SI100961,2025-10-18,C1027,P3051,3,0.05,3798.59,11395.77,569.79,10825.98,2025-12-02,2025-12-23
SI100962,2025-04-12,C1001,P3013,11,0.2,791.6,8707.6,1741.52,6966.08,2025-06-11,2025-06-11
SI100963,2025-09-24,C1116,P3039,8,0.02,380.94,3047.52,60.95,2986.57,2025-10-24,2025-11-11
SI100964,2025-01-03,C1034,P3044,7,0.02,450.62,3154.34,63.09,3091.25,2025-03-04,2025-03-20
SI100965,2025-03-26,C1068,P3035,11,0.1,1580.55,17386.05,1738.6,15647.45,2025-04-25,2025-04-25
SI100966,2025-11-24,C1088,P3055,7,0.02,2802.87,19620.09,392.4,19227.69,2025-12-24,2026-01-13
SI100967,2026-03-26,C1021,P3023,8,0.1,448.2,3585.6,358.56,3227.04,2026-04-25,2026-04-25
SI100968,2026-03-30,C1033,P3009,10,0.05,939.78,9397.8,469.89,8927.91,2026-05-14,2026-05-14
SI100969,2025-08-09,C1007,P3002,7,0.0,3041.97,21293.79,0.0,21293.79,2025-09-08,2025-09-08
SI100970,2025-06-03,C1065,P3054,10,0.05,1517.45,15174.5,758.72,14415.78,2025-07-18,2025-07-26
SI100971,2025-01-12,C1105,P3041,2,0.02,1655.7,3311.4,66.23,3245.17,2025-02-11,2025-02-13
SI100972,2025-05-13,C1003,P3044,4,0.1,450.62,1802.48,180.25,1622.23,2025-07-12,2025-07-12
SI100973,2025-10-31,C1108,P3031,11,0.08,1098.22,12080.42,966.43,11113.99,2025-11-15,2025-12-03
SI100974,2025-10-20,C1051,P3044,6,0.15,450.62,2703.72,405.56,2298.16,2025-11-04,2025-11-23
SI100975,2025-10-27,C1079,P3047,3,0.1,722.13,2166.39,216.64,1949.75,2025-11-26,
SI100976,2025-02-12,C1095,P3002,3,0.02,3041.97,9125.91,182.52,8943.39,2025-02-27,2025-02-27
SI100977,2025-12-09,C1054,P3032,6,0.1,1742.31,10453.86,1045.39,9408.47,2026-01-08,2026-01-11
SI100978,2025-11-22,C1080,P3018,1,0.08,2434.61,2434.61,194.77,2239.84,2025-12-22,2025-12-28
SI100979,2026-05-13,C1074,P3013,1,0.08,791.6,791.6,63.33,728.27,2026-07-12,2026-07-23
SI100980,2025-12-30,C1118,P3046,5,0.1,2017.69,10088.45,1008.85,9079.6,2026-01-29,2026-02-03
SI100981,2026-03-03,C1093,P3005,1,0.08,1385.35,1385.35,110.83,1274.52,2026-03-18,2026-03-21
SI100982,2025-01-21,C1059,P3058,10,0.05,226.7,2267.0,113.35,2153.65,2025-02-20,2025-02-20
SI100983,2026-02-11,C1006,P3042,8,0.08,2136.42,17091.36,1367.31,15724.05,2026-04-12,
SI100984,2025-12-02,C1029,P3044,2,0.05,450.62,901.24,45.06,856.18,2026-01-01,2026-02-12
SI100985,2025-04-27,C1017,P3010,6,0.02,2279.96,13679.76,273.6,13406.16,2025-06-26,2025-06-26
SI100986,2025-05-04,C1117,P3056,10,0.08,1862.7,18627.0,1490.16,17136.84,2025-05-19,2025-05-22
SI100987,2026-02-03,C1060,P3043,10,0.02,3207.57,32075.7,641.51,31434.19,2026-02-18,2026-03-05
SI100988,2025-02-20,C1022,P3025,5,0.0,802.15,4010.75,0.0,4010.75,2025-04-21,2025-04-21
SI100989,2025-11-20,C1024,P3034,10,0.0,1214.64,12146.4,0.0,12146.4,2025-12-20,2025-12-20
SI100990,2025-05-21,C1081,P3037,4,0.08,1078.42,4313.68,345.09,3968.59,2025-06-20,2025-06-28
SI100991,2026-04-15,C1085,P3030,1,0.05,1311.58,1311.58,65.58,1246.0,2026-06-14,2026-06-22
SI100992,2025-11-30,C1051,P3007,3,0.1,3525.77,10577.31,1057.73,9519.58,2025-12-15,2026-01-03
SI100993,2026-01-08,C1050,P3006,4,0.05,269.22,1076.88,53.84,1023.04,2026-02-07,2026-02-11
SI100994,2026-05-09,C1011,P3054,2,0.05,1517.45,3034.9,151.74,2883.16,2026-06-08,2026-06-08
SI100995,2026-06-23,C1056,P3055,2,0.05,2802.87,5605.74,280.29,5325.45,2026-07-23,2026-07-25
SI100996,2025-06-05,C1071,P3003,2,0.08,3501.32,7002.64,560.21,6442.43,2025-07-05,2025-07-05
SI100997,2025-10-18,C1042,P3013,11,0.05,791.6,8707.6,435.38,8272.22,2025-11-17,2025-11-17
SI100998,2025-05-24,C1039,P3003,1,0.2,3501.32,3501.32,700.26,2801.06,2025-07-08,
SI100999,2025-04-16,C1069,P3026,10,0.15,2009.9,20099.0,3014.85,17084.15,2025-05-31,2025-06-06
SI101000,2026-02-24,C1108,P3057,2,0.15,339.43,678.86,101.83,577.03,2026-03-11,2026-03-21
SI101001,2025-01-02,C1048,P3024,6,0.15,1395.29,8371.74,1255.76,7115.98,2025-02-01,2025-02-01
SI101002,2025-03-31,C1057,P3053,3,0.05,2275.72,6827.16,341.36,6485.8,2025-05-15,2025-05-27
SI101003,2025-12-11,C1021,P3006,10,0.08,269.22,2692.2,215.38,2476.82,2026-01-10,2026-01-31
SI101004,2025-12-16,C1082,P3043,5,0.1,3207.57,16037.85,1603.78,14434.07,2026-01-30,2026-02-14
SI101005,2026-04-04,C1099,P3060,1,0.08,157.9,157.9,12.63,145.27,2026-05-04,2026-05-11
SI101006,2025-09-20,C1020,P3058,8,0.15,226.7,1813.6,272.04,1541.56,2025-10-05,2025-10-07
SI101007,2025-12-17,C1015,P3049,4,0.08,2738.46,10953.84,876.31,10077.53,2026-01-16,2026-01-22
SI101008,2025-04-18,C1069,P3042,9,0.2,2136.42,19227.78,3845.56,15382.22,2025-06-02,2025-06-06
SI101009,2025-02-08,C1077,P3012,4,0.05,626.03,2504.12,125.21,2378.91,2025-03-10,2025-04-20
SI101010,2025-06-08,C1051,P3049,2,0.1,2738.46,5476.92,547.69,4929.23,2025-06-23,2025-06-29
SI101011,2025-11-08,C1076,P3036,3,0.08,2524.78,7574.34,605.95,6968.39,2025-12-23,2025-12-27
SI101012,2025-08-29,C1062,P3002,5,0.08,3041.97,15209.85,1216.79,13993.06,2025-09-28,2025-09-30
SI101013,2026-03-21,C1119,P3011,10,0.05,335.11,3351.1,167.56,3183.54,2026-05-20,2026-06-01
SI101014,2025-10-25,C1085,P3039,6,0.1,380.94,2285.64,228.56,2057.08,2025-12-24,2026-01-04
SI101015,2025-02-05,C1037,P3034,7,0.15,1214.64,8502.48,1275.37,7227.11,2025-03-22,2025-03-23
SI101016,2025-03-25,C1006,P3026,4,0.02,2009.9,8039.6,160.79,7878.81,2025-05-24,2025-05-24
SI101017,2026-03-28,C1071,P3018,7,0.08,2434.61,17042.27,1363.38,15678.89,2026-04-27,2026-04-27
SI101018,2026-01-20,C1026,P3021,10,0.05,308.88,3088.8,154.44,2934.36,2026-03-06,
SI101019,2025-06-21,C1106,P3036,3,0.2,2524.78,7574.34,1514.87,6059.47,2025-07-21,2025-08-07
SI101020,2026-01-11,C1112,P3040,7,0.05,2880.96,20166.72,1008.34,19158.38,2026-02-25,2026-02-26
SI101021,2025-12-28,C1008,P3052,4,0.02,1201.09,4804.36,96.09,4708.27,2026-02-26,2026-02-26
SI101022,2025-05-21,C1073,P3046,8,0.05,2017.69,16141.52,807.08,15334.44,2025-06-05,
SI101023,2025-04-28,C1091,P3044,9,0.08,450.62,4055.58,324.45,3731.13,2025-05-28,2025-06-16
SI101024,2025-10-04,C1004,P3022,7,0.0,1625.31,11377.17,0.0,11377.17,2025-11-03,2025-12-04
SI101025,2025-08-08,C1021,P3053,8,0.08,2275.72,18205.76,1456.46,16749.3,2025-09-07,2025-09-19
SI101026,2025-01-26,C1031,P3059,8,0.15,578.62,4628.96,694.34,3934.62,2025-03-12,2025-03-26
SI101027,2026-06-05,C1021,P3030,2,0.15,1311.58,2623.16,393.47,2229.69,2026-07-05,2026-07-07
SI101028,2025-01-10,C1104,P3050,9,0.0,1957.91,17621.19,0.0,17621.19,2025-02-09,2025-02-14
SI101029,2026-01-13,C1025,P3043,6,0.2,3207.57,19245.42,3849.08,15396.34,2026-02-27,2026-03-18
SI101030,2025-06-01,C1103,P3060,11,0.08,157.9,1736.9,138.95,1597.95,2025-07-01,2025-07-28
SI101031,2025-02-18,C1015,P3030,4,0.02,1311.58,5246.32,104.93,5141.39,2025-03-20,2025-03-30
SI101032,2025-06-03,C1117,P3008,5,0.0,3538.95,17694.75,0.0,17694.75,2025-06-18,2025-07-01
SI101033,2025-10-20,C1035,P3034,10,0.02,1214.64,12146.4,242.93,11903.47,2025-11-19,2025-11-29
SI101034,2025-02-19,C1049,P3057,5,0.1,339.43,1697.15,169.72,1527.43,2025-03-21,
SI101035,2026-06-15,C1043,P3047,7,0.0,722.13,5054.91,0.0,5054.91,2026-07-15,2026-08-09
SI101036,2025-03-01,C1041,P3009,9,0.02,939.78,8458.02,169.16,8288.86,2025-04-15,2025-04-27
SI101037,2025-06-16,C1037,P3051,7,0.1,3798.59,26590.13,2659.01,23931.12,2025-07-31,2025-09-02
SI101038,2025-07-21,C1057,P3020,9,0.08,3394.02,30546.18,2443.69,28102.49,2025-09-04,2025-09-20
SI101039,2025-05-26,C1042,P3040,4,0.1,2880.96,11523.84,1152.38,10371.46,2025-06-25,2025-07-26
SI101040,2026-03-15,C1047,P3025,10,0.1,802.15,8021.5,802.15,7219.35,2026-04-14,2026-04-24
SI101041,2025-08-30,C1092,P3019,10,0.0,2731.93,27319.3,0.0,27319.3,2025-10-14,2025-10-14
SI101042,2026-04-28,C1061,P3005,4,0.15,1385.35,5541.4,831.21,4710.19,2026-05-13,2026-05-13
SI101043,2025-04-18,C1014,P3011,6,0.02,335.11,2010.66,40.21,1970.45,2025-05-18,2025-05-30
SI101044,2025-08-14,C1068,P3015,8,0.08,3965.84,31726.72,2538.14,29188.58,2025-09-13,2025-09-13
SI101045,2026-03-08,C1053,P3008,9,0.08,3538.95,31850.55,2548.04,29302.51,2026-04-22,2026-05-17
SI101046,2026-02-23,C1084,P3019,1,0.02,2731.93,2731.93,54.64,2677.29,2026-03-25,2026-05-03
SI101047,2026-03-31,C1034,P3023,1,0.2,448.2,448.2,89.64,358.56,2026-05-30,2026-07-06
SI101048,2025-06-09,C1076,P3027,8,0.05,1582.59,12660.72,633.04,12027.68,2025-07-24,2025-07-31
SI101049,2026-06-07,C1097,P3040,11,0.0,2880.96,31690.56,0.0,31690.56,2026-07-22,2026-08-13
SI101050,2025-03-18,C1024,P3032,7,0.15,1742.31,12196.17,1829.43,10366.74,2025-04-17,2025-04-20
SI101051,2026-05-24,C1020,P3026,9,0.08,2009.9,18089.1,1447.13,16641.97,2026-06-08,2026-07-12
SI101052,2026-03-17,C1069,P3027,11,0.08,1582.59,17408.49,1392.68,16015.81,2026-05-01,2026-05-05
SI101053,2025-09-11,C1102,P3019,3,0.08,2731.93,8195.79,655.66,7540.13,2025-10-11,2025-10-11
SI101054,2025-11-16,C1030,P3050,10,0.1,1957.91,19579.1,1957.91,17621.19,2025-12-16,2026-01-01
SI101055,2025-09-20,C1088,P3042,5,0.0,2136.42,10682.1,0.0,10682.1,2025-10-20,2025-10-26
SI101056,2026-01-09,C1107,P3029,3,0.02,1017.07,3051.21,61.02,2990.19,2026-02-08,
SI101057,2025-06-16,C1104,P3039,5,0.05,380.94,1904.7,95.24,1809.46,2025-07-16,2025-07-25
SI101058,2026-04-04,C1007,P3060,10,0.0,157.9,1579.0,0.0,1579.0,2026-05-04,2026-05-18
SI101059,2025-10-07,C1036,P3041,1,0.08,1655.7,1655.7,132.46,1523.24,2025-11-06,2025-11-06
SI101060,2025-10-29,C1038,P3033,11,0.05,246.53,2711.83,135.59,2576.24,2025-11-28,2025-11-30
SI101061,2026-06-15,C1080,P3019,4,0.05,2731.93,10927.72,546.39,10381.33,2026-07-15,2026-07-17
SI101062,2025-08-06,C1052,P3037,6,0.0,1078.42,6470.52,0.0,6470.52,2025-08-21,
SI101063,2025-04-12,C1015,P3019,2,0.08,2731.93,5463.86,437.11,5026.75,2025-05-12,2025-05-22
SI101064,2025-10-15,C1046,P3033,7,0.1,246.53,1725.71,172.57,1553.14,2025-10-30,2025-10-30
SI101065,2025-06-16,C1023,P3047,8,0.05,722.13,5777.04,288.85,5488.19,2025-07-01,2025-07-01
SI101066,2025-02-05,C1012,P3016,1,0.08,2713.06,2713.06,217.04,2496.02,2025-03-07,2025-03-21
SI101067,2025-12-19,C1093,P3023,4,0.02,448.2,1792.8,35.86,1756.94,2026-01-03,2026-01-03
SI101068,2025-03-14,C1044,P3007,11,0.08,3525.77,38783.47,3102.68,35680.79,2025-03-29,2025-04-05
SI101069,2025-12-19,C1112,P3026,4,0.0,2009.9,8039.6,0.0,8039.6,2026-02-02,2026-02-05
SI101070,2025-03-11,C1015,P3032,5,0.05,1742.31,8711.55,435.58,8275.97,2025-04-10,2025-04-16
SI101071,2026-03-01,C1093,P3012,4,0.08,626.03,2504.12,200.33,2303.79,2026-03-16,2026-04-06
SI101072,2026-06-01,C1109,P3008,9,0.15,3538.95,31850.55,4777.58,27072.97,2026-07-01,2026-08-04
SI101073,2026-03-04,C1107,P3005,7,0.05,1385.35,9697.45,484.87,9212.58,2026-04-03,2026-04-03
SI101074,2026-06-23,C1049,P3042,2,0.1,2136.42,4272.84,427.28,3845.56,2026-07-23,2026-08-27
SI101075,2025-06-09,C1021,P3028,1,0.08,925.58,925.58,74.05,851.53,2025-07-09,2025-08-01
SI101076,2025-05-29,C1015,P3053,9,0.15,2275.72,20481.48,3072.22,17409.26,2025-06-28,2025-07-12
SI101077,2025-08-18,C1014,P3005,1,0.05,1385.35,1385.35,69.27,1316.08,2025-09-17,2025-10-01
SI101078,2025-03-08,C1042,P3049,6,0.05,2738.46,16430.76,821.54,15609.22,2025-04-07,2025-04-25
SI101079,2026-01-16,C1108,P3026,2,0.15,2009.9,4019.8,602.97,3416.83,2026-01-31,2026-02-07
SI101080,2025-02-27,C1080,P3005,4,0.0,1385.35,5541.4,0.0,5541.4,2025-03-29,2025-03-29
SI101081,2025-09-16,C1015,P3022,6,0.02,1625.31,9751.86,195.04,9556.82,2025-10-16,2025-10-29
SI101082,2025-12-08,C1106,P3015,5,0.0,3965.84,19829.2,0.0,19829.2,2026-01-07,2026-01-12
SI101083,2025-05-10,C1063,P3013,11,0.15,791.6,8707.6,1306.14,7401.46,2025-06-09,2025-06-11
SI101084,2025-06-21,C1068,P3028,6,0.0,925.58,5553.48,0.0,5553.48,2025-07-21,2025-07-21
SI101085,2025-07-28,C1027,P3033,3,0.15,246.53,739.59,110.94,628.65,2025-09-11,2025-09-25
SI101086,2025-12-20,C1087,P3043,5,0.05,3207.57,16037.85,801.89,15235.96,2026-01-19,2026-02-08
SI101087,2026-04-16,C1093,P3023,2,0.0,448.2,896.4,0.0,896.4,2026-05-01,
SI101088,2025-04-26,C1105,P3033,7,0.05,246.53,1725.71,86.29,1639.42,2025-05-26,2025-06-05
SI101089,2025-09-21,C1053,P3043,3,0.02,3207.57,9622.71,192.45,9430.26,2025-11-05,2025-11-05
SI101090,2026-03-18,C1052,P3018,1,0.08,2434.61,2434.61,194.77,2239.84,2026-04-02,2026-04-02
SI101091,2026-07-02,C1063,P3050,8,0.08,1957.91,15663.28,1253.06,14410.22,2026-08-01,2026-08-06
SI101092,2026-03-29,C1073,P3053,8,0.05,2275.72,18205.76,910.29,17295.47,2026-04-13,2026-04-13
SI101093,2026-04-22,C1053,P3030,3,0.0,1311.58,3934.74,0.0,3934.74,2026-06-06,2026-06-15
SI101094,2025-10-14,C1057,P3026,7,0.08,2009.9,14069.3,1125.54,12943.76,2025-11-28,2025-11-28
SI101095,2025-10-30,C1120,P3016,9,0.15,2713.06,24417.54,3662.63,20754.91,2025-11-29,2025-11-29
SI101096,2025-11-07,C1052,P3013,8,0.1,791.6,6332.8,633.28,5699.52,2025-11-22,2025-11-22
SI101097,2025-07-27,C1107,P3039,3,0.1,380.94,1142.82,114.28,1028.54,2025-08-26,2025-08-26
SI101098,2026-03-22,C1043,P3033,2,0.02,246.53,493.06,9.86,483.2,2026-04-21,2026-04-21
SI101099,2025-02-24,C1007,P3026,10,0.15,2009.9,20099.0,3014.85,17084.15,2025-03-26,2025-04-13
SI101100,2025-01-12,C1117,P3048,7,0.05,1671.29,11699.03,584.95,11114.08,2025-01-27,2025-02-04
SI101101,2026-02-04,C1042,P3001,7,0.0,1380.63,9664.41,0.0,9664.41,2026-03-06,2026-03-16
SI101102,2026-05-30,C1004,P3049,9,0.15,2738.46,24646.14,3696.92,20949.22,2026-06-29,2026-07-27
SI101103,2026-06-26,C1069,P3038,5,0.2,595.11,2975.55,595.11,2380.44,2026-08-10,2026-08-12
SI101104,2025-08-25,C1005,P3002,4,0.08,3041.97,12167.88,973.43,11194.45,2025-09-09,2025-09-10
SI101105,2025-10-06,C1075,P3049,8,0.02,2738.46,21907.68,438.15,21469.53,2025-11-20,2025-11-20
SI101106,2025-12-14,C1105,P3006,4,0.02,269.22,1076.88,21.54,1055.34,2026-01-13,2026-01-13
SI101107,2025-04-14,C1092,P3046,4,0.05,2017.69,8070.76,403.54,7667.22,2025-05-29,2025-06-09
SI101108,2026-06-01,C1080,P3050,2,0.15,1957.91,3915.82,587.37,3328.45,2026-07-01,
SI101109,2025-09-05,C1041,P3038,1,0.02,595.11,595.11,11.9,583.21,2025-10-20,2025-10-23
SI101110,2025-12-30,C1118,P3042,4,0.1,2136.42,8545.68,854.57,7691.11,2026-01-29,
SI101111,2025-11-17,C1094,P3024,7,0.05,1395.29,9767.03,488.35,9278.68,2025-12-02,2025-12-12
SI101112,2025-10-13,C1004,P3018,9,0.1,2434.61,21911.49,2191.15,19720.34,2025-11-12,2025-11-12
SI101113,2025-05-29,C1002,P3027,9,0.15,1582.59,14243.31,2136.5,12106.81,2025-07-28,
SI101114,2025-03-25,C1110,P3041,10,0.05,1655.7,16557.0,827.85,15729.15,2025-04-24,2025-05-01
SI101115,2026-02-10,C1067,P3008,1,0.05,3538.95,3538.95,176.95,3362.0,2026-03-12,2026-03-12
SI101116,2026-04-01,C1114,P3028,5,0.1,925.58,4627.9,462.79,4165.11,2026-05-01,2026-05-01
SI101117,2025-06-10,C1021,P3010,7,0.08,2279.96,15959.72,1276.78,14682.94,2025-07-10,2025-07-13
SI101118,2026-04-05,C1070,P3017,7,0.08,1213.79,8496.53,679.72,7816.81,2026-05-05,2026-05-14
SI101119,2026-05-15,C1043,P3055,10,0.08,2802.87,28028.7,2242.3,25786.4,2026-06-14,2026-06-20
SI101120,2026-05-24,C1117,P3029,6,0.02,1017.07,6102.42,122.05,5980.37,2026-06-08,2026-06-18
SI101121,2026-04-26,C1082,P3058,11,0.15,226.7,2493.7,374.05,2119.65,2026-06-10,2026-06-24
SI101122,2025-04-24,C1108,P3006,10,0.02,269.22,2692.2,53.84,2638.36,2025-05-09,2025-05-09
SI101123,2025-12-27,C1069,P3014,4,0.15,1012.57,4050.28,607.54,3442.74,2026-02-10,2026-02-15
SI101124,2025-12-07,C1009,P3022,3,0.02,1625.31,4875.93,97.52,4778.41,2026-02-05,2026-02-05
SI101125,2026-03-25,C1084,P3054,9,0.1,1517.45,13657.05,1365.7,12291.35,2026-04-24,2026-04-24
SI101126,2025-06-29,C1028,P3006,10,0.05,269.22,2692.2,134.61,2557.59,2025-08-13,2025-08-26
SI101127,2026-02-11,C1026,P3026,4,0.05,2009.9,8039.6,401.98,7637.62,2026-03-28,2026-04-03
SI101128,2025-07-15,C1082,P3039,8,0.05,380.94,3047.52,152.38,2895.14,2025-08-29,2025-08-29
SI101129,2026-04-11,C1083,P3012,1,0.1,626.03,626.03,62.6,563.43,2026-05-26,2026-06-13
SI101130,2025-11-07,C1003,P3035,7,0.08,1580.55,11063.85,885.11,10178.74,2026-01-06,2026-01-16
SI101131,2025-09-19,C1073,P3014,6,0.15,1012.57,6075.42,911.31,5164.11,2025-10-04,2025-10-10
SI101132,2026-02-23,C1100,P3022,1,0.05,1625.31,1625.31,81.27,1544.04,2026-03-10,2026-03-10
SI101133,2026-02-10,C1095,P3051,4,0.08,3798.59,15194.36,1215.55,13978.81,2026-02-25,2026-02-25
SI101134,2025-05-23,C1049,P3023,5,0.1,448.2,2241.0,224.1,2016.9,2025-06-22,2025-07-15
SI101135,2025-12-08,C1017,P3048,11,0.02,1671.29,18384.19,367.68,18016.51,2026-02-06,2026-02-06
SI101136,2025-11-12,C1063,P3007,8,0.05,3525.77,28206.16,1410.31,26795.85,2025-12-12,2025-12-21
SI101137,2025-04-11,C1055,P3040,4,0.05,2880.96,11523.84,576.19,10947.65,2025-04-26,2025-05-15
SI101138,2025-09-01,C1023,P3050,3,0.05,1957.91,5873.73,293.69,5580.04,2025-09-16,2025-09-21
SI101139,2026-05-05,C1034,P3025,2,0.05,802.15,1604.3,80.22,1524.08,2026-07-04,2026-07-04
SI101140,2025-01-12,C1105,P3013,4,0.08,791.6,3166.4,253.31,2913.09,2025-02-11,2025-02-11
SI101141,2025-08-27,C1105,P3021,11,0.02,308.88,3397.68,67.95,3329.73,2025-09-26,2025-09-26
SI101142,2025-02-11,C1069,P3041,10,0.08,1655.7,16557.0,1324.56,15232.44,2025-03-28,2025-04-26
SI101143,2026-03-05,C1015,P3010,4,0.15,2279.96,9119.84,1367.98,7751.86,2026-04-04,2026-04-23
SI101144,2025-06-07,C1047,P3053,10,0.08,2275.72,22757.2,1820.58,20936.62,2025-07-07,2025-07-28
SI101145,2025-08-04,C1003,P3055,5,0.08,2802.87,14014.35,1121.15,12893.2,2025-10-03,2025-10-22
SI101146,2026-04-07,C1083,P3059,7,0.0,578.62,4050.34,0.0,4050.34,2026-05-22,
SI101147,2025-05-14,C1028,P3009,9,0.15,939.78,8458.02,1268.7,7189.32,2025-06-28,
SI101148,2025-03-08,C1003,P3015,2,0.05,3965.84,7931.68,396.58,7535.1,2025-05-07,
SI101149,2025-01-07,C1102,P3052,5,0.08,1201.09,6005.45,480.44,5525.01,2025-02-06,2025-02-10
SI101150,2026-06-10,C1004,P3002,11,0.2,3041.97,33461.67,6692.33,26769.34,2026-07-10,2026-07-31
SI101151,2025-03-14,C1088,P3025,10,0.08,802.15,8021.5,641.72,7379.78,2025-04-13,2025-04-17
SI101152,2026-02-03,C1031,P3013,9,0.1,791.6,7124.4,712.44,6411.96,2026-03-20,2026-04-11
SI101153,2026-02-09,C1045,P3034,3,0.05,1214.64,3643.92,182.2,3461.72,2026-03-11,2026-03-21
SI101154,2025-05-10,C1059,P3051,1,0.0,3798.59,3798.59,0.0,3798.59,2025-06-09,2025-06-24
SI101155,2026-04-11,C1045,P3058,2,0.1,226.7,453.4,45.34,408.06,2026-05-11,2026-05-11
SI101156,2025-07-25,C1075,P3034,6,0.0,1214.64,7287.84,0.0,7287.84,2025-09-08,2025-09-23
SI101157,2025-09-23,C1037,P3035,5,0.08,1580.55,7902.75,632.22,7270.53,2025-11-07,2025-11-17
SI101158,2026-06-21,C1065,P3038,1,0.0,595.11,595.11,0.0,595.11,2026-08-05,
SI101159,2025-09-10,C1009,P3003,1,0.15,3501.32,3501.32,525.2,2976.12,2025-11-09,2025-11-18
SI101160,2025-10-16,C1017,P3042,11,0.02,2136.42,23500.62,470.01,23030.61,2025-12-15,2025-12-15
SI101161,2025-06-13,C1118,P3056,4,0.05,1862.7,7450.8,372.54,7078.26,2025-07-13,2025-07-13
SI101162,2025-04-05,C1065,P3059,4,0.08,578.62,2314.48,185.16,2129.32,2025-05-20,2025-05-25
SI101163,2025-04-20,C1003,P3006,6,0.05,269.22,1615.32,80.77,1534.55,2025-06-19,2025-06-28
SI101164,2025-12-02,C1111,P3055,6,0.05,2802.87,16817.22,840.86,15976.36,2026-01-01,2026-01-07
SI101165,2025-08-26,C1026,P3048,10,0.05,1671.29,16712.9,835.65,15877.25,2025-10-10,
SI101166,2026-01-16,C1053,P3049,6,0.05,2738.46,16430.76,821.54,15609.22,2026-03-02,2026-03-03
SI101167,2026-03-12,C1031,P3019,1,0.05,2731.93,2731.93,136.6,2595.33,2026-04-26,2026-06-15
SI101168,2026-04-28,C1026,P3003,10,0.05,3501.32,35013.2,1750.66,33262.54,2026-06-12,2026-06-12
SI101169,2025-01-25,C1023,P3018,9,0.08,2434.61,21911.49,1752.92,20158.57,2025-02-09,2025-02-22
SI101170,2025-04-27,C1030,P3039,11,0.02,380.94,4190.34,83.81,4106.53,2025-05-27,2025-05-31
SI101171,2026-04-27,C1010,P3009,7,0.2,939.78,6578.46,1315.69,5262.77,2026-06-11,2026-06-11
SI101172,2026-01-27,C1072,P3052,7,0.05,1201.09,8407.63,420.38,7987.25,2026-02-11,2026-02-15
SI101173,2026-06-21,C1108,P3012,11,0.02,626.03,6886.33,137.73,6748.6,2026-07-06,2026-07-17
SI101174,2025-03-20,C1089,P3005,7,0.05,1385.35,9697.45,484.87,9212.58,2025-04-19,2025-05-08
SI101175,2025-06-22,C1064,P3003,2,0.15,3501.32,7002.64,1050.4,5952.24,2025-07-22,2025-07-26
SI101176,2025-01-12,C1022,P3011,2,0.0,335.11,670.22,0.0,670.22,2025-03-13,2025-03-13
SI101177,2025-05-08,C1015,P3057,6,0.08,339.43,2036.58,162.93,1873.65,2025-06-07,2025-06-16
SI101178,2025-04-02,C1105,P3030,7,0.08,1311.58,9181.06,734.48,8446.58,2025-05-02,2025-05-02
SI101179,2026-06-27,C1056,P3004,3,0.02,2184.56,6553.68,131.07,6422.61,2026-07-27,2026-07-27
SI101180,2026-06-16,C1074,P3005,4,0.1,1385.35,5541.4,554.14,4987.26,2026-08-15,2026-08-29
SI101181,2026-03-23,C1020,P3001,3,0.05,1380.63,4141.89,207.09,3934.8,2026-04-07,2026-05-03
SI101182,2026-01-25,C1105,P3027,7,0.05,1582.59,11078.13,553.91,10524.22,2026-02-24,
SI101183,2025-02-12,C1047,P3028,7,0.1,925.58,6479.06,647.91,5831.15,2025-03-14,2025-03-22
SI101184,2025-09-11,C1087,P3029,4,0.08,1017.07,4068.28,325.46,3742.82,2025-10-11,2025-10-11
SI101185,2025-05-10,C1053,P3018,7,0.15,2434.61,17042.27,2556.34,14485.93,2025-06-24,2025-07-15
SI101186,2025-03-01,C1053,P3012,5,0.08,626.03,3130.15,250.41,2879.74,2025-04-15,2025-04-25
SI101187,2026-04-12,C1001,P3013,1,0.1,791.6,791.6,79.16,712.44,2026-06-11,2026-06-21
SI101188,2025-10-14,C1002,P3041,10,0.1,1655.7,16557.0,1655.7,14901.3,2025-12-13,2025-12-13
SI101189,2026-06-01,C1058,P3002,4,0.0,3041.97,12167.88,0.0,12167.88,2026-07-01,2026-07-12
SI101190,2026-04-12,C1019,P3037,7,0.1,1078.42,7548.94,754.89,6794.05,2026-05-12,2026-05-22
SI101191,2025-12-11,C1062,P3045,2,0.08,2906.1,5812.2,464.98,5347.22,2026-01-10,2026-01-20
SI101192,2026-01-17,C1078,P3016,2,0.0,2713.06,5426.12,0.0,5426.12,2026-02-16,
SI101193,2025-09-10,C1072,P3048,1,0.05,1671.29,1671.29,83.56,1587.73,2025-09-25,2025-10-03
SI101194,2025-02-25,C1102,P3024,2,0.0,1395.29,2790.58,0.0,2790.58,2025-03-27,2025-03-27
SI101195,2026-04-08,C1012,P3035,10,0.1,1580.55,15805.5,1580.55,14224.95,2026-05-08,2026-05-25
SI101196,2026-04-02,C1026,P3022,8,0.08,1625.31,13002.48,1040.2,11962.28,2026-05-17,2026-05-21
SI101197,2025-03-24,C1027,P3036,11,0.2,2524.78,27772.58,5554.52,22218.06,2025-05-08,2025-05-17
SI101198,2025-04-09,C1029,P3011,8,0.02,335.11,2680.88,53.62,2627.26,2025-05-09,2025-06-06
SI101199,2025-05-29,C1015,P3055,8,0.08,2802.87,22422.96,1793.84,20629.12,2025-06-28,2025-07-07
SI101200,2025-11-25,C1046,P3058,1,0.02,226.7,226.7,4.53,222.17,2025-12-10,
SI101201,2025-06-05,C1117,P3046,1,0.08,2017.69,2017.69,161.42,1856.27,2025-06-20,2025-07-31
SI101202,2025-07-09,C1001,P3029,10,0.1,1017.07,10170.7,1017.07,9153.63,2025-09-07,2025-09-08
SI101203,2026-05-09,C1060,P3035,4,0.1,1580.55,6322.2,632.22,5689.98,2026-05-24,2026-06-17
SI101204,2025-09-20,C1107,P3048,6,0.1,1671.29,10027.74,1002.77,9024.97,2025-10-20,2025-10-20
SI101205,2025-03-21,C1092,P3054,8,0.15,1517.45,12139.6,1820.94,10318.66,2025-05-05,2025-05-07
SI101206,2026-02-04,C1057,P3015,2,0.0,3965.84,7931.68,0.0,7931.68,2026-03-21,2026-03-30
SI101207,2025-09-17,C1003,P3060,3,0.05,157.9,473.7,23.68,450.02,2025-11-16,2025-11-28
SI101208,2025-04-11,C1115,P3031,6,0.08,1098.22,6589.32,527.15,6062.17,2025-04-26,2025-05-16
SI101209,2025-12-25,C1018,P3042,10,0.05,2136.42,21364.2,1068.21,20295.99,2026-02-08,2026-02-17
SI101210,2026-01-15,C1052,P3041,4,0.02,1655.7,6622.8,132.46,6490.34,2026-01-30,
SI101211,2025-08-09,C1060,P3043,2,0.08,3207.57,6415.14,513.21,5901.93,2025-08-24,
SI101212,2026-02-24,C1034,P3016,7,0.05,2713.06,18991.42,949.57,18041.85,2026-04-25,2026-04-25
SI101213,2025-05-04,C1096,P3010,4,0.05,2279.96,9119.84,455.99,8663.85,2025-05-19,2025-06-23
SI101214,2026-02-26,C1093,P3049,8,0.1,2738.46,21907.68,2190.77,19716.91,2026-03-13,2026-03-27
SI101215,2025-08-19,C1089,P3032,8,0.05,1742.31,13938.48,696.92,13241.56,2025-09-18,2025-09-18
SI101216,2025-03-04,C1060,P3051,7,0.0,3798.59,26590.13,0.0,26590.13,2025-03-19,
SI101217,2026-04-30,C1026,P3002,10,0.0,3041.97,30419.7,0.0,30419.7,2026-06-14,2026-06-25
SI101218,2026-04-28,C1103,P3024,9,0.15,1395.29,12557.61,1883.64,10673.97,2026-05-28,2026-05-28
SI101219,2026-06-03,C1072,P3023,4,0.2,448.2,1792.8,358.56,1434.24,2026-06-18,2026-06-27
SI101220,2025-06-04,C1019,P3002,7,0.08,3041.97,21293.79,1703.5,19590.29,2025-07-04,2025-07-04
SI101221,2025-04-02,C1118,P3038,10,0.05,595.11,5951.1,297.56,5653.54,2025-05-02,
SI101222,2026-06-10,C1111,P3031,10,0.15,1098.22,10982.2,1647.33,9334.87,2026-07-10,2026-07-12
SI101223,2026-03-31,C1106,P3051,1,0.08,3798.59,3798.59,303.89,3494.7,2026-04-30,2026-05-07
SI101224,2026-05-25,C1022,P3040,4,0.15,2880.96,11523.84,1728.58,9795.26,2026-07-24,2026-07-27
SI101225,2025-07-02,C1093,P3026,2,0.1,2009.9,4019.8,401.98,3617.82,2025-07-17,2025-08-19
SI101226,2026-01-21,C1033,P3029,9,0.05,1017.07,9153.63,457.68,8695.95,2026-03-07,2026-04-05
SI101227,2026-02-09,C1038,P3003,5,0.05,3501.32,17506.6,875.33,16631.27,2026-03-11,2026-04-06
SI101228,2025-09-03,C1109,P3058,3,0.02,226.7,680.1,13.6,666.5,2025-10-03,2025-10-11
SI101229,2026-04-16,C1110,P3014,4,0.05,1012.57,4050.28,202.51,3847.77,2026-05-16,2026-05-16
SI101230,2026-02-27,C1035,P3025,6,0.1,802.15,4812.9,481.29,4331.61,2026-03-29,2026-04-11
SI101231,2025-03-06,C1107,P3048,10,0.15,1671.29,16712.9,2506.94,14205.96,2025-04-05,2025-04-13
SI101232,2025-01-13,C1067,P3001,1,0.1,1380.63,1380.63,138.06,1242.57,2025-02-12,2025-02-19
SI101233,2025-08-01,C1083,P3053,7,0.05,2275.72,15930.04,796.5,15133.54,2025-09-15,2025-09-15
SI101234,2025-08-30,C1010,P3003,8,0.0,3501.32,28010.56,0.0,28010.56,2025-10-14,2025-10-14
SI101235,2026-05-08,C1091,P3054,7,0.0,1517.45,10622.15,0.0,10622.15,2026-06-07,2026-06-07
SI101236,2025-08-01,C1015,P3026,7,0.05,2009.9,14069.3,703.46,13365.84,2025-08-31,2025-09-07
SI101237,2025-12-04,C1011,P3018,9,0.05,2434.61,21911.49,1095.57,20815.92,2026-01-03,2026-01-03
SI101238,2025-06-22,C1111,P3009,4,0.08,939.78,3759.12,300.73,3458.39,2025-07-22,2025-07-29
SI101239,2025-06-13,C1090,P3038,7,0.0,595.11,4165.77,0.0,4165.77,2025-07-13,2025-07-15
SI101240,2026-04-10,C1024,P3023,9,0.2,448.2,4033.8,806.76,3227.04,2026-05-10,2026-05-18
SI101241,2026-05-12,C1077,P3021,5,0.05,308.88,1544.4,77.22,1467.18,2026-06-11,2026-06-26
SI101242,2026-01-30,C1096,P3057,2,0.15,339.43,678.86,101.83,577.03,2026-02-14,2026-02-20
SI101243,2025-11-04,C1101,P3001,5,0.08,1380.63,6903.15,552.25,6350.9,2025-12-04,2025-12-04
SI101244,2025-07-02,C1004,P3021,4,0.02,308.88,1235.52,24.71,1210.81,2025-08-01,2025-08-11
SI101245,2026-05-25,C1013,P3027,8,0.1,1582.59,12660.72,1266.07,11394.65,2026-07-09,2026-08-01
SI101246,2026-06-30,C1073,P3042,5,0.08,2136.42,10682.1,854.57,9827.53,2026-07-15,2026-08-03
SI101247,2025-08-15,C1057,P3059,9,0.08,578.62,5207.58,416.61,4790.97,2025-09-29,2025-10-09
SI101248,2026-03-12,C1113,P3006,9,0.05,269.22,2422.98,121.15,2301.83,2026-04-26,2026-05-01
SI101249,2026-02-26,C1098,P3055,3,0.0,2802.87,8408.61,0.0,8408.61,2026-04-12,2026-04-24
SI101250,2025-01-21,C1120,P3044,10,0.08,450.62,4506.2,360.5,4145.7,2025-02-20,2025-03-19
SI101251,2026-02-01,C1037,P3036,6,0.15,2524.78,15148.68,2272.3,12876.38,2026-03-18,2026-03-18
SI101252,2025-04-15,C1048,P3028,6,0.0,925.58,5553.48,0.0,5553.48,2025-05-15,2025-06-03
SI101253,2025-07-11,C1071,P3045,4,0.02,2906.1,11624.4,232.49,11391.91,2025-08-10,2025-08-10
SI101254,2025-01-17,C1001,P3017,11,0.15,1213.79,13351.69,2002.75,11348.94,2025-03-18,2025-04-02
SI101255,2025-04-30,C1060,P3059,10,0.05,578.62,5786.2,289.31,5496.89,2025-05-15,
SI101256,2026-01-28,C1012,P3040,3,0.08,2880.96,8642.88,691.43,7951.45,2026-02-27,2026-02-27
SI101257,2026-03-01,C1021,P3058,1,0.08,226.7,226.7,18.14,208.56,2026-03-31,
SI101258,2025-05-09,C1011,P3052,7,0.08,1201.09,8407.63,672.61,7735.02,2025-06-08,2025-06-21
SI101259,2025-05-10,C1044,P3003,5,0.05,3501.32,17506.6,875.33,16631.27,2025-05-25,2025-06-10
SI101260,2025-01-29,C1115,P3012,10,0.05,626.03,6260.3,313.02,5947.28,2025-02-13,
SI101261,2025-04-07,C1058,P3039,7,0.0,380.94,2666.58,0.0,2666.58,2025-05-07,2025-05-07
SI101262,2025-01-10,C1108,P3012,1,0.1,626.03,626.03,62.6,563.43,2025-01-25,
SI101263,2025-08-30,C1044,P3002,8,0.1,3041.97,24335.76,2433.58,21902.18,2025-09-14,2025-09-22
SI101264,2025-08-20,C1078,P3056,3,0.08,1862.7,5588.1,447.05,5141.05,2025-09-19,2025-09-24
SI101265,2025-10-11,C1098,P3046,7,0.08,2017.69,14123.83,1129.91,12993.92,2025-11-25,2025-12-01
SI101266,2025-07-19,C1034,P3022,3,0.02,1625.31,4875.93,97.52,4778.41,2025-09-17,
SI101267,2025-03-20,C1025,P3023,3,0.0,448.2,1344.6,0.0,1344.6,2025-05-04,2025-05-13
SI101268,2025-06-22,C1004,P3030,10,0.1,1311.58,13115.8,1311.58,11804.22,2025-07-22,2025-07-26
SI101269,2026-04-12,C1064,P3005,9,0.05,1385.35,12468.15,623.41,11844.74,2026-05-12,2026-05-12
SI101270,2026-02-20,C1116,P3009,2,0.05,939.78,1879.56,93.98,1785.58,2026-03-22,2026-04-21
SI101271,2026-03-25,C1119,P3021,4,0.0,308.88,1235.52,0.0,1235.52,2026-05-24,
SI101272,2025-03-28,C1090,P3011,6,0.0,335.11,2010.66,0.0,2010.66,2025-04-27,2025-04-27
SI101273,2025-04-11,C1016,P3005,3,0.05,1385.35,4156.05,207.8,3948.25,2025-05-11,2025-05-20
SI101274,2025-01-08,C1010,P3035,10,0.1,1580.55,15805.5,1580.55,14224.95,2025-02-22,2025-03-13
SI101275,2025-07-19,C1109,P3027,10,0.15,1582.59,15825.9,2373.88,13452.02,2025-08-18,2025-09-03
SI101276,2026-05-20,C1066,P3049,7,0.15,2738.46,19169.22,2875.38,16293.84,2026-07-19,2026-07-30
SI101277,2025-03-28,C1035,P3002,7,0.15,3041.97,21293.79,3194.07,18099.72,2025-04-27,2025-04-27
SI101278,2025-02-12,C1083,P3024,5,0.15,1395.29,6976.45,1046.47,5929.98,2025-03-29,2025-03-29
SI101279,2026-01-20,C1006,P3031,3,0.08,1098.22,3294.66,263.57,3031.09,2026-03-21,2026-04-02
SI101280,2026-03-11,C1019,P3033,2,0.02,246.53,493.06,9.86,483.2,2026-04-10,
SI101281,2026-02-12,C1059,P3039,4,0.1,380.94,1523.76,152.38,1371.38,2026-03-14,2026-03-14
SI101282,2026-04-28,C1053,P3030,4,0.02,1311.58,5246.32,104.93,5141.39,2026-06-12,2026-06-27
SI101283,2025-01-17,C1116,P3046,11,0.02,2017.69,22194.59,443.89,21750.7,2025-02-16,2025-02-28
SI101284,2025-05-28,C1115,P3037,8,0.02,1078.42,8627.36,172.55,8454.81,2025-06-12,2025-06-18
SI101285,2025-10-04,C1008,P3051,8,0.05,3798.59,30388.72,1519.44,28869.28,2025-12-03,2025-12-07
SI101286,2025-08-20,C1078,P3028,5,0.05,925.58,4627.9,231.4,4396.5,2025-09-19,2025-09-24
SI101287,2026-01-01,C1010,P3060,6,0.02,157.9,947.4,18.95,928.45,2026-02-15,2026-02-26
SI101288,2025-08-16,C1067,P3031,8,0.05,1098.22,8785.76,439.29,8346.47,2025-09-15,2025-09-15
SI101289,2026-03-12,C1038,P3011,1,0.15,335.11,335.11,50.27,284.84,2026-04-11,2026-04-19
SI101290,2026-02-03,C1029,P3023,5,0.08,448.2,2241.0,179.28,2061.72,2026-03-05,2026-03-05
SI101291,2025-07-30,C1015,P3057,4,0.15,339.43,1357.72,203.66,1154.06,2025-08-29,
SI101292,2026-01-26,C1087,P3002,4,0.02,3041.97,12167.88,243.36,11924.52,2026-02-25,2026-03-06
SI101293,2026-05-14,C1023,P3040,11,0.02,2880.96,31690.56,633.81,31056.75,2026-05-29,2026-06-16
SI101294,2026-06-24,C1082,P3041,2,0.08,1655.7,3311.4,264.91,3046.49,2026-08-08,2026-09-03
SI101295,2026-05-06,C1046,P3027,10,0.05,1582.59,15825.9,791.3,15034.6,2026-05-21,2026-06-06
SI101296,2026-03-18,C1083,P3035,1,0.08,1580.55,1580.55,126.44,1454.11,2026-05-02,2026-06-11
SI101297,2025-09-18,C1028,P3002,6,0.1,3041.97,18251.82,1825.18,16426.64,2025-11-02,2025-11-22
SI101298,2025-12-16,C1026,P3039,7,0.1,380.94,2666.58,266.66,2399.92,2026-01-30,2026-02-10
SI101299,2025-12-18,C1010,P3037,5,0.2,1078.42,5392.1,1078.42,4313.68,2026-02-01,2026-03-14
SI101300,2026-06-04,C1047,P3021,8,0.05,308.88,2471.04,123.55,2347.49,2026-07-04,2026-07-10
SI101301,2025-11-16,C1004,P3058,9,0.02,226.7,2040.3,40.81,1999.49,2025-12-16,2026-01-18
SI101302,2025-05-18,C1055,P3005,11,0.08,1385.35,15238.85,1219.11,14019.74,2025-06-02,2025-06-18
SI101303,2026-01-03,C1066,P3052,11,0.0,1201.09,13211.99,0.0,13211.99,2026-03-04,2026-03-08
SI101304,2025-08-08,C1067,P3045,2,0.05,2906.1,5812.2,290.61,5521.59,2025-09-07,2025-09-12
SI101305,2025-12-03,C1007,P3021,11,0.02,308.88,3397.68,67.95,3329.73,2026-01-02,2026-02-05
SI101306,2025-08-11,C1055,P3029,4,0.05,1017.07,4068.28,203.41,3864.87,2025-08-26,2025-09-05
SI101307,2025-12-26,C1080,P3020,11,0.0,3394.02,37334.22,0.0,37334.22,2026-01-25,2026-02-11
SI101308,2025-11-25,C1031,P3038,9,0.0,595.11,5355.99,0.0,5355.99,2026-01-09,2026-01-09
SI101309,2026-04-08,C1074,P3020,5,0.08,3394.02,16970.1,1357.61,15612.49,2026-06-07,2026-06-09
SI101310,2026-01-17,C1019,P3050,3,0.08,1957.91,5873.73,469.9,5403.83,2026-02-16,2026-02-16
SI101311,2025-06-18,C1028,P3025,6,0.08,802.15,4812.9,385.03,4427.87,2025-08-02,2025-08-02
SI101312,2025-08-05,C1081,P3002,3,0.08,3041.97,9125.91,730.07,8395.84,2025-09-04,2025-09-04
SI101313,2026-01-13,C1028,P3057,5,0.0,339.43,1697.15,0.0,1697.15,2026-02-27,
SI101314,2025-04-29,C1019,P3032,3,0.05,1742.31,5226.93,261.35,4965.58,2025-05-29,2025-06-10
SI101315,2025-07-09,C1101,P3026,6,0.02,2009.9,12059.4,241.19,11818.21,2025-08-08,2025-09-12
SI101316,2026-01-05,C1087,P3006,10,0.15,269.22,2692.2,403.83,2288.37,2026-02-04,2026-02-13
SI101317,2025-05-29,C1020,P3041,5,0.1,1655.7,8278.5,827.85,7450.65,2025-06-13,2025-06-23
SI101318,2026-05-03,C1013,P3057,9,0.02,339.43,3054.87,61.1,2993.77,2026-06-17,2026-07-19
SI101319,2026-01-09,C1077,P3003,3,0.05,3501.32,10503.96,525.2,9978.76,2026-02-08,2026-02-08
SI101320,2025-06-09,C1043,P3033,6,0.2,246.53,1479.18,295.84,1183.34,2025-07-09,2025-07-13
SI101321,2025-12-17,C1011,P3001,8,0.08,1380.63,11045.04,883.6,10161.44,2026-01-16,2026-01-16
SI101322,2025-10-15,C1048,P3051,7,0.1,3798.59,26590.13,2659.01,23931.12,2025-11-14,2025-11-23
SI101323,2025-10-15,C1015,P3005,6,0.02,1385.35,8312.1,166.24,8145.86,2025-11-14,2025-11-14
SI101324,2025-08-14,C1017,P3013,2,0.02,791.6,1583.2,31.66,1551.54,2025-10-13,2025-10-15
SI101325,2026-06-07,C1054,P3019,7,0.1,2731.93,19123.51,1912.35,17211.16,2026-07-07,
SI101326,2026-06-06,C1050,P3012,8,0.08,626.03,5008.24,400.66,4607.58,2026-07-06,2026-07-06
SI101327,2025-09-30,C1028,P3048,1,0.08,1671.29,1671.29,133.7,1537.59,2025-11-14,2025-11-28
SI101328,2026-02-06,C1083,P3025,9,0.08,802.15,7219.35,577.55,6641.8,2026-03-23,2026-04-01
SI101329,2025-07-02,C1004,P3057,4,0.08,339.43,1357.72,108.62,1249.1,2025-08-01,2025-08-09
SI101330,2026-05-03,C1022,P3051,8,0.1,3798.59,30388.72,3038.87,27349.85,2026-07-02,2026-07-13
SI101331,2025-05-04,C1086,P3035,10,0.05,1580.55,15805.5,790.28,15015.22,2025-06-18,2025-06-18
SI101332,2026-02-18,C1119,P3012,7,0.05,626.03,4382.21,219.11,4163.1,2026-04-19,2026-05-16
SI101333,2025-06-21,C1101,P3030,10,0.15,1311.58,13115.8,1967.37,11148.43,2025-07-21,2025-07-25
SI101334,2025-10-15,C1039,P3005,7,0.05,1385.35,9697.45,484.87,9212.58,2025-11-29,2025-12-03
SI101335,2026-03-11,C1034,P3034,2,0.08,1214.64,2429.28,194.34,2234.94,2026-05-10,2026-05-28
SI101336,2025-04-23,C1097,P3022,1,0.08,1625.31,1625.31,130.02,1495.29,2025-06-07,2025-06-20
SI101337,2025-05-02,C1044,P3039,4,0.2,380.94,1523.76,304.75,1219.01,2025-05-17,2025-05-18
SI101338,2026-06-28,C1042,P3013,2,0.05,791.6,1583.2,79.16,1504.04,2026-07-28,2026-07-28
SI101339,2025-08-10,C1040,P3057,8,0.05,339.43,2715.44,135.77,2579.67,2025-09-24,2025-09-24
SI101340,2025-02-08,C1097,P3047,10,0.15,722.13,7221.3,1083.2,6138.1,2025-03-25,2025-04-07
SI101341,2026-05-12,C1012,P3054,7,0.1,1517.45,10622.15,1062.21,9559.94,2026-06-11,2026-06-11
SI101342,2025-08-21,C1002,P3003,8,0.1,3501.32,28010.56,2801.06,25209.5,2025-10-20,2025-10-22
SI101343,2026-06-14,C1028,P3060,11,0.05,157.9,1736.9,86.85,1650.05,2026-07-29,2026-09-04
SI101344,2025-05-29,C1074,P3053,6,0.05,2275.72,13654.32,682.72,12971.6,2025-07-28,
SI101345,2026-02-01,C1086,P3020,1,0.08,3394.02,3394.02,271.52,3122.5,2026-03-18,2026-04-03
SI101346,2025-10-29,C1081,P3031,9,0.15,1098.22,9883.98,1482.6,8401.38,2025-11-28,2025-11-28
SI101347,2025-12-26,C1090,P3005,6,0.15,1385.35,8312.1,1246.82,7065.28,2026-01-25,2026-02-06
SI101348,2025-08-26,C1067,P3024,10,0.0,1395.29,13952.9,0.0,13952.9,2025-09-25,2025-09-25
SI101349,2025-08-24,C1071,P3040,1,0.05,2880.96,2880.96,144.05,2736.91,2025-09-23,2025-09-24
SI101350,2025-07-22,C1108,P3054,1,0.05,1517.45,1517.45,75.87,1441.58,2025-08-06,2025-08-08
SI101351,2025-09-13,C1072,P3033,8,0.2,246.53,1972.24,394.45,1577.79,2025-09-28,2025-09-28
SI101352,2025-08-23,C1084,P3008,6,0.08,3538.95,21233.7,1698.7,19535.0,2025-09-22,2025-09-22
SI101353,2025-12-11,C1076,P3024,8,0.05,1395.29,11162.32,558.12,10604.2,2026-01-25,2026-01-25
SI101354,2026-06-18,C1099,P3050,8,0.0,1957.91,15663.28,0.0,15663.28,2026-07-18,2026-07-18
SI101355,2026-04-11,C1081,P3020,11,0.08,3394.02,37334.22,2986.74,34347.48,2026-05-11,2026-05-24
SI101356,2026-06-25,C1092,P3060,8,0.0,157.9,1263.2,0.0,1263.2,2026-08-09,2026-08-11
SI101357,2025-08-01,C1105,P3016,10,0.1,2713.06,27130.6,2713.06,24417.54,2025-08-31,2025-09-27
SI101358,2026-04-08,C1010,P3050,7,0.1,1957.91,13705.37,1370.54,12334.83,2026-05-23,
SI101359,2026-03-12,C1086,P3052,7,0.05,1201.09,8407.63,420.38,7987.25,2026-04-26,2026-05-22
SI101360,2025-10-10,C1102,P3012,10,0.05,626.03,6260.3,313.02,5947.28,2025-11-09,2025-11-14
SI101361,2026-04-08,C1057,P3013,4,0.15,791.6,3166.4,474.96,2691.44,2026-05-23,
SI101362,2026-02-11,C1097,P3045,9,0.05,2906.1,26154.9,1307.75,24847.15,2026-03-28,2026-04-15
SI101363,2025-03-29,C1086,P3042,2,0.02,2136.42,4272.84,85.46,4187.38,2025-05-13,2025-05-25
SI101364,2025-02-13,C1108,P3039,11,0.15,380.94,4190.34,628.55,3561.79,2025-02-28,2025-03-04
SI101365,2026-04-06,C1037,P3025,9,0.1,802.15,7219.35,721.94,6497.41,2026-05-21,
SI101366,2025-10-05,C1077,P3046,10,0.1,2017.69,20176.9,2017.69,18159.21,2025-11-04,2025-11-07
SI101367,2026-02-25,C1091,P3032,3,0.02,1742.31,5226.93,104.54,5122.39,2026-03-27,
SI101368,2025-12-19,C1064,P3024,2,0.02,1395.29,2790.58,55.81,2734.77,2026-01-18,2026-02-06
SI101369,2026-05-30,C1079,P3048,4,0.0,1671.29,6685.16,0.0,6685.16,2026-06-29,2026-06-29
SI101370,2025-01-19,C1086,P3047,5,0.02,722.13,3610.65,72.21,3538.44,2025-03-05,2025-03-16
SI101371,2025-01-23,C1094,P3044,2,0.1,450.62,901.24,90.12,811.12,2025-02-07,2025-03-15
SI101372,2026-02-17,C1107,P3009,1,0.02,939.78,939.78,18.8,920.98,2026-03-19,2026-03-19
SI101373,2025-01-30,C1040,P3040,10,0.1,2880.96,28809.6,2880.96,25928.64,2025-03-16,2025-03-18
SI101374,2025-04-18,C1101,P3050,11,0.02,1957.91,21537.01,430.74,21106.27,2025-05-18,2025-05-18
SI101375,2026-01-02,C1098,P3023,5,0.05,448.2,2241.0,112.05,2128.95,2026-02-16,2026-02-24
SI101376,2025-10-08,C1108,P3050,9,0.2,1957.91,17621.19,3524.24,14096.95,2025-10-23,2025-10-23
SI101377,2025-05-08,C1060,P3013,5,0.02,791.6,3958.0,79.16,3878.84,2025-05-23,2025-06-16
SI101378,2025-08-17,C1098,P3060,11,0.05,157.9,1736.9,86.85,1650.05,2025-10-01,2025-10-01
SI101379,2025-04-21,C1048,P3059,10,0.05,578.62,5786.2,289.31,5496.89,2025-05-21,2025-06-01
SI101380,2025-05-16,C1117,P3032,9,0.0,1742.31,15680.79,0.0,15680.79,2025-05-31,2025-06-27
SI101381,2025-12-28,C1099,P3050,10,0.05,1957.91,19579.1,978.96,18600.14,2026-01-27,2026-02-02
SI101382,2025-07-05,C1106,P3015,6,0.05,3965.84,23795.04,1189.75,22605.29,2025-08-04,2025-08-10
SI101383,2025-05-09,C1019,P3036,3,0.08,2524.78,7574.34,605.95,6968.39,2025-06-08,2025-06-18
SI101384,2025-09-18,C1072,P3049,4,0.1,2738.46,10953.84,1095.38,9858.46,2025-10-03,2025-10-04
SI101385,2026-05-30,C1103,P3005,4,0.08,1385.35,5541.4,443.31,5098.09,2026-06-29,2026-08-10
SI101386,2026-03-25,C1033,P3022,1,0.0,1625.31,1625.31,0.0,1625.31,2026-05-09,2026-05-09
SI101387,2025-04-14,C1044,P3016,3,0.08,2713.06,8139.18,651.13,7488.05,2025-04-29,2025-04-29
SI101388,2026-04-28,C1092,P3041,3,0.0,1655.7,4967.1,0.0,4967.1,2026-06-12,2026-06-12
SI101389,2025-08-12,C1037,P3010,1,0.08,2279.96,2279.96,182.4,2097.56,2025-09-26,
SI101390,2026-05-06,C1112,P3024,9,0.08,1395.29,12557.61,1004.61,11553.0,2026-06-20,2026-07-22
SI101391,2026-04-18,C1089,P3018,11,0.02,2434.61,26780.71,535.61,26245.1,2026-05-18,2026-05-28
SI101392,2025-01-10,C1036,P3049,1,0.1,2738.46,2738.46,273.85,2464.61,2025-02-09,2025-02-25
SI101393,2026-02-09,C1081,P3018,9,0.15,2434.61,21911.49,3286.72,18624.77,2026-03-11,2026-03-11
SI101394,2025-10-29,C1088,P3007,1,0.1,3525.77,3525.77,352.58,3173.19,2025-11-28,2025-12-09
SI101395,2025-08-19,C1021,P3004,2,0.05,2184.56,4369.12,218.46,4150.66,2025-09-18,2025-09-23
SI101396,2025-03-07,C1002,P3026,2,0.08,2009.9,4019.8,321.58,3698.22,2025-05-06,2025-06-02
SI101397,2025-04-22,C1031,P3005,6,0.15,1385.35,8312.1,1246.82,7065.28,2025-06-06,2025-06-16
SI101398,2025-01-13,C1108,P3060,7,0.05,157.9,1105.3,55.26,1050.04,2025-01-28,
SI101399,2026-01-28,C1097,P3055,11,0.1,2802.87,30831.57,3083.16,27748.41,2026-03-14,2026-04-13
SI101400,2026-05-15,C1030,P3016,1,0.0,2713.06,2713.06,0.0,2713.06,2026-06-14,2026-07-22
SI101401,2025-08-22,C1076,P3035,3,0.0,1580.55,4741.65,0.0,4741.65,2025-10-06,2025-10-26
SI101402,2025-11-10,C1044,P3026,2,0.1,2009.9,4019.8,401.98,3617.82,2025-11-25,2025-11-25
SI101403,2025-01-12,C1012,P3018,8,0.1,2434.61,19476.88,1947.69,17529.19,2025-02-11,2025-02-14
SI101404,2025-07-28,C1051,P3029,9,0.1,1017.07,9153.63,915.36,8238.27,2025-08-12,2025-08-18
SI101405,2025-01-14,C1049,P3023,2,0.15,448.2,896.4,134.46,761.94,2025-02-13,2025-02-28
SI101406,2026-02-22,C1116,P3053,2,0.0,2275.72,4551.44,0.0,4551.44,2026-03-24,2026-03-24
SI101407,2026-03-13,C1024,P3014,10,0.02,1012.57,10125.7,202.51,9923.19,2026-04-12,2026-05-10
SI101408,2026-01-12,C1024,P3015,9,0.15,3965.84,35692.56,5353.88,30338.68,2026-02-11,2026-02-11
SI101409,2025-01-20,C1060,P3049,4,0.02,2738.46,10953.84,219.08,10734.76,2025-02-04,2025-02-12
SI101410,2025-03-11,C1011,P3033,5,0.08,246.53,1232.65,98.61,1134.04,2025-04-10,2025-04-13
SI101411,2025-07-30,C1013,P3025,11,0.08,802.15,8823.65,705.89,8117.76,2025-09-13,2025-10-06
SI101412,2025-04-11,C1091,P3021,9,0.0,308.88,2779.92,0.0,2779.92,2025-05-11,2025-05-11
SI101413,2025-05-12,C1072,P3017,6,0.05,1213.79,7282.74,364.14,6918.6,2025-05-27,2025-06-14
SI101414,2026-01-16,C1074,P3023,10,0.08,448.2,4482.0,358.56,4123.44,2026-03-17,2026-03-17
SI101415,2025-05-12,C1072,P3057,9,0.15,339.43,3054.87,458.23,2596.64,2025-05-27,2025-05-27
SI101416,2025-01-20,C1064,P3043,9,0.08,3207.57,28868.13,2309.45,26558.68,2025-02-19,2025-02-19
SI101417,2026-06-20,C1020,P3017,7,0.08,1213.79,8496.53,679.72,7816.81,2026-07-05,2026-07-12
SI101418,2025-08-15,C1072,P3058,10,0.05,226.7,2267.0,113.35,2153.65,2025-08-30,2025-08-30
SI101419,2025-06-03,C1073,P3014,9,0.05,1012.57,9113.13,455.66,8657.47,2025-06-18,2025-06-18
SI101420,2026-04-14,C1071,P3029,5,0.0,1017.07,5085.35,0.0,5085.35,2026-05-14,2026-06-10
SI101421,2026-02-09,C1078,P3020,5,0.05,3394.02,16970.1,848.5,16121.6,2026-03-11,2026-03-20
SI101422,2025-07-21,C1028,P3030,8,0.0,1311.58,10492.64,0.0,10492.64,2025-09-04,2025-09-08
SI101423,2025-02-07,C1002,P3019,10,0.02,2731.93,27319.3,546.39,26772.91,2025-04-08,2025-04-10
SI101424,2025-07-07,C1043,P3053,4,0.05,2275.72,9102.88,455.14,8647.74,2025-08-06,2025-08-28
SI101425,2025-02-26,C1008,P3039,9,0.05,380.94,3428.46,171.42,3257.04,2025-04-27,2025-05-02
SI101426,2025-01-20,C1013,P3056,7,0.0,1862.7,13038.9,0.0,13038.9,2025-03-06,2025-04-08
SI101427,2025-09-30,C1085,P3013,7,0.08,791.6,5541.2,443.3,5097.9,2025-11-29,2025-12-04
SI101428,2025-04-29,C1111,P3018,3,0.08,2434.61,7303.83,584.31,6719.52,2025-05-29,2025-05-29
SI101429,2026-05-31,C1092,P3023,4,0.0,448.2,1792.8,0.0,1792.8,2026-07-15,2026-07-24
SI101430,2025-08-09,C1035,P3046,7,0.2,2017.69,14123.83,2824.77,11299.06,2025-09-08,2025-09-26
SI101431,2026-06-10,C1023,P3033,11,0.0,246.53,2711.83,0.0,2711.83,2026-06-25,2026-07-19
SI101432,2026-05-30,C1046,P3039,11,0.15,380.94,4190.34,628.55,3561.79,2026-06-14,2026-07-12
SI101433,2025-12-02,C1015,P3040,5,0.0,2880.96,14404.8,0.0,14404.8,2026-01-01,
SI101434,2025-02-24,C1002,P3018,3,0.15,2434.61,7303.83,1095.57,6208.26,2025-04-25,2025-04-25
SI101435,2026-05-15,C1061,P3009,1,0.0,939.78,939.78,0.0,939.78,2026-05-30,2026-07-03
SI101436,2026-06-20,C1115,P3033,7,0.1,246.53,1725.71,172.57,1553.14,2026-07-05,2026-07-05
SI101437,2025-06-11,C1076,P3032,6,0.05,1742.31,10453.86,522.69,9931.17,2025-07-26,2025-07-26
SI101438,2025-06-08,C1064,P3054,10,0.1,1517.45,15174.5,1517.45,13657.05,2025-07-08,2025-07-14
SI101439,2025-07-07,C1052,P3017,7,0.05,1213.79,8496.53,424.83,8071.7,2025-07-22,2025-08-12
SI101440,2025-03-01,C1036,P3019,2,0.0,2731.93,5463.86,0.0,5463.86,2025-03-31,2025-04-08
SI101441,2025-11-15,C1067,P3027,4,0.1,1582.59,6330.36,633.04,5697.32,2025-12-15,2025-12-18
SI101442,2025-07-30,C1069,P3006,2,0.0,269.22,538.44,0.0,538.44,2025-09-13,2025-09-19
SI101443,2026-02-10,C1067,P3035,8,0.15,1580.55,12644.4,1896.66,10747.74,2026-03-12,
SI101444,2025-04-19,C1047,P3056,7,0.0,1862.7,13038.9,0.0,13038.9,2025-05-19,2025-06-15
SI101445,2025-03-17,C1083,P3037,1,0.05,1078.42,1078.42,53.92,1024.5,2025-05-01,2025-05-16
SI101446,2026-06-26,C1002,P3034,2,0.1,1214.64,2429.28,242.93,2186.35,2026-08-25,2026-09-13
SI101447,2025-11-10,C1044,P3020,2,0.05,3394.02,6788.04,339.4,6448.64,2025-11-25,2025-12-29
SI101448,2025-04-27,C1101,P3025,4,0.02,802.15,3208.6,64.17,3144.43,2025-05-27,2025-05-30
SI101449,2025-01-19,C1064,P3004,3,0.1,2184.56,6553.68,655.37,5898.31,2025-02-18,2025-03-01
SI101450,2026-03-08,C1118,P3010,1,0.1,2279.96,2279.96,228.0,2051.96,2026-04-07,2026-04-12
SI101451,2025-12-16,C1081,P3010,2,0.15,2279.96,4559.92,683.99,3875.93,2026-01-15,2026-01-19
SI101452,2025-07-02,C1078,P3024,11,0.05,1395.29,15348.19,767.41,14580.78,2025-08-01,2025-08-08
SI101453,2025-04-23,C1028,P3021,9,0.05,308.88,2779.92,139.0,2640.92,2025-06-07,2025-06-23
SI101454,2025-07-02,C1091,P3011,1,0.05,335.11,335.11,16.76,318.35,2025-08-01,2025-08-07
SI101455,2026-04-26,C1054,P3027,9,0.02,1582.59,14243.31,284.87,13958.44,2026-05-26,2026-06-04
SI101456,2025-05-26,C1074,P3016,7,0.1,2713.06,18991.42,1899.14,17092.28,2025-07-25,
SI101457,2025-04-23,C1067,P3026,2,0.05,2009.9,4019.8,200.99,3818.81,2025-05-23,2025-06-12
SI101458,2026-04-21,C1036,P3030,2,0.05,1311.58,2623.16,131.16,2492.0,2026-05-21,2026-05-31
SI101459,2025-10-30,C1102,P3049,5,0.05,2738.46,13692.3,684.62,13007.68,2025-11-29,2025-12-25
SI101460,2025-04-28,C1120,P3016,5,0.08,2713.06,13565.3,1085.22,12480.08,2025-05-28,2025-05-31
SI101461,2025-06-10,C1063,P3007,4,0.15,3525.77,14103.08,2115.46,11987.62,2025-07-10,2025-08-14
SI101462,2026-02-05,C1025,P3016,10,0.08,2713.06,27130.6,2170.45,24960.15,2026-03-22,2026-03-22
SI101463,2025-07-17,C1086,P3035,10,0.05,1580.55,15805.5,790.28,15015.22,2025-08-31,2025-08-31
SI101464,2025-09-17,C1048,P3058,3,0.1,226.7,680.1,68.01,612.09,2025-10-17,2025-10-22
SI101465,2025-02-16,C1039,P3016,4,0.08,2713.06,10852.24,868.18,9984.06,2025-04-02,2025-05-09
SI101466,2026-02-03,C1047,P3040,10,0.0,2880.96,28809.6,0.0,28809.6,2026-03-05,2026-03-25
SI101467,2025-03-19,C1094,P3012,4,0.0,626.03,2504.12,0.0,2504.12,2025-04-03,2025-04-06
SI101468,2025-05-04,C1021,P3035,2,0.0,1580.55,3161.1,0.0,3161.1,2025-06-03,2025-06-07
SI101469,2025-03-16,C1030,P3049,5,0.05,2738.46,13692.3,684.62,13007.68,2025-04-15,2025-04-24
SI101470,2025-05-17,C1092,P3021,5,0.1,308.88,1544.4,154.44,1389.96,2025-07-01,2025-07-02
SI101471,2026-02-04,C1031,P3050,5,0.05,1957.91,9789.55,489.48,9300.07,2026-03-21,2026-03-30
SI101472,2026-05-20,C1116,P3043,11,0.05,3207.57,35283.27,1764.16,33519.11,2026-06-19,2026-07-13
SI101473,2026-05-15,C1026,P3036,11,0.15,2524.78,27772.58,4165.89,23606.69,2026-06-29,2026-07-13
SI101474,2025-05-18,C1107,P3048,10,0.1,1671.29,16712.9,1671.29,15041.61,2025-06-17,2025-07-19
SI101475,2025-02-19,C1022,P3017,1,0.08,1213.79,1213.79,97.1,1116.69,2025-04-20,2025-05-02
SI101476,2025-09-11,C1021,P3032,6,0.02,1742.31,10453.86,209.08,10244.78,2025-10-11,2025-10-13
SI101477,2026-03-02,C1001,P3041,11,0.0,1655.7,18212.7,0.0,18212.7,2026-05-01,2026-05-24
SI101478,2026-07-01,C1037,P3006,2,0.0,269.22,538.44,0.0,538.44,2026-08-15,2026-09-14
SI101479,2025-10-29,C1077,P3024,7,0.0,1395.29,9767.03,0.0,9767.03,2025-11-28,2025-12-04
SI101480,2025-12-15,C1085,P3027,4,0.05,1582.59,6330.36,316.52,6013.84,2026-02-13,
SI101481,2025-02-18,C1046,P3020,5,0.08,3394.02,16970.1,1357.61,15612.49,2025-03-05,2025-03-08
SI101482,2025-03-15,C1009,P3025,5,0.0,802.15,4010.75,0.0,4010.75,2025-05-14,2025-05-19
SI101483,2025-09-18,C1017,P3002,5,0.02,3041.97,15209.85,304.2,14905.65,2025-11-17,2025-11-17
SI101484,2025-12-22,C1047,P3009,2,0.02,939.78,1879.56,37.59,1841.97,2026-01-21,2026-01-22
SI101485,2025-09-17,C1085,P3028,5,0.08,925.58,4627.9,370.23,4257.67,2025-11-16,2025-12-09
SI101486,2025-10-22,C1095,P3053,3,0.08,2275.72,6827.16,546.17,6280.99,2025-11-06,2025-11-11
SI101487,2025-11-09,C1103,P3038,4,0.08,595.11,2380.44,190.44,2190.0,2025-12-09,2025-12-09
SI101488,2025-07-01,C1059,P3003,2,0.02,3501.32,7002.64,140.05,6862.59,2025-07-31,2025-08-03
SI101489,2025-12-30,C1054,P3020,4,0.05,3394.02,13576.08,678.8,12897.28,2026-01-29,2026-01-29
SI101490,2025-07-07,C1086,P3006,9,0.0,269.22,2422.98,0.0,2422.98,2025-08-21,2025-08-25
SI101491,2026-06-27,C1012,P3039,8,0.02,380.94,3047.52,60.95,2986.57,2026-07-27,2026-08-31
SI101492,2026-07-02,C1064,P3033,11,0.15,246.53,2711.83,406.77,2305.06,2026-08-01,2026-08-26
SI101493,2026-02-12,C1119,P3055,3,0.2,2802.87,8408.61,1681.72,6726.89,2026-04-13,2026-04-24
SI101494,2026-02-18,C1006,P3001,1,0.08,1380.63,1380.63,110.45,1270.18,2026-04-19,2026-05-02
SI101495,2025-12-08,C1053,P3037,1,0.15,1078.42,1078.42,161.76,916.66,2026-01-22,2026-01-23
SI101496,2025-08-08,C1016,P3006,6,0.08,269.22,1615.32,129.23,1486.09,2025-09-07,2025-09-17
SI101497,2025-06-12,C1090,P3045,3,0.0,2906.1,8718.3,0.0,8718.3,2025-07-12,2025-07-21
SI101498,2025-08-08,C1005,P3034,4,0.2,1214.64,4858.56,971.71,3886.85,2025-08-23,2025-09-06
SI101499,2025-09-27,C1073,P3047,1,0.0,722.13,722.13,0.0,722.13,2025-10-12,2025-10-15
SI101500,2026-02-04,C1046,P3015,8,0.08,3965.84,31726.72,2538.14,29188.58,2026-02-19,
SI101501,2025-07-01,C1104,P3045,1,0.02,2906.1,2906.1,58.12,2847.98,2025-07-31,2025-09-12
SI101502,2025-07-24,C1014,P3026,5,0.05,2009.9,10049.5,502.48,9547.02,2025-08-23,2025-08-28
SI101503,2025-08-16,C1044,P3057,6,0.08,339.43,2036.58,162.93,1873.65,2025-08-31,2025-09-15
SI101504,2025-09-07,C1063,P3014,2,0.05,1012.57,2025.14,101.26,1923.88,2025-10-07,2025-10-26
SI101505,2026-03-17,C1106,P3058,7,0.02,226.7,1586.9,31.74,1555.16,2026-04-16,2026-04-16
SI101506,2026-06-17,C1094,P3054,7,0.05,1517.45,10622.15,531.11,10091.04,2026-07-02,2026-07-02
SI101507,2025-07-15,C1052,P3007,1,0.05,3525.77,3525.77,176.29,3349.48,2025-07-30,2025-08-11
SI101508,2026-06-03,C1116,P3046,4,0.2,2017.69,8070.76,1614.15,6456.61,2026-07-03,2026-08-06
SI101509,2025-03-11,C1026,P3058,4,0.1,226.7,906.8,90.68,816.12,2025-04-25,
SI101510,2026-02-03,C1053,P3031,5,0.05,1098.22,5491.1,274.56,5216.54,2026-03-20,2026-03-20
SI101511,2025-07-22,C1109,P3024,1,0.02,1395.29,1395.29,27.91,1367.38,2025-08-21,2025-08-24
SI101512,2025-05-28,C1029,P3059,1,0.1,578.62,578.62,57.86,520.76,2025-06-27,2025-06-28
SI101513,2026-04-17,C1019,P3031,7,0.02,1098.22,7687.54,153.75,7533.79,2026-05-17,2026-05-17
SI101514,2025-07-18,C1047,P3029,9,0.02,1017.07,9153.63,183.07,8970.56,2025-08-17,2025-09-04
SI101515,2026-03-02,C1008,P3042,1,0.05,2136.42,2136.42,106.82,2029.6,2026-05-01,2026-05-01
SI101516,2026-05-07,C1023,P3032,2,0.15,1742.31,3484.62,522.69,2961.93,2026-05-22,2026-05-29
SI101517,2025-05-22,C1117,P3017,6,0.02,1213.79,7282.74,145.65,7137.09,2025-06-06,2025-06-22
SI101518,2025-11-09,C1106,P3014,6,0.02,1012.57,6075.42,121.51,5953.91,2025-12-09,2025-12-17
SI101519,2025-06-14,C1035,P3040,2,0.05,2880.96,5761.92,288.1,5473.82,2025-07-14,2025-07-30
SI101520,2025-11-10,C1095,P3036,9,0.05,2524.78,22723.02,1136.15,21586.87,2025-11-25,2025-12-05
SI101521,2025-01-21,C1053,P3058,4,0.08,226.7,906.8,72.54,834.26,2025-03-07,
SI101522,2025-03-23,C1099,P3048,7,0.05,1671.29,11699.03,584.95,11114.08,2025-04-22,2025-04-30
SI101523,2025-05-11,C1096,P3024,6,0.05,1395.29,8371.74,418.59,7953.15,2025-05-26,2025-06-05
SI101524,2025-11-01,C1058,P3045,11,0.0,2906.1,31967.1,0.0,31967.1,2025-12-01,2025-12-01
SI101525,2026-01-06,C1005,P3054,11,0.02,1517.45,16691.95,333.84,16358.11,2026-01-21,2026-01-21
SI101526,2026-01-19,C1016,P3027,3,0.1,1582.59,4747.77,474.78,4272.99,2026-02-18,2026-03-25
SI101527,2026-03-21,C1017,P3025,8,0.15,802.15,6417.2,962.58,5454.62,2026-05-20,2026-06-05
SI101528,2026-03-01,C1032,P3059,7,0.02,578.62,4050.34,81.01,3969.33,2026-04-15,2026-04-22
SI101529,2025-06-10,C1102,P3032,9,0.0,1742.31,15680.79,0.0,15680.79,2025-07-10,2025-07-10
SI101530,2025-06-27,C1096,P3052,3,0.0,1201.09,3603.27,0.0,3603.27,2025-07-12,2025-07-12
SI101531,2026-05-05,C1052,P3018,1,0.08,2434.61,2434.61,194.77,2239.84,2026-05-20,
SI101532,2025-11-23,C1020,P3046,2,0.08,2017.69,4035.38,322.83,3712.55,2025-12-08,2025-12-08
SI101533,2025-10-16,C1112,P3018,11,0.05,2434.61,26780.71,1339.04,25441.67,2025-11-30,2025-11-30
SI101534,2025-12-20,C1120,P3037,1,0.08,1078.42,1078.42,86.27,992.15,2026-01-19,2026-01-23
SI101535,2025-01-28,C1066,P3026,11,0.08,2009.9,22108.9,1768.71,20340.19,2025-03-29,2025-03-29
SI101536,2025-02-12,C1084,P3009,5,0.15,939.78,4698.9,704.83,3994.07,2025-03-14,2025-04-11
SI101537,2026-02-27,C1111,P3060,10,0.0,157.9,1579.0,0.0,1579.0,2026-03-29,2026-03-31
SI101538,2025-06-26,C1082,P3035,2,0.02,1580.55,3161.1,63.22,3097.88,2025-08-10,2025-08-10
SI101539,2026-06-13,C1001,P3008,3,0.0,3538.95,10616.85,0.0,10616.85,2026-08-12,2026-08-20
SI101540,2026-05-09,C1058,P3020,8,0.15,3394.02,27152.16,4072.82,23079.34,2026-06-08,
SI101541,2025-07-17,C1093,P3054,10,0.1,1517.45,15174.5,1517.45,13657.05,2025-08-01,2025-08-01
SI101542,2026-06-01,C1093,P3042,5,0.08,2136.42,10682.1,854.57,9827.53,2026-06-16,2026-06-29
SI101543,2026-05-29,C1083,P3022,4,0.0,1625.31,6501.24,0.0,6501.24,2026-07-13,2026-07-14
SI101544,2025-01-22,C1044,P3019,5,0.05,2731.93,13659.65,682.98,12976.67,2025-02-06,2025-02-06
SI101545,2025-04-22,C1104,P3030,10,0.05,1311.58,13115.8,655.79,12460.01,2025-05-22,2025-05-24
SI101546,2025-02-26,C1006,P3053,6,0.08,2275.72,13654.32,1092.35,12561.97,2025-04-27,2025-05-03
SI101547,2025-03-07,C1108,P3028,7,0.02,925.58,6479.06,129.58,6349.48,2025-03-22,2025-03-22
SI101548,2025-04-08,C1103,P3035,9,0.0,1580.55,14224.95,0.0,14224.95,2025-05-08,2025-05-16
SI101549,2025-05-24,C1050,P3043,1,0.1,3207.57,3207.57,320.76,2886.81,2025-06-23,2025-06-23
SI101550,2026-03-11,C1118,P3011,4,0.05,335.11,1340.44,67.02,1273.42,2026-04-10,2026-04-10
SI101551,2025-03-27,C1110,P3031,9,0.05,1098.22,9883.98,494.2,9389.78,2025-04-26,2025-04-29
SI101552,2025-12-10,C1072,P3049,5,0.02,2738.46,13692.3,273.85,13418.45,2025-12-25,2026-01-26
SI101553,2025-10-21,C1088,P3048,8,0.1,1671.29,13370.32,1337.03,12033.29,2025-11-20,2025-12-03
SI101554,2025-08-31,C1020,P3039,1,0.08,380.94,380.94,30.48,350.46,2025-09-15,2025-10-26
SI101555,2025-02-01,C1118,P3036,4,0.15,2524.78,10099.12,1514.87,8584.25,2025-03-03,2025-03-03
SI101556,2026-01-26,C1014,P3030,9,0.05,1311.58,11804.22,590.21,11214.01,2026-02-25,2026-02-28
SI101557,2025-10-04,C1005,P3023,1,0.2,448.2,448.2,89.64,358.56,2025-10-19,2025-10-19
SI101558,2026-06-16,C1041,P3019,1,0.15,2731.93,2731.93,409.79,2322.14,2026-07-31,2026-07-31
SI101559,2025-06-03,C1040,P3012,4,0.08,626.03,2504.12,200.33,2303.79,2025-07-18,
SI101560,2026-01-18,C1034,P3015,3,0.15,3965.84,11897.52,1784.63,10112.89,2026-03-19,2026-03-19
SI101561,2025-03-09,C1080,P3031,7,0.05,1098.22,7687.54,384.38,7303.16,2025-04-08,2025-04-24
SI101562,2025-08-02,C1045,P3043,11,0.05,3207.57,35283.27,1764.16,33519.11,2025-09-01,2025-09-11
SI101563,2026-01-11,C1071,P3037,3,0.0,1078.42,3235.26,0.0,3235.26,2026-02-10,2026-02-19
SI101564,2025-08-01,C1080,P3037,1,0.08,1078.42,1078.42,86.27,992.15,2025-08-31,2025-08-31
SI101565,2025-03-20,C1071,P3015,11,0.1,3965.84,43624.24,4362.42,39261.82,2025-04-19,2025-04-19
SI101566,2026-01-16,C1027,P3029,10,0.1,1017.07,10170.7,1017.07,9153.63,2026-03-02,2026-04-01
SI101567,2025-02-27,C1078,P3050,2,0.02,1957.91,3915.82,78.32,3837.5,2025-03-29,2025-03-29
SI101568,2025-01-26,C1078,P3043,10,0.05,3207.57,32075.7,1603.78,30471.92,2025-02-25,2025-02-25
SI101569,2026-03-23,C1044,P3026,4,0.02,2009.9,8039.6,160.79,7878.81,2026-04-07,2026-04-07
SI101570,2025-03-07,C1033,P3044,1,0.08,450.62,450.62,36.05,414.57,2025-04-21,2025-05-13
SI101571,2025-09-11,C1033,P3002,1,0.02,3041.97,3041.97,60.84,2981.13,2025-10-26,
SI101572,2025-02-13,C1044,P3020,8,0.15,3394.02,27152.16,4072.82,23079.34,2025-02-28,2025-03-05
SI101573,2025-04-07,C1020,P3015,7,0.02,3965.84,27760.88,555.22,27205.66,2025-04-22,2025-04-24
SI101574,2025-08-15,C1117,P3052,8,0.05,1201.09,9608.72,480.44,9128.28,2025-08-30,2025-09-05
SI101575,2026-03-12,C1111,P3004,4,0.15,2184.56,8738.24,1310.74,7427.5,2026-04-11,2026-04-11
SI101576,2026-01-14,C1036,P3022,6,0.05,1625.31,9751.86,487.59,9264.27,2026-02-13,2026-02-15
SI101577,2025-06-27,C1007,P3050,3,0.0,1957.91,5873.73,0.0,5873.73,2025-07-27,2025-08-04
SI101578,2026-03-03,C1032,P3038,11,0.05,595.11,6546.21,327.31,6218.9,2026-04-17,2026-04-17
SI101579,2025-11-03,C1112,P3023,8,0.0,448.2,3585.6,0.0,3585.6,2025-12-18,2026-01-02
SI101580,2026-05-19,C1067,P3059,4,0.2,578.62,2314.48,462.9,1851.58,2026-06-18,2026-07-25
SI101581,2025-09-25,C1039,P3026,3,0.08,2009.9,6029.7,482.38,5547.32,2025-11-09,2025-11-19
SI101582,2025-01-08,C1093,P3051,4,0.02,3798.59,15194.36,303.89,14890.47,2025-01-23,2025-02-18
SI101583,2026-05-23,C1024,P3011,6,0.08,335.11,2010.66,160.85,1849.81,2026-06-22,2026-06-22
SI101584,2026-04-21,C1086,P3028,11,0.0,925.58,10181.38,0.0,10181.38,2026-06-05,
SI101585,2025-10-24,C1070,P3056,7,0.1,1862.7,13038.9,1303.89,11735.01,2025-11-23,2025-11-23
SI101586,2025-06-13,C1112,P3002,7,0.15,3041.97,21293.79,3194.07,18099.72,2025-07-28,2025-07-30
SI101587,2026-04-30,C1088,P3059,4,0.15,578.62,2314.48,347.17,1967.31,2026-05-30,2026-05-30
SI101588,2025-03-13,C1104,P3008,8,0.05,3538.95,28311.6,1415.58,26896.02,2025-04-12,2025-04-21
SI101589,2025-08-26,C1087,P3029,7,0.05,1017.07,7119.49,355.97,6763.52,2025-09-25,2025-09-25
SI101590,2025-04-14,C1054,P3011,2,0.0,335.11,670.22,0.0,670.22,2025-05-14,2025-05-19
SI101591,2025-07-29,C1038,P3037,8,0.08,1078.42,8627.36,690.19,7937.17,2025-08-28,
SI101592,2026-04-13,C1074,P3018,9,0.08,2434.61,21911.49,1752.92,20158.57,2026-06-12,2026-06-12
SI101593,2026-03-30,C1080,P3055,5,0.05,2802.87,14014.35,700.72,13313.63,2026-04-29,
SI101594,2025-09-25,C1075,P3050,4,0.15,1957.91,7831.64,1174.75,6656.89,2025-11-09,2025-11-09
SI101595,2026-01-21,C1032,P3014,4,0.02,1012.57,4050.28,81.01,3969.27,2026-03-07,2026-03-17
SI101596,2026-01-22,C1045,P3054,4,0.0,1517.45,6069.8,0.0,6069.8,2026-02-21,2026-02-21
SI101597,2025-09-16,C1061,P3010,6,0.0,2279.96,13679.76,0.0,13679.76,2025-10-01,2025-10-15
SI101598,2025-10-10,C1070,P3035,11,0.02,1580.55,17386.05,347.72,17038.33,2025-11-09,2025-11-22
SI101599,2025-02-09,C1088,P3009,4,0.0,939.78,3759.12,0.0,3759.12,2025-03-11,2025-03-20
SI101600,2026-05-01,C1097,P3035,7,0.05,1580.55,11063.85,553.19,10510.66,2026-06-15,2026-06-15
SI101601,2025-08-08,C1053,P3011,7,0.05,335.11,2345.77,117.29,2228.48,2025-09-22,2025-09-22
SI101602,2025-05-09,C1051,P3044,5,0.02,450.62,2253.1,45.06,2208.04,2025-05-24,2025-06-14
SI101603,2026-06-04,C1076,P3012,5,0.1,626.03,3130.15,313.02,2817.13,2026-07-19,2026-08-03
SI101604,2025-09-17,C1056,P3003,10,0.02,3501.32,35013.2,700.26,34312.94,2025-10-17,
SI101605,2026-01-01,C1027,P3053,8,0.08,2275.72,18205.76,1456.46,16749.3,2026-02-15,2026-02-15
SI101606,2026-06-28,C1038,P3039,7,0.05,380.94,2666.58,133.33,2533.25,2026-07-28,2026-07-28
SI101607,2026-06-08,C1062,P3014,7,0.05,1012.57,7087.99,354.4,6733.59,2026-07-08,2026-08-15
SI101608,2025-01-16,C1018,P3056,6,0.15,1862.7,11176.2,1676.43,9499.77,2025-03-02,2025-03-11
SI101609,2025-05-09,C1109,P3028,7,0.0,925.58,6479.06,0.0,6479.06,2025-06-08,2025-06-08
SI101610,2025-04-19,C1103,P3011,7,0.05,335.11,2345.77,117.29,2228.48,2025-05-19,2025-05-19
SI101611,2026-06-17,C1064,P3039,10,0.15,380.94,3809.4,571.41,3237.99,2026-07-17,2026-07-17
SI101612,2025-09-26,C1119,P3025,2,0.08,802.15,1604.3,128.34,1475.96,2025-11-25,2025-11-25
SI101613,2025-06-11,C1077,P3021,10,0.05,308.88,3088.8,154.44,2934.36,2025-07-11,2025-08-03
SI101614,2025-09-17,C1117,P3010,2,0.05,2279.96,4559.92,228.0,4331.92,2025-10-02,2025-10-31
SI101615,2025-04-12,C1104,P3043,10,0.08,3207.57,32075.7,2566.06,29509.64,2025-05-12,2025-05-12
SI101616,2026-05-21,C1030,P3015,7,0.15,3965.84,27760.88,4164.13,23596.75,2026-06-20,2026-06-22
SI101617,2025-09-04,C1117,P3019,10,0.0,2731.93,27319.3,0.0,27319.3,2025-09-19,2025-10-27
SI101618,2026-06-21,C1049,P3048,7,0.0,1671.29,11699.03,0.0,11699.03,2026-07-21,2026-08-22
SI101619,2025-05-11,C1041,P3022,7,0.05,1625.31,11377.17,568.86,10808.31,2025-06-25,2025-06-28
SI101620,2025-12-19,C1116,P3021,5,0.02,308.88,1544.4,30.89,1513.51,2026-01-18,2026-01-21
SI101621,2025-07-15,C1013,P3060,1,0.02,157.9,157.9,3.16,154.74,2025-08-29,2025-08-29
SI101622,2026-01-17,C1034,P3052,2,0.02,1201.09,2402.18,48.04,2354.14,2026-03-18,2026-04-09
SI101623,2025-08-15,C1100,P3044,9,0.02,450.62,4055.58,81.11,3974.47,2025-08-30,2025-09-05
SI101624,2026-04-21,C1094,P3032,8,0.02,1742.31,13938.48,278.77,13659.71,2026-05-06,2026-06-11
SI101625,2026-04-22,C1025,P3050,8,0.15,1957.91,15663.28,2349.49,13313.79,2026-06-06,2026-06-06
SI101626,2025-09-22,C1066,P3023,10,0.02,448.2,4482.0,89.64,4392.36,2025-11-21,2025-11-23
SI101627,2026-01-07,C1100,P3013,1,0.02,791.6,791.6,15.83,775.77,2026-01-22,2026-01-22
SI101628,2026-05-01,C1018,P3005,6,0.02,1385.35,8312.1,166.24,8145.86,2026-06-15,2026-07-12
SI101629,2026-03-10,C1005,P3004,9,0.15,2184.56,19661.04,2949.16,16711.88,2026-03-25,2026-04-06
SI101630,2025-07-30,C1019,P3028,8,0.1,925.58,7404.64,740.46,6664.18,2025-08-29,2025-09-29
SI101631,2026-01-12,C1042,P3014,3,0.1,1012.57,3037.71,303.77,2733.94,2026-02-11,2026-02-11
SI101632,2026-01-30,C1018,P3008,4,0.0,3538.95,14155.8,0.0,14155.8,2026-03-16,
SI101633,2026-03-26,C1032,P3009,3,0.1,939.78,2819.34,281.93,2537.41,2026-05-10,2026-05-10
SI101634,2025-12-30,C1021,P3057,6,0.05,339.43,2036.58,101.83,1934.75,2026-01-29,2026-02-12
SI101635,2026-04-02,C1010,P3051,9,0.02,3798.59,34187.31,683.75,33503.56,2026-05-17,2026-05-19
SI101636,2025-08-14,C1037,P3035,8,0.08,1580.55,12644.4,1011.55,11632.85,2025-09-28,2025-09-28
SI101637,2025-05-11,C1049,P3037,10,0.1,1078.42,10784.2,1078.42,9705.78,2025-06-10,2025-06-12
SI101638,2026-04-21,C1086,P3021,4,0.1,308.88,1235.52,123.55,1111.97,2026-06-05,2026-06-14
SI101639,2025-10-04,C1013,P3058,2,0.15,226.7,453.4,68.01,385.39,2025-11-18,2025-11-24
SI101640,2025-06-05,C1055,P3018,8,0.15,2434.61,19476.88,2921.53,16555.35,2025-06-20,2025-06-20
SI101641,2025-08-06,C1017,P3033,8,0.02,246.53,1972.24,39.44,1932.8,2025-10-05,2025-10-05
SI101642,2025-07-09,C1009,P3008,11,0.05,3538.95,38928.45,1946.42,36982.03,2025-09-07,2025-09-22
SI101643,2026-02-21,C1088,P3051,6,0.0,3798.59,22791.54,0.0,22791.54,2026-03-23,2026-03-23
SI101644,2026-06-30,C1044,P3049,8,0.15,2738.46,21907.68,3286.15,18621.53,2026-07-15,2026-07-31
SI101645,2025-02-10,C1078,P3017,9,0.02,1213.79,10924.11,218.48,10705.63,2025-03-12,2025-03-26
SI101646,2025-11-03,C1046,P3043,1,0.15,3207.57,3207.57,481.14,2726.43,2025-11-18,
SI101647,2025-12-04,C1008,P3031,9,0.05,1098.22,9883.98,494.2,9389.78,2026-02-02,
SI101648,2025-11-10,C1119,P3034,2,0.05,1214.64,2429.28,121.46,2307.82,2026-01-09,2026-01-14
SI101649,2025-03-16,C1037,P3006,1,0.0,269.22,269.22,0.0,269.22,2025-04-30,2025-05-13
SI101650,2025-10-06,C1019,P3022,8,0.05,1625.31,13002.48,650.12,12352.36,2025-11-05,2025-11-20
SI101651,2025-06-25,C1063,P3014,8,0.15,1012.57,8100.56,1215.08,6885.48,2025-07-25,2025-08-26
SI101652,2025-09-30,C1092,P3003,11,0.0,3501.32,38514.52,0.0,38514.52,2025-11-14,2025-11-22
SI101653,2025-10-16,C1046,P3012,4,0.05,626.03,2504.12,125.21,2378.91,2025-10-31,
SI101654,2025-09-29,C1105,P3036,8,0.0,2524.78,20198.24,0.0,20198.24,2025-10-29,2025-10-29
SI101655,2025-03-07,C1094,P3012,7,0.05,626.03,4382.21,219.11,4163.1,2025-03-22,2025-03-22
SI101656,2026-04-28,C1071,P3045,2,0.02,2906.1,5812.2,116.24,5695.96,2026-05-28,2026-06-09
SI101657,2025-09-05,C1026,P3002,5,0.02,3041.97,15209.85,304.2,14905.65,2025-10-20,
SI101658,2025-06-05,C1104,P3002,10,0.15,3041.97,30419.7,4562.96,25856.74,2025-07-05,2025-07-18
SI101659,2025-02-16,C1046,P3015,4,0.05,3965.84,15863.36,793.17,15070.19,2025-03-03,2025-03-17
SI101660,2026-03-30,C1118,P3023,3,0.05,448.2,1344.6,67.23,1277.37,2026-04-29,2026-04-29
SI101661,2025-07-20,C1046,P3029,1,0.08,1017.07,1017.07,81.37,935.7,2025-08-04,2025-08-08
SI101662,2025-05-04,C1075,P3017,5,0.02,1213.79,6068.95,121.38,5947.57,2025-06-18,2025-06-22
SI101663,2025-01-01,C1014,P3032,10,0.02,1742.31,17423.1,348.46,17074.64,2025-01-31,2025-02-01
SI101664,2025-07-10,C1085,P3007,8,0.08,3525.77,28206.16,2256.49,25949.67,2025-09-08,2025-09-08
SI101665,2026-05-31,C1063,P3030,9,0.02,1311.58,11804.22,236.08,11568.14,2026-06-30,2026-07-16
SI101666,2026-03-18,C1072,P3028,7,0.08,925.58,6479.06,518.32,5960.74,2026-04-02,2026-04-07
SI101667,2025-05-23,C1003,P3014,11,0.05,1012.57,11138.27,556.91,10581.36,2025-07-22,2025-08-16
SI101668,2025-07-10,C1028,P3044,1,0.1,450.62,450.62,45.06,405.56,2025-08-24,2025-08-24
SI101669,2026-06-17,C1029,P3030,1,0.2,1311.58,1311.58,262.32,1049.26,2026-07-17,2026-07-28
SI101670,2025-08-15,C1087,P3017,1,0.0,1213.79,1213.79,0.0,1213.79,2025-09-14,2025-09-14
SI101671,2025-11-09,C1018,P3032,2,0.05,1742.31,3484.62,174.23,3310.39,2025-12-24,2026-01-02
SI101672,2025-10-29,C1035,P3046,1,0.05,2017.69,2017.69,100.88,1916.81,2025-11-28,2025-12-07
SI101673,2026-04-05,C1077,P3006,4,0.02,269.22,1076.88,21.54,1055.34,2026-05-05,2026-05-05
SI101674,2026-02-05,C1076,P3051,10,0.1,3798.59,37985.9,3798.59,34187.31,2026-03-22,2026-03-29
SI101675,2026-01-28,C1047,P3024,9,0.1,1395.29,12557.61,1255.76,11301.85,2026-02-27,2026-03-05
SI101676,2025-07-26,C1114,P3006,4,0.05,269.22,1076.88,53.84,1023.04,2025-08-25,2025-08-29
SI101677,2025-07-29,C1005,P3027,4,0.08,1582.59,6330.36,506.43,5823.93,2025-08-13,2025-08-17
SI101678,2025-04-25,C1103,P3018,7,0.0,2434.61,17042.27,0.0,17042.27,2025-05-25,2025-05-30
SI101679,2025-09-08,C1075,P3024,11,0.08,1395.29,15348.19,1227.86,14120.33,2025-10-23,2025-10-28
SI101680,2025-08-07,C1059,P3037,9,0.1,1078.42,9705.78,970.58,8735.2,2025-09-06,2025-09-11
SI101681,2026-02-11,C1075,P3056,7,0.08,1862.7,13038.9,1043.11,11995.79,2026-03-28,2026-03-28
SI101682,2026-03-19,C1059,P3024,1,0.02,1395.29,1395.29,27.91,1367.38,2026-04-18,2026-04-20
SI101683,2025-12-20,C1111,P3038,1,0.08,595.11,595.11,47.61,547.5,2026-01-19,2026-02-16
SI101684,2025-05-22,C1106,P3034,4,0.05,1214.64,4858.56,242.93,4615.63,2025-06-21,2025-06-26
SI101685,2026-05-16,C1047,P3040,4,0.08,2880.96,11523.84,921.91,10601.93,2026-06-15,2026-07-20
SI101686,2026-07-01,C1095,P3047,1,0.05,722.13,722.13,36.11,686.02,2026-07-16,2026-07-26
SI101687,2026-06-26,C1095,P3015,6,0.05,3965.84,23795.04,1189.75,22605.29,2026-07-11,2026-07-11
SI101688,2026-05-22,C1013,P3011,10,0.08,335.11,3351.1,268.09,3083.01,2026-07-06,2026-07-08
SI101689,2025-10-08,C1078,P3022,2,0.15,1625.31,3250.62,487.59,2763.03,2025-11-07,2025-11-08
SI101690,2026-02-28,C1113,P3054,11,0.0,1517.45,16691.95,0.0,16691.95,2026-04-14,2026-04-18
SI101691,2025-09-27,C1109,P3024,5,0.15,1395.29,6976.45,1046.47,5929.98,2025-10-27,2025-10-31
SI101692,2025-06-03,C1106,P3001,8,0.05,1380.63,11045.04,552.25,10492.79,2025-07-03,2025-07-13
SI101693,2025-03-24,C1089,P3018,3,0.08,2434.61,7303.83,584.31,6719.52,2025-04-23,2025-04-29
SI101694,2026-03-02,C1033,P3044,9,0.15,450.62,4055.58,608.34,3447.24,2026-04-16,2026-05-02
SI101695,2025-10-02,C1097,P3012,7,0.05,626.03,4382.21,219.11,4163.1,2025-11-16,2025-11-22
SI101696,2025-10-11,C1062,P3057,9,0.1,339.43,3054.87,305.49,2749.38,2025-11-10,2025-11-10
SI101697,2025-06-22,C1079,P3043,1,0.02,3207.57,3207.57,64.15,3143.42,2025-07-22,2025-07-22
SI101698,2025-11-23,C1016,P3028,5,0.02,925.58,4627.9,92.56,4535.34,2025-12-23,2026-01-02
SI101699,2025-03-04,C1044,P3040,3,0.08,2880.96,8642.88,691.43,7951.45,2025-03-19,2025-03-19
SI101700,2025-03-14,C1058,P3060,4,0.15,157.9,631.6,94.74,536.86,2025-04-13,2025-04-13
SI101701,2026-01-10,C1120,P3007,4,0.15,3525.77,14103.08,2115.46,11987.62,2026-02-09,2026-02-13
SI101702,2026-05-23,C1102,P3023,11,0.08,448.2,4930.2,394.42,4535.78,2026-06-22,2026-07-06
SI101703,2026-02-02,C1006,P3021,7,0.08,308.88,2162.16,172.97,1989.19,2026-04-03,2026-04-20
SI101704,2025-04-30,C1108,P3034,10,0.05,1214.64,12146.4,607.32,11539.08,2025-05-15,
SI101705,2026-03-13,C1089,P3011,11,0.2,335.11,3686.21,737.24,2948.97,2026-04-12,2026-04-27
SI101706,2026-04-10,C1015,P3022,8,0.05,1625.31,13002.48,650.12,12352.36,2026-05-10,2026-05-15
SI101707,2025-10-13,C1004,P3042,11,0.1,2136.42,23500.62,2350.06,21150.56,2025-11-12,2025-11-12
SI101708,2025-09-22,C1056,P3035,10,0.08,1580.55,15805.5,1264.44,14541.06,2025-10-22,2025-11-16
SI101709,2025-11-16,C1064,P3052,5,0.08,1201.09,6005.45,480.44,5525.01,2025-12-16,2025-12-16
SI101710,2026-01-11,C1068,P3029,10,0.05,1017.07,10170.7,508.54,9662.16,2026-02-10,
SI101711,2025-03-30,C1094,P3042,7,0.2,2136.42,14954.94,2990.99,11963.95,2025-04-14,2025-04-18
SI101712,2025-07-22,C1034,P3028,3,0.08,925.58,2776.74,222.14,2554.6,2025-09-20,
SI101713,2025-11-30,C1091,P3059,3,0.15,578.62,1735.86,260.38,1475.48,2025-12-30,2026-01-09
SI101714,2025-08-10,C1095,P3018,3,0.0,2434.61,7303.83,0.0,7303.83,2025-08-25,2025-08-29
SI101715,2025-02-10,C1056,P3014,4,0.08,1012.57,4050.28,324.02,3726.26,2025-03-12,2025-03-12
SI101716,2025-03-09,C1032,P3018,6,0.08,2434.61,14607.66,1168.61,13439.05,2025-04-23,2025-04-23
SI101717,2026-05-29,C1108,P3028,5,0.1,925.58,4627.9,462.79,4165.11,2026-06-13,2026-06-19
SI101718,2025-05-07,C1103,P3024,8,0.15,1395.29,11162.32,1674.35,9487.97,2025-06-06,2025-06-06
SI101719,2025-09-12,C1116,P3008,5,0.0,3538.95,17694.75,0.0,17694.75,2025-10-12,2025-11-16
SI101720,2025-01-16,C1009,P3042,11,0.0,2136.42,23500.62,0.0,23500.62,2025-03-17,2025-04-02
SI101721,2026-04-22,C1063,P3054,5,0.05,1517.45,7587.25,379.36,7207.89,2026-05-22,2026-05-22
SI101722,2025-03-03,C1105,P3045,10,0.0,2906.1,29061.0,0.0,29061.0,2025-04-02,
SI101723,2026-03-08,C1072,P3053,2,0.2,2275.72,4551.44,910.29,3641.15,2026-03-23,2026-04-06
SI101724,2025-09-25,C1078,P3008,11,0.02,3538.95,38928.45,778.57,38149.88,2025-10-25,2025-10-29
SI101725,2025-02-04,C1033,P3004,11,0.05,2184.56,24030.16,1201.51,22828.65,2025-03-21,2025-04-01
SI101726,2026-05-09,C1087,P3027,5,0.0,1582.59,7912.95,0.0,7912.95,2026-06-08,
SI101727,2026-04-14,C1021,P3036,7,0.08,2524.78,17673.46,1413.88,16259.58,2026-05-14,
SI101728,2025-11-21,C1055,P3005,2,0.05,1385.35,2770.7,138.54,2632.16,2025-12-06,2026-01-11
SI101729,2025-10-31,C1076,P3033,6,0.0,246.53,1479.18,0.0,1479.18,2025-12-15,2025-12-25
SI101730,2025-10-03,C1057,P3049,7,0.05,2738.46,19169.22,958.46,18210.76,2025-11-17,2025-11-18
SI101731,2025-07-20,C1002,P3034,5,0.05,1214.64,6073.2,303.66,5769.54,2025-09-18,2025-10-14
SI101732,2026-03-21,C1013,P3030,9,0.2,1311.58,11804.22,2360.84,9443.38,2026-05-05,
SI101733,2025-11-20,C1004,P3008,4,0.02,3538.95,14155.8,283.12,13872.68,2025-12-20,2025-12-20
SI101734,2025-02-04,C1084,P3039,10,0.08,380.94,3809.4,304.75,3504.65,2025-03-06,2025-03-26
SI101735,2026-04-27,C1050,P3047,1,0.2,722.13,722.13,144.43,577.7,2026-05-27,2026-06-01
SI101736,2026-04-25,C1115,P3026,8,0.1,2009.9,16079.2,1607.92,14471.28,2026-05-10,2026-05-23
SI101737,2025-03-06,C1048,P3057,8,0.2,339.43,2715.44,543.09,2172.35,2025-04-05,2025-04-11
SI101738,2025-01-08,C1078,P3037,7,0.2,1078.42,7548.94,1509.79,6039.15,2025-02-07,2025-03-17
SI101739,2025-10-28,C1030,P3034,8,0.05,1214.64,9717.12,485.86,9231.26,2025-11-27,2025-11-27
SI101740,2025-12-09,C1029,P3007,2,0.08,3525.77,7051.54,564.12,6487.42,2026-01-08,2026-01-10
SI101741,2026-03-07,C1008,P3040,3,0.0,2880.96,8642.88,0.0,8642.88,2026-05-06,2026-06-16
SI101742,2026-02-28,C1012,P3028,9,0.05,925.58,8330.22,416.51,7913.71,2026-03-30,2026-05-04
SI101743,2025-11-28,C1041,P3039,1,0.1,380.94,380.94,38.09,342.85,2026-01-12,2026-02-19
SI101744,2026-03-14,C1102,P3039,8,0.05,380.94,3047.52,152.38,2895.14,2026-04-13,2026-05-08
SI101745,2025-06-23,C1026,P3028,8,0.08,925.58,7404.64,592.37,6812.27,2025-08-07,2025-08-07
SI101746,2026-06-11,C1050,P3014,7,0.1,1012.57,7087.99,708.8,6379.19,2026-07-11,2026-07-11
SI101747,2025-01-26,C1002,P3053,11,0.02,2275.72,25032.92,500.66,24532.26,2025-03-27,2025-03-27
SI101748,2026-02-10,C1055,P3050,5,0.15,1957.91,9789.55,1468.43,8321.12,2026-02-25,2026-03-09
SI101749,2025-08-20,C1104,P3038,4,0.05,595.11,2380.44,119.02,2261.42,2025-09-19,2025-09-28
SI101750,2026-06-17,C1056,P3004,10,0.02,2184.56,21845.6,436.91,21408.69,2026-07-17,2026-07-20
SI101751,2026-05-20,C1014,P3042,10,0.15,2136.42,21364.2,3204.63,18159.57,2026-06-19,2026-06-28
SI101752,2025-06-28,C1006,P3018,10,0.05,2434.61,24346.1,1217.3,23128.8,2025-08-27,
SI101753,2025-05-12,C1106,P3044,10,0.1,450.62,4506.2,450.62,4055.58,2025-06-11,2025-06-25
SI101754,2026-03-31,C1104,P3048,6,0.08,1671.29,10027.74,802.22,9225.52,2026-04-30,2026-05-14
SI101755,2025-12-14,C1095,P3025,11,0.05,802.15,8823.65,441.18,8382.47,2025-12-29,2025-12-29
SI101756,2026-06-24,C1081,P3007,1,0.1,3525.77,3525.77,352.58,3173.19,2026-07-24,2026-08-21
SI101757,2026-02-10,C1089,P3038,5,0.08,595.11,2975.55,238.04,2737.51,2026-03-12,2026-03-12
SI101758,2025-03-17,C1061,P3028,4,0.05,925.58,3702.32,185.12,3517.2,2025-04-01,2025-04-06
SI101759,2026-05-07,C1096,P3005,4,0.0,1385.35,5541.4,0.0,5541.4,2026-05-22,2026-06-01
SI101760,2025-07-13,C1012,P3003,7,0.15,3501.32,24509.24,3676.39,20832.85,2025-08-12,2025-08-24
SI101761,2025-06-11,C1113,P3044,9,0.0,450.62,4055.58,0.0,4055.58,2025-07-26,2025-07-26
SI101762,2025-12-13,C1013,P3031,8,0.15,1098.22,8785.76,1317.86,7467.9,2026-01-27,2026-01-31
SI101763,2025-12-27,C1019,P3047,11,0.05,722.13,7943.43,397.17,7546.26,2026-01-26,2026-02-01
SI101764,2025-03-28,C1044,P3042,8,0.08,2136.42,17091.36,1367.31,15724.05,2025-04-12,2025-04-13
SI101765,2025-09-19,C1112,P3058,5,0.15,226.7,1133.5,170.02,963.48,2025-11-03,2025-11-03
SI101766,2025-08-02,C1089,P3020,6,0.02,3394.02,20364.12,407.28,19956.84,2025-09-01,2025-09-04
SI101767,2025-09-19,C1095,P3019,2,0.08,2731.93,5463.86,437.11,5026.75,2025-10-04,2025-10-04
SI101768,2025-10-10,C1059,P3048,11,0.1,1671.29,18384.19,1838.42,16545.77,2025-11-09,
SI101769,2026-04-12,C1037,P3060,3,0.1,157.9,473.7,47.37,426.33,2026-05-27,2026-06-17
SI101770,2026-01-15,C1025,P3011,5,0.08,335.11,1675.55,134.04,1541.51,2026-03-01,2026-03-04
SI101771,2025-12-28,C1016,P3040,2,0.08,2880.96,5761.92,460.95,5300.97,2026-01-27,2026-01-27
SI101772,2026-03-25,C1038,P3003,3,0.1,3501.32,10503.96,1050.4,9453.56,2026-04-24,2026-04-24
SI101773,2026-03-17,C1043,P3023,4,0.15,448.2,1792.8,268.92,1523.88,2026-04-16,2026-04-16
SI101774,2025-04-03,C1113,P3007,6,0.1,3525.77,21154.62,2115.46,19039.16,2025-05-18,2025-05-31
SI101775,2026-02-28,C1087,P3023,5,0.05,448.2,2241.0,112.05,2128.95,2026-03-30,2026-05-07
SI101776,2025-05-22,C1014,P3007,10,0.2,3525.77,35257.7,7051.54,28206.16,2025-06-21,2025-07-19
SI101777,2025-10-18,C1006,P3046,4,0.05,2017.69,8070.76,403.54,7667.22,2025-12-17,2026-01-07
SI101778,2026-03-08,C1089,P3034,2,0.0,1214.64,2429.28,0.0,2429.28,2026-04-07,2026-04-07
SI101779,2025-02-18,C1023,P3042,11,0.05,2136.42,23500.62,1175.03,22325.59,2025-03-05,2025-03-05
SI101780,2025-10-29,C1060,P3019,5,0.02,2731.93,13659.65,273.19,13386.46,2025-11-13,2025-11-17
SI101781,2025-07-09,C1107,P3058,5,0.02,226.7,1133.5,22.67,1110.83,2025-08-08,2025-08-11
SI101782,2025-05-16,C1012,P3009,11,0.05,939.78,10337.58,516.88,9820.7,2025-06-15,2025-06-20
SI101783,2026-02-08,C1013,P3048,7,0.0,1671.29,11699.03,0.0,11699.03,2026-03-25,2026-04-22
SI101784,2025-12-07,C1100,P3051,1,0.08,3798.59,3798.59,303.89,3494.7,2025-12-22,2025-12-22
SI101785,2025-11-14,C1103,P3018,4,0.0,2434.61,9738.44,0.0,9738.44,2025-12-14,2025-12-14
SI101786,2025-12-29,C1098,P3041,11,0.02,1655.7,18212.7,364.25,17848.45,2026-02-12,2026-03-04
SI101787,2026-01-17,C1006,P3048,5,0.0,1671.29,8356.45,0.0,8356.45,2026-03-18,2026-03-18
SI101788,2025-08-21,C1063,P3045,8,0.0,2906.1,23248.8,0.0,23248.8,2025-09-20,2025-09-28
SI101789,2025-12-10,C1038,P3042,8,0.02,2136.42,17091.36,341.83,16749.53,2026-01-09,2026-01-23
SI101790,2026-06-13,C1050,P3025,1,0.08,802.15,802.15,64.17,737.98,2026-07-13,2026-07-22
SI101791,2025-07-02,C1052,P3052,5,0.2,1201.09,6005.45,1201.09,4804.36,2025-07-17,
SI101792,2025-02-10,C1040,P3014,10,0.15,1012.57,10125.7,1518.86,8606.84,2025-03-27,
SI101793,2026-02-01,C1008,P3044,1,0.15,450.62,450.62,67.59,383.03,2026-04-02,2026-04-02
SI101794,2026-05-09,C1061,P3025,1,0.02,802.15,802.15,16.04,786.11,2026-05-24,
SI101795,2025-11-29,C1008,P3019,2,0.02,2731.93,5463.86,109.28,5354.58,2026-01-28,2026-02-06
SI101796,2025-05-07,C1104,P3039,2,0.0,380.94,761.88,0.0,761.88,2025-06-06,2025-06-10
SI101797,2025-01-01,C1097,P3055,9,0.1,2802.87,25225.83,2522.58,22703.25,2025-02-15,
SI101798,2025-06-17,C1034,P3015,4,0.0,3965.84,15863.36,0.0,15863.36,2025-08-16,2025-08-23
SI101799,2025-01-19,C1108,P3016,3,0.08,2713.06,8139.18,651.13,7488.05,2025-02-03,2025-02-09
SI101800,2025-11-28,C1079,P3027,11,0.02,1582.59,17408.49,348.17,17060.32,2025-12-28,2026-01-06
SI101801,2026-04-01,C1100,P3040,1,0.02,2880.96,2880.96,57.62,2823.34,2026-04-16,2026-04-28
SI101802,2025-04-19,C1060,P3010,2,0.2,2279.96,4559.92,911.98,3647.94,2025-05-04,2025-05-04
SI101803,2025-09-25,C1057,P3004,6,0.1,2184.56,13107.36,1310.74,11796.62,2025-11-09,2025-11-21
SI101804,2026-03-21,C1099,P3051,9,0.1,3798.59,34187.31,3418.73,30768.58,2026-04-20,
SI101805,2025-08-28,C1046,P3019,5,0.08,2731.93,13659.65,1092.77,12566.88,2025-09-12,2025-10-15
SI101806,2025-10-28,C1022,P3028,4,0.15,925.58,3702.32,555.35,3146.97,2025-12-27,2025-12-27
SI101807,2025-04-13,C1087,P3021,5,0.08,308.88,1544.4,123.55,1420.85,2025-05-13,2025-05-15
SI101808,2025-09-07,C1040,P3059,9,0.2,578.62,5207.58,1041.52,4166.06,2025-10-22,2025-11-19
SI101809,2026-03-29,C1045,P3047,7,0.05,722.13,5054.91,252.75,4802.16,2026-04-28,2026-05-05
SI101810,2026-06-04,C1055,P3014,8,0.08,1012.57,8100.56,648.04,7452.52,2026-06-19,2026-06-19
SI101811,2025-06-02,C1051,P3033,4,0.08,246.53,986.12,78.89,907.23,2025-06-17,2025-06-27
SI101812,2025-06-23,C1086,P3048,11,0.05,1671.29,18384.19,919.21,17464.98,2025-08-07,2025-08-07
SI101813,2025-12-09,C1005,P3010,8,0.15,2279.96,18239.68,2735.95,15503.73,2025-12-24,2025-12-24
SI101814,2026-03-07,C1095,P3019,6,0.2,2731.93,16391.58,3278.32,13113.26,2026-03-22,
SI101815,2025-11-20,C1013,P3030,5,0.05,1311.58,6557.9,327.9,6230.0,2026-01-04,2026-01-05
SI101816,2026-02-24,C1028,P3022,7,0.05,1625.31,11377.17,568.86,10808.31,2026-04-10,
SI101817,2026-04-30,C1084,P3003,6,0.05,3501.32,21007.92,1050.4,19957.52,2026-05-30,2026-06-11
SI101818,2026-02-16,C1097,P3037,3,0.15,1078.42,3235.26,485.29,2749.97,2026-04-02,2026-04-02
SI101819,2025-03-25,C1080,P3041,5,0.08,1655.7,8278.5,662.28,7616.22,2025-04-24,2025-04-27
SI101820,2025-04-23,C1062,P3018,9,0.0,2434.61,21911.49,0.0,21911.49,2025-05-23,
SI101821,2025-11-28,C1093,P3011,7,0.08,335.11,2345.77,187.66,2158.11,2025-12-13,2025-12-17
SI101822,2026-01-13,C1087,P3048,4,0.0,1671.29,6685.16,0.0,6685.16,2026-02-12,2026-02-28
SI101823,2025-02-10,C1024,P3002,7,0.1,3041.97,21293.79,2129.38,19164.41,2025-03-12,
SI101824,2025-04-15,C1098,P3012,5,0.05,626.03,3130.15,156.51,2973.64,2025-05-30,2025-06-28
SI101825,2025-07-21,C1007,P3054,11,0.05,1517.45,16691.95,834.6,15857.35,2025-08-20,2025-09-13
SI101826,2026-03-26,C1038,P3006,2,0.1,269.22,538.44,53.84,484.6,2026-04-25,2026-05-05
SI101827,2025-09-23,C1037,P3043,6,0.0,3207.57,19245.42,0.0,19245.42,2025-11-07,2025-11-25
SI101828,2025-07-29,C1068,P3059,7,0.02,578.62,4050.34,81.01,3969.33,2025-08-28,2025-09-02
SI101829,2025-04-28,C1098,P3040,8,0.05,2880.96,23047.68,1152.38,21895.3,2025-06-12,2025-06-24
SI101830,2026-01-12,C1042,P3044,6,0.02,450.62,2703.72,54.07,2649.65,2026-02-11,
SI101831,2026-06-24,C1086,P3029,8,0.05,1017.07,8136.56,406.83,7729.73,2026-08-08,2026-08-26
SI101832,2025-03-25,C1005,P3059,7,0.2,578.62,4050.34,810.07,3240.27,2025-04-09,
SI101833,2026-03-30,C1064,P3030,2,0.1,1311.58,2623.16,262.32,2360.84,2026-04-29,
SI101834,2026-05-29,C1050,P3002,6,0.15,3041.97,18251.82,2737.77,15514.05,2026-06-28,2026-07-25
SI101835,2026-01-22,C1106,P3009,9,0.15,939.78,8458.02,1268.7,7189.32,2026-02-21,2026-03-29
SI101836,2025-12-16,C1087,P3047,6,0.05,722.13,4332.78,216.64,4116.14,2026-01-15,2026-01-25
SI101837,2025-10-23,C1118,P3002,4,0.05,3041.97,12167.88,608.39,11559.49,2025-11-22,2025-11-29
SI101838,2025-09-15,C1015,P3029,7,0.02,1017.07,7119.49,142.39,6977.1,2025-10-15,2025-10-23
SI101839,2025-03-22,C1095,P3033,3,0.1,246.53,739.59,73.96,665.63,2025-04-06,2025-04-13
SI101840,2025-09-25,C1073,P3010,5,0.08,2279.96,11399.8,911.98,10487.82,2025-10-10,2025-10-17
SI101841,2026-02-23,C1107,P3034,1,0.02,1214.64,1214.64,24.29,1190.35,2026-03-25,2026-03-27
SI101842,2025-08-23,C1053,P3044,10,0.05,450.62,4506.2,225.31,4280.89,2025-10-07,2025-10-08
SI101843,2025-11-07,C1025,P3055,3,0.05,2802.87,8408.61,420.43,7988.18,2025-12-22,2026-01-13
SI101844,2025-12-23,C1089,P3008,8,0.08,3538.95,28311.6,2264.93,26046.67,2026-01-22,2026-02-21
SI101845,2025-08-01,C1113,P3037,9,0.15,1078.42,9705.78,1455.87,8249.91,2025-09-15,2025-09-15
SI101846,2025-02-18,C1085,P3054,9,0.05,1517.45,13657.05,682.85,12974.2,2025-04-19,2025-05-11
SI101847,2025-05-07,C1009,P3060,10,0.15,157.9,1579.0,236.85,1342.15,2025-07-06,2025-07-21
SI101848,2025-08-11,C1119,P3033,2,0.05,246.53,493.06,24.65,468.41,2025-10-10,2025-10-10
SI101849,2025-10-06,C1112,P3047,4,0.1,722.13,2888.52,288.85,2599.67,2025-11-20,2025-11-20
SI101850,2026-02-12,C1038,P3006,5,0.15,269.22,1346.1,201.92,1144.18,2026-03-14,
SI101851,2026-05-20,C1022,P3044,3,0.15,450.62,1351.86,202.78,1149.08,2026-07-19,2026-07-19
SI101852,2025-10-21,C1107,P3040,11,0.0,2880.96,31690.56,0.0,31690.56,2025-11-20,2025-11-20
SI101853,2025-10-04,C1087,P3045,1,0.02,2906.1,2906.1,58.12,2847.98,2025-11-03,2025-11-16
SI101854,2026-03-14,C1049,P3019,6,0.05,2731.93,16391.58,819.58,15572.0,2026-04-13,2026-05-01
SI101855,2025-04-17,C1068,P3032,10,0.05,1742.31,17423.1,871.16,16551.94,2025-05-17,2025-05-21
SI101856,2026-02-24,C1093,P3027,2,0.08,1582.59,3165.18,253.21,2911.97,2026-03-11,2026-03-11
SI101857,2026-03-05,C1015,P3001,9,0.2,1380.63,12425.67,2485.13,9940.54,2026-04-04,2026-04-04
SI101858,2026-01-10,C1065,P3043,1,0.0,3207.57,3207.57,0.0,3207.57,2026-02-24,
SI101859,2025-03-14,C1054,P3052,11,0.05,1201.09,13211.99,660.6,12551.39,2025-04-13,2025-04-13
SI101860,2025-01-30,C1030,P3033,9,0.02,246.53,2218.77,44.38,2174.39,2025-03-01,
SI101861,2025-07-07,C1093,P3040,7,0.15,2880.96,20166.72,3025.01,17141.71,2025-07-22,2025-08-16
SI101862,2025-12-30,C1020,P3032,11,0.2,1742.31,19165.41,3833.08,15332.33,2026-01-14,2026-01-25
SI101863,2026-03-27,C1033,P3005,10,0.05,1385.35,13853.5,692.68,13160.82,2026-05-11,2026-05-13
SI101864,2025-07-14,C1105,P3017,2,0.0,1213.79,2427.58,0.0,2427.58,2025-08-13,2025-09-14
SI101865,2025-06-05,C1108,P3008,6,0.1,3538.95,21233.7,2123.37,19110.33,2025-06-20,2025-06-20
SI101866,2025-06-21,C1100,P3057,8,0.08,339.43,2715.44,217.24,2498.2,2025-07-06,2025-07-23
SI101867,2025-02-10,C1086,P3042,2,0.05,2136.42,4272.84,213.64,4059.2,2025-03-27,2025-04-17
SI101868,2025-03-04,C1077,P3034,5,0.15,1214.64,6073.2,910.98,5162.22,2025-04-03,2025-04-03
SI101869,2025-01-23,C1007,P3009,11,0.2,939.78,10337.58,2067.52,8270.06,2025-02-22,2025-02-22
SI101870,2025-12-26,C1008,P3056,6,0.08,1862.7,11176.2,894.1,10282.1,2026-02-24,2026-03-03
SI101871,2025-03-16,C1028,P3023,3,0.08,448.2,1344.6,107.57,1237.03,2025-04-30,2025-04-30
SI101872,2025-04-28,C1045,P3035,2,0.05,1580.55,3161.1,158.06,3003.04,2025-05-28,2025-06-08
SI101873,2026-01-15,C1107,P3050,11,0.08,1957.91,21537.01,1722.96,19814.05,2026-02-14,2026-02-15
SI101874,2025-10-17,C1073,P3007,6,0.05,3525.77,21154.62,1057.73,20096.89,2025-11-01,2025-11-12
SI101875,2026-03-16,C1089,P3015,3,0.05,3965.84,11897.52,594.88,11302.64,2026-04-15,2026-04-25
SI101876,2025-01-07,C1120,P3053,2,0.0,2275.72,4551.44,0.0,4551.44,2025-02-06,2025-03-01
SI101877,2025-07-15,C1080,P3054,1,0.02,1517.45,1517.45,30.35,1487.1,2025-08-14,2025-09-04
SI101878,2026-02-25,C1074,P3020,8,0.02,3394.02,27152.16,543.04,26609.12,2026-04-26,
SI101879,2025-07-12,C1011,P3050,1,0.08,1957.91,1957.91,156.63,1801.28,2025-08-11,
SI101880,2025-05-28,C1031,P3025,5,0.08,802.15,4010.75,320.86,3689.89,2025-07-12,
SI101881,2025-07-21,C1012,P3003,11,0.08,3501.32,38514.52,3081.16,35433.36,2025-08-20,2025-09-11
SI101882,2026-03-20,C1095,P3060,6,0.05,157.9,947.4,47.37,900.03,2026-04-04,2026-04-10
SI101883,2026-02-23,C1078,P3055,11,0.05,2802.87,30831.57,1541.58,29289.99,2026-03-25,2026-03-25
SI101884,2026-03-03,C1051,P3046,3,0.1,2017.69,6053.07,605.31,5447.76,2026-03-18,2026-04-12
SI101885,2026-04-24,C1044,P3024,7,0.05,1395.29,9767.03,488.35,9278.68,2026-05-09,2026-05-10
SI101886,2026-04-20,C1096,P3034,2,0.2,1214.64,2429.28,485.86,1943.42,2026-05-05,2026-05-05
SI101887,2025-05-06,C1050,P3046,7,0.05,2017.69,14123.83,706.19,13417.64,2025-06-05,2025-06-07
SI101888,2026-01-30,C1117,P3022,2,0.08,1625.31,3250.62,260.05,2990.57,2026-02-14,2026-02-14
SI101889,2025-11-21,C1017,P3011,5,0.0,335.11,1675.55,0.0,1675.55,2026-01-20,2026-02-19
SI101890,2026-01-27,C1035,P3048,7,0.08,1671.29,11699.03,935.92,10763.11,2026-02-26,2026-02-26
SI101891,2026-03-16,C1001,P3008,11,0.15,3538.95,38928.45,5839.27,33089.18,2026-05-15,2026-05-16
SI101892,2025-07-23,C1029,P3039,11,0.2,380.94,4190.34,838.07,3352.27,2025-08-22,2025-09-05
SI101893,2026-05-01,C1051,P3043,3,0.2,3207.57,9622.71,1924.54,7698.17,2026-05-16,2026-05-26
SI101894,2025-01-31,C1064,P3035,11,0.05,1580.55,17386.05,869.3,16516.75,2025-03-02,2025-03-06
SI101895,2026-01-23,C1004,P3049,4,0.08,2738.46,10953.84,876.31,10077.53,2026-02-22,
SI101896,2026-03-10,C1087,P3046,1,0.05,2017.69,2017.69,100.88,1916.81,2026-04-09,2026-04-13
SI101897,2026-01-11,C1028,P3038,3,0.08,595.11,1785.33,142.83,1642.5,2026-02-25,2026-02-25
SI101898,2025-12-10,C1016,P3008,9,0.02,3538.95,31850.55,637.01,31213.54,2026-01-09,2026-01-13
SI101899,2026-03-19,C1063,P3054,10,0.15,1517.45,15174.5,2276.17,12898.33,2026-04-18,2026-04-27
SI101900,2025-03-16,C1076,P3037,5,0.15,1078.42,5392.1,808.82,4583.28,2025-04-30,2025-05-03
SI101901,2025-06-04,C1053,P3027,8,0.05,1582.59,12660.72,633.04,12027.68,2025-07-19,
SI101902,2026-03-06,C1085,P3028,2,0.05,925.58,1851.16,92.56,1758.6,2026-05-05,2026-05-22
SI101903,2025-12-29,C1109,P3040,3,0.02,2880.96,8642.88,172.86,8470.02,2026-01-28,2026-01-28
SI101904,2026-03-24,C1017,P3034,7,0.08,1214.64,8502.48,680.2,7822.28,2026-05-23,2026-05-23
SI101905,2025-08-22,C1040,P3032,10,0.05,1742.31,17423.1,871.16,16551.94,2025-10-06,2025-10-06
SI101906,2025-09-19,C1013,P3015,4,0.15,3965.84,15863.36,2379.5,13483.86,2025-11-03,
SI101907,2025-05-05,C1052,P3044,9,0.08,450.62,4055.58,324.45,3731.13,2025-05-20,2025-05-31
SI101908,2025-09-02,C1058,P3017,7,0.08,1213.79,8496.53,679.72,7816.81,2025-10-02,2025-10-02
SI101909,2026-06-26,C1096,P3033,11,0.08,246.53,2711.83,216.95,2494.88,2026-07-11,2026-07-19
SI101910,2026-04-30,C1037,P3047,1,0.0,722.13,722.13,0.0,722.13,2026-06-14,2026-06-14
SI101911,2025-05-02,C1114,P3046,4,0.15,2017.69,8070.76,1210.61,6860.15,2025-06-01,2025-06-01
SI101912,2025-05-05,C1079,P3052,10,0.08,1201.09,12010.9,960.87,11050.03,2025-06-04,2025-06-04
SI101913,2025-06-19,C1076,P3054,11,0.2,1517.45,16691.95,3338.39,13353.56,2025-08-03,2025-09-07
SI101914,2025-05-04,C1061,P3016,6,0.08,2713.06,16278.36,1302.27,14976.09,2025-05-19,2025-05-19
SI101915,2025-02-04,C1113,P3029,6,0.08,1017.07,6102.42,488.19,5614.23,2025-03-21,2025-03-24
SI101916,2025-03-28,C1079,P3009,10,0.0,939.78,9397.8,0.0,9397.8,2025-04-27,2025-04-27
SI101917,2025-07-20,C1034,P3033,6,0.08,246.53,1479.18,118.33,1360.85,2025-09-18,2025-09-30
SI101918,2026-01-04,C1070,P3060,5,0.1,157.9,789.5,78.95,710.55,2026-02-03,
SI101919,2025-03-18,C1017,P3049,3,0.1,2738.46,8215.38,821.54,7393.84,2025-05-17,
SI101920,2025-02-28,C1112,P3029,2,0.1,1017.07,2034.14,203.41,1830.73,2025-04-14,2025-04-17
SI101921,2026-03-07,C1113,P3013,3,0.02,791.6,2374.8,47.5,2327.3,2026-04-21,2026-04-28
SI101922,2026-05-15,C1020,P3021,9,0.2,308.88,2779.92,555.98,2223.94,2026-05-30,2026-06-03
SI101923,2025-04-19,C1073,P3058,3,0.2,226.7,680.1,136.02,544.08,2025-05-04,2025-05-08
SI101924,2025-10-05,C1059,P3021,3,0.0,308.88,926.64,0.0,926.64,2025-11-04,
SI101925,2025-03-09,C1069,P3005,1,0.15,1385.35,1385.35,207.8,1177.55,2025-04-23,2025-04-23
SI101926,2025-03-10,C1087,P3010,2,0.05,2279.96,4559.92,228.0,4331.92,2025-04-09,2025-04-09
SI101927,2025-06-14,C1033,P3006,11,0.08,269.22,2961.42,236.91,2724.51,2025-07-29,2025-08-09
SI101928,2026-05-04,C1102,P3056,3,0.05,1862.7,5588.1,279.41,5308.69,2026-06-03,
SI101929,2025-11-01,C1120,P3051,2,0.2,3798.59,7597.18,1519.44,6077.74,2025-12-01,2025-12-01
SI101930,2025-12-31,C1078,P3057,8,0.0,339.43,2715.44,0.0,2715.44,2026-01-30,2026-01-30
SI101931,2026-01-14,C1017,P3013,6,0.05,791.6,4749.6,237.48,4512.12,2026-03-15,2026-03-15
SI101932,2025-12-09,C1057,P3001,7,0.05,1380.63,9664.41,483.22,9181.19,2026-01-23,2026-02-10
SI101933,2025-12-20,C1083,P3020,1,0.05,3394.02,3394.02,169.7,3224.32,2026-02-03,2026-02-16
SI101934,2026-02-20,C1097,P3057,6,0.08,339.43,2036.58,162.93,1873.65,2026-04-06,2026-04-06
SI101935,2025-04-19,C1001,P3047,2,0.02,722.13,1444.26,28.89,1415.37,2025-06-18,2025-06-26
SI101936,2026-05-12,C1013,P3046,6,0.08,2017.69,12106.14,968.49,11137.65,2026-06-26,2026-06-26
SI101937,2025-12-07,C1110,P3008,3,0.2,3538.95,10616.85,2123.37,8493.48,2026-01-06,2026-01-16
SI101938,2026-01-18,C1027,P3010,7,0.1,2279.96,15959.72,1595.97,14363.75,2026-03-04,2026-03-04
SI101939,2026-06-17,C1070,P3009,3,0.15,939.78,2819.34,422.9,2396.44,2026-07-17,2026-07-17
SI101940,2025-10-27,C1059,P3049,9,0.05,2738.46,24646.14,1232.31,23413.83,2025-11-26,2025-11-27
SI101941,2025-05-19,C1006,P3041,3,0.05,1655.7,4967.1,248.36,4718.74,2025-07-18,2025-08-09
SI101942,2025-12-25,C1097,P3003,7,0.05,3501.32,24509.24,1225.46,23283.78,2026-02-08,2026-03-02
SI101943,2026-05-14,C1094,P3011,4,0.0,335.11,1340.44,0.0,1340.44,2026-05-29,2026-06-07
SI101944,2026-01-20,C1110,P3012,8,0.2,626.03,5008.24,1001.65,4006.59,2026-02-19,2026-03-15
SI101945,2025-10-07,C1099,P3010,2,0.02,2279.96,4559.92,91.2,4468.72,2025-11-06,2025-11-13
SI101946,2026-04-28,C1023,P3025,8,0.15,802.15,6417.2,962.58,5454.62,2026-05-13,2026-05-20
SI101947,2025-04-21,C1010,P3049,9,0.0,2738.46,24646.14,0.0,24646.14,2025-06-05,2025-06-09
SI101948,2025-05-19,C1051,P3049,8,0.1,2738.46,21907.68,2190.77,19716.91,2025-06-03,2025-07-02
SI101949,2026-03-11,C1019,P3025,6,0.02,802.15,4812.9,96.26,4716.64,2026-04-10,2026-04-16
SI101950,2026-05-24,C1051,P3011,10,0.0,335.11,3351.1,0.0,3351.1,2026-06-08,
SI101951,2025-09-30,C1092,P3054,1,0.08,1517.45,1517.45,121.4,1396.05,2025-11-14,2025-11-14
SI101952,2025-04-09,C1087,P3036,7,0.05,2524.78,17673.46,883.67,16789.79,2025-05-09,2025-05-09
SI101953,2025-04-14,C1068,P3039,1,0.08,380.94,380.94,30.48,350.46,2025-05-14,2025-05-26
SI101954,2025-08-02,C1084,P3053,7,0.08,2275.72,15930.04,1274.4,14655.64,2025-09-01,2025-09-05
SI101955,2025-06-14,C1083,P3026,2,0.0,2009.9,4019.8,0.0,4019.8,2025-07-29,2025-08-26
SI101956,2026-06-04,C1042,P3014,8,0.15,1012.57,8100.56,1215.08,6885.48,2026-07-04,
SI101957,2025-10-11,C1091,P3039,2,0.05,380.94,761.88,38.09,723.79,2025-11-10,2025-11-24
SI101958,2026-06-01,C1057,P3056,3,0.1,1862.7,5588.1,558.81,5029.29,2026-07-16,2026-07-18
SI101959,2025-06-13,C1098,P3040,3,0.05,2880.96,8642.88,432.14,8210.74,2025-07-28,2025-07-28
SI101960,2025-03-05,C1068,P3001,1,0.08,1380.63,1380.63,110.45,1270.18,2025-04-04,2025-04-04
SI101961,2025-04-01,C1120,P3056,5,0.05,1862.7,9313.5,465.68,8847.82,2025-05-01,
SI101962,2025-04-27,C1038,P3054,5,0.02,1517.45,7587.25,151.74,7435.51,2025-05-27,2025-05-27
SI101963,2025-09-24,C1062,P3004,10,0.08,2184.56,21845.6,1747.65,20097.95,2025-10-24,2025-11-11
SI101964,2025-05-20,C1007,P3030,5,0.05,1311.58,6557.9,327.9,6230.0,2025-06-19,2025-07-09
SI101965,2025-09-03,C1112,P3012,9,0.05,626.03,5634.27,281.71,5352.56,2025-10-18,2025-10-30
SI101966,2026-01-30,C1071,P3056,6,0.08,1862.7,11176.2,894.1,10282.1,2026-03-01,2026-03-01
SI101967,2026-05-02,C1050,P3035,6,0.08,1580.55,9483.3,758.66,8724.64,2026-06-01,2026-06-30
SI101968,2026-04-21,C1052,P3013,3,0.0,791.6,2374.8,0.0,2374.8,2026-05-06,2026-05-08
SI101969,2026-06-01,C1026,P3052,5,0.05,1201.09,6005.45,300.27,5705.18,2026-07-16,2026-08-03
SI101970,2025-07-03,C1026,P3031,10,0.05,1098.22,10982.2,549.11,10433.09,2025-08-17,
SI101971,2025-01-20,C1118,P3038,7,0.0,595.11,4165.77,0.0,4165.77,2025-02-19,2025-02-20
SI101972,2026-06-08,C1019,P3043,3,0.02,3207.57,9622.71,192.45,9430.26,2026-07-08,2026-07-13
SI101973,2026-06-13,C1009,P3023,2,0.0,448.2,896.4,0.0,896.4,2026-08-12,2026-09-16
SI101974,2025-05-27,C1061,P3004,5,0.2,2184.56,10922.8,2184.56,8738.24,2025-06-11,
SI101975,2025-10-31,C1020,P3052,3,0.1,1201.09,3603.27,360.33,3242.94,2025-11-15,2025-11-15
SI101976,2025-08-16,C1106,P3016,5,0.0,2713.06,13565.3,0.0,13565.3,2025-09-15,2025-09-24
SI101977,2025-04-12,C1109,P3007,9,0.0,3525.77,31731.93,0.0,31731.93,2025-05-12,2025-05-12
SI101978,2026-02-21,C1050,P3022,11,0.08,1625.31,17878.41,1430.27,16448.14,2026-03-23,2026-04-01
SI101979,2025-08-04,C1080,P3029,10,0.05,1017.07,10170.7,508.54,9662.16,2025-09-03,2025-09-08
SI101980,2026-02-11,C1118,P3011,1,0.1,335.11,335.11,33.51,301.6,2026-03-13,2026-03-21
SI101981,2026-02-03,C1081,P3056,4,0.15,1862.7,7450.8,1117.62,6333.18,2026-03-05,2026-03-06
SI101982,2026-05-14,C1022,P3033,10,0.08,246.53,2465.3,197.22,2268.08,2026-07-13,2026-08-07
SI101983,2026-04-10,C1013,P3058,5,0.02,226.7,1133.5,22.67,1110.83,2026-05-25,2026-05-25
SI101984,2025-03-23,C1012,P3029,2,0.1,1017.07,2034.14,203.41,1830.73,2025-04-22,2025-05-06
SI101985,2025-12-31,C1010,P3059,2,0.2,578.62,1157.24,231.45,925.79,2026-02-14,
SI101986,2025-06-12,C1065,P3039,1,0.08,380.94,380.94,30.48,350.46,2025-07-27,2025-08-05
SI101987,2025-02-17,C1096,P3012,8,0.08,626.03,5008.24,400.66,4607.58,2025-03-04,2025-04-04
SI101988,2026-05-26,C1030,P3007,2,0.05,3525.77,7051.54,352.58,6698.96,2026-06-25,2026-06-30
SI101989,2025-11-25,C1008,P3059,3,0.05,578.62,1735.86,86.79,1649.07,2026-01-24,2026-02-13
SI101990,2025-04-26,C1021,P3055,2,0.1,2802.87,5605.74,560.57,5045.17,2025-05-26,2025-06-21
SI101991,2025-12-03,C1022,P3039,4,0.15,380.94,1523.76,228.56,1295.2,2026-02-01,2026-02-08
SI101992,2025-05-27,C1018,P3042,1,0.08,2136.42,2136.42,170.91,1965.51,2025-07-11,2025-08-23
SI101993,2025-11-19,C1066,P3048,3,0.1,1671.29,5013.87,501.39,4512.48,2026-01-18,2026-01-18
SI101994,2026-03-19,C1048,P3026,5,0.02,2009.9,10049.5,200.99,9848.51,2026-04-18,
SI101995,2025-01-13,C1044,P3040,10,0.02,2880.96,28809.6,576.19,28233.41,2025-01-28,2025-02-04
SI101996,2026-05-09,C1009,P3009,1,0.08,939.78,939.78,75.18,864.6,2026-07-08,2026-07-09
SI101997,2025-10-14,C1067,P3041,4,0.02,1655.7,6622.8,132.46,6490.34,2025-11-13,2025-11-16
SI101998,2025-04-24,C1054,P3034,6,0.08,1214.64,7287.84,583.03,6704.81,2025-05-24,2025-06-08
SI101999,2026-04-25,C1026,P3045,4,0.05,2906.1,11624.4,581.22,11043.18,2026-06-09,2026-06-09
SI102000,2025-01-22,C1085,P3013,7,0.1,791.6,5541.2,554.12,4987.08,2025-03-23,2025-03-23
SI102001,2025-12-15,C1094,P3055,7,0.1,2802.87,19620.09,1962.01,17658.08,2025-12-30,2025-12-30
SI102002,2025-11-16,C1092,P3055,6,0.05,2802.87,16817.22,840.86,15976.36,2025-12-31,2025-12-31
SI102003,2025-05-06,C1100,P3036,9,0.02,2524.78,22723.02,454.46,22268.56,2025-05-21,2025-06-18
SI102004,2025-10-04,C1026,P3025,2,0.08,802.15,1604.3,128.34,1475.96,2025-11-18,2025-11-28
SI102005,2025-07-23,C1034,P3024,10,0.2,1395.29,13952.9,2790.58,11162.32,2025-09-21,2025-10-05
SI102006,2025-07-13,C1008,P3044,8,0.08,450.62,3604.96,288.4,3316.56,2025-09-11,2025-09-14
SI102007,2026-07-01,C1010,P3017,8,0.0,1213.79,9710.32,0.0,9710.32,2026-08-15,
SI102008,2025-10-13,C1048,P3002,11,0.0,3041.97,33461.67,0.0,33461.67,2025-11-12,2025-11-12
SI102009,2025-02-26,C1055,P3013,10,0.05,791.6,7916.0,395.8,7520.2,2025-03-13,2025-03-27
SI102010,2025-10-30,C1107,P3031,11,0.02,1098.22,12080.42,241.61,11838.81,2025-11-29,2025-11-29
SI102011,2025-06-12,C1114,P3029,4,0.1,1017.07,4068.28,406.83,3661.45,2025-07-12,2025-07-12
SI102012,2025-01-19,C1054,P3050,6,0.15,1957.91,11747.46,1762.12,9985.34,2025-02-18,2025-02-27
SI102013,2026-01-05,C1078,P3028,11,0.02,925.58,10181.38,203.63,9977.75,2026-02-04,2026-02-11
SI102014,2025-09-21,C1040,P3060,6,0.05,157.9,947.4,47.37,900.03,2025-11-05,2025-11-10
SI102015,2025-04-23,C1119,P3027,5,0.02,1582.59,7912.95,158.26,7754.69,2025-06-22,2025-06-22
SI102016,2026-05-03,C1015,P3015,1,0.15,3965.84,3965.84,594.88,3370.96,2026-06-02,2026-06-28
SI102017,2025-11-23,C1081,P3031,3,0.05,1098.22,3294.66,164.73,3129.93,2025-12-23,2026-01-06
SI102018,2026-06-26,C1117,P3040,7,0.08,2880.96,20166.72,1613.34,18553.38,2026-07-11,2026-07-11
SI102019,2025-03-06,C1018,P3015,8,0.05,3965.84,31726.72,1586.34,30140.38,2025-04-20,2025-05-07
SI102020,2025-10-19,C1096,P3033,2,0.08,246.53,493.06,39.44,453.62,2025-11-03,2025-11-03
SI102021,2025-01-25,C1102,P3020,3,0.05,3394.02,10182.06,509.1,9672.96,2025-02-24,2025-03-21
SI102022,2025-01-01,C1023,P3042,4,0.05,2136.42,8545.68,427.28,8118.4,2025-01-16,2025-02-04
SI102023,2025-05-21,C1062,P3012,11,0.08,626.03,6886.33,550.91,6335.42,2025-06-20,2025-07-08
SI102024,2025-07-07,C1046,P3037,5,0.08,1078.42,5392.1,431.37,4960.73,2025-07-22,2025-08-27
SI102025,2025-05-08,C1087,P3009,3,0.05,939.78,2819.34,140.97,2678.37,2025-06-07,2025-07-01
SI102026,2025-07-20,C1099,P3023,5,0.02,448.2,2241.0,44.82,2196.18,2025-08-19,2025-08-25
SI102027,2025-05-07,C1039,P3008,8,0.05,3538.95,28311.6,1415.58,26896.02,2025-06-21,2025-06-21
SI102028,2025-09-14,C1015,P3032,8,0.05,1742.31,13938.48,696.92,13241.56,2025-10-14,2025-10-14
SI102029,2026-07-01,C1053,P3048,2,0.08,1671.29,3342.58,267.41,3075.17,2026-08-15,2026-09-22
SI102030,2025-07-13,C1088,P3014,6,0.15,1012.57,6075.42,911.31,5164.11,2025-08-12,2025-08-29
SI102031,2025-04-14,C1064,P3027,4,0.0,1582.59,6330.36,0.0,6330.36,2025-05-14,2025-06-01
SI102032,2026-06-19,C1063,P3025,9,0.02,802.15,7219.35,144.39,7074.96,2026-07-19,2026-07-23
SI102033,2025-09-22,C1092,P3013,10,0.02,791.6,7916.0,158.32,7757.68,2025-11-06,2025-11-20
SI102034,2026-01-19,C1080,P3055,2,0.05,2802.87,5605.74,280.29,5325.45,2026-02-18,2026-02-22
SI102035,2025-09-17,C1016,P3021,8,0.05,308.88,2471.04,123.55,2347.49,2025-10-17,2025-10-17
SI102036,2026-02-18,C1104,P3045,1,0.1,2906.1,2906.1,290.61,2615.49,2026-03-20,2026-04-04
SI102037,2025-12-24,C1103,P3031,11,0.02,1098.22,12080.42,241.61,11838.81,2026-01-23,2026-02-12
SI102038,2025-03-16,C1070,P3037,6,0.08,1078.42,6470.52,517.64,5952.88,2025-04-15,2025-04-15
SI102039,2025-12-21,C1066,P3048,11,0.15,1671.29,18384.19,2757.63,15626.56,2026-02-19,2026-02-19
SI102040,2025-07-07,C1118,P3058,11,0.15,226.7,2493.7,374.05,2119.65,2025-08-06,2025-08-10
SI102041,2025-10-17,C1013,P3043,10,0.2,3207.57,32075.7,6415.14,25660.56,2025-12-01,2025-12-15
SI102042,2025-02-14,C1108,P3054,1,0.1,1517.45,1517.45,151.74,1365.71,2025-03-01,2025-03-01
SI102043,2025-03-24,C1047,P3005,2,0.15,1385.35,2770.7,415.6,2355.1,2025-04-23,2025-04-29
SI102044,2025-05-03,C1009,P3013,3,0.02,791.6,2374.8,47.5,2327.3,2025-07-02,2025-07-02
SI102045,2025-12-24,C1063,P3028,9,0.02,925.58,8330.22,166.6,8163.62,2026-01-23,2026-02-03
SI102046,2026-06-12,C1034,P3043,5,0.0,3207.57,16037.85,0.0,16037.85,2026-08-11,2026-08-11
SI102047,2025-03-07,C1081,P3025,10,0.08,802.15,8021.5,641.72,7379.78,2025-04-06,2025-04-18
SI102048,2026-01-10,C1091,P3051,10,0.15,3798.59,37985.9,5697.88,32288.02,2026-02-09,2026-02-11
SI102049,2025-06-11,C1029,P3035,2,0.02,1580.55,3161.1,63.22,3097.88,2025-07-11,2025-07-11
SI102050,2026-01-15,C1037,P3047,10,0.08,722.13,7221.3,577.7,6643.6,2026-03-01,2026-03-06
SI102051,2025-12-24,C1043,P3039,5,0.1,380.94,1904.7,190.47,1714.23,2026-01-23,2026-01-23
SI102052,2025-07-07,C1086,P3007,5,0.15,3525.77,17628.85,2644.33,14984.52,2025-08-21,2025-09-09
SI102053,2025-11-18,C1115,P3038,1,0.08,595.11,595.11,47.61,547.5,2025-12-03,2025-12-10
SI102054,2026-03-26,C1064,P3032,3,0.2,1742.31,5226.93,1045.39,4181.54,2026-04-25,2026-04-25
SI102055,2026-04-19,C1024,P3003,5,0.05,3501.32,17506.6,875.33,16631.27,2026-05-19,2026-05-19
SI102056,2025-01-13,C1071,P3045,9,0.05,2906.1,26154.9,1307.75,24847.15,2025-02-12,
SI102057,2025-07-03,C1034,P3039,10,0.08,380.94,3809.4,304.75,3504.65,2025-09-01,
SI102058,2025-04-21,C1048,P3037,1,0.05,1078.42,1078.42,53.92,1024.5,2025-05-21,2025-05-24
SI102059,2026-05-23,C1012,P3055,8,0.0,2802.87,22422.96,0.0,22422.96,2026-06-22,2026-06-22
SI102060,2025-10-17,C1023,P3050,1,0.1,1957.91,1957.91,195.79,1762.12,2025-11-01,2025-11-14
SI102061,2025-10-22,C1079,P3022,9,0.1,1625.31,14627.79,1462.78,13165.01,2025-11-21,2025-11-21
SI102062,2026-03-27,C1097,P3008,6,0.1,3538.95,21233.7,2123.37,19110.33,2026-05-11,2026-05-18
SI102063,2025-08-03,C1013,P3017,1,0.05,1213.79,1213.79,60.69,1153.1,2025-09-17,2025-09-21
SI102064,2025-01-27,C1087,P3052,8,0.08,1201.09,9608.72,768.7,8840.02,2025-02-26,2025-02-26
SI102065,2025-08-19,C1102,P3027,5,0.05,1582.59,7912.95,395.65,7517.3,2025-09-18,2025-09-25
SI102066,2025-11-17,C1096,P3033,7,0.0,246.53,1725.71,0.0,1725.71,2025-12-02,2025-12-14
SI102067,2025-08-21,C1045,P3046,7,0.08,2017.69,14123.83,1129.91,12993.92,2025-09-20,2025-09-22
SI102068,2026-03-13,C1114,P3017,7,0.02,1213.79,8496.53,169.93,8326.6,2026-04-12,2026-05-02
SI102069,2026-06-17,C1099,P3042,6,0.0,2136.42,12818.52,0.0,12818.52,2026-07-17,2026-07-18
SI102070,2026-02-07,C1065,P3012,11,0.1,626.03,6886.33,688.63,6197.7,2026-03-24,2026-03-24
SI102071,2025-02-22,C1047,P3048,8,0.0,1671.29,13370.32,0.0,13370.32,2025-03-24,2025-03-31
SI102072,2025-11-09,C1058,P3046,9,0.2,2017.69,18159.21,3631.84,14527.37,2025-12-09,2025-12-09
SI102073,2025-10-08,C1109,P3027,2,0.05,1582.59,3165.18,158.26,3006.92,2025-11-07,2025-11-17
SI102074,2025-01-31,C1005,P3048,7,0.2,1671.29,11699.03,2339.81,9359.22,2025-02-15,2025-02-18
SI102075,2025-12-03,C1077,P3008,2,0.0,3538.95,7077.9,0.0,7077.9,2026-01-02,2026-01-28
SI102076,2025-07-02,C1118,P3023,6,0.08,448.2,2689.2,215.14,2474.06,2025-08-01,2025-09-02
SI102077,2025-01-23,C1005,P3060,2,0.05,157.9,315.8,15.79,300.01,2025-02-07,
SI102078,2026-06-28,C1060,P3042,10,0.15,2136.42,21364.2,3204.63,18159.57,2026-07-13,2026-07-21
SI102079,2026-03-22,C1096,P3049,6,0.05,2738.46,16430.76,821.54,15609.22,2026-04-06,2026-04-13
SI102080,2025-03-15,C1115,P3059,2,0.02,578.62,1157.24,23.14,1134.1,2025-03-30,2025-04-01
SI102081,2025-01-10,C1021,P3029,1,0.15,1017.07,1017.07,152.56,864.51,2025-02-09,2025-02-09
SI102082,2026-04-29,C1024,P3050,7,0.05,1957.91,13705.37,685.27,13020.1,2026-05-29,2026-06-08
SI102083,2026-04-01,C1018,P3020,3,0.0,3394.02,10182.06,0.0,10182.06,2026-05-16,2026-05-27
SI102084,2025-06-09,C1021,P3016,4,0.05,2713.06,10852.24,542.61,10309.63,2025-07-09,2025-07-14
SI102085,2025-01-14,C1054,P3017,6,0.08,1213.79,7282.74,582.62,6700.12,2025-02-13,2025-02-13
SI102086,2025-06-27,C1010,P3016,5,0.02,2713.06,13565.3,271.31,13293.99,2025-08-11,2025-08-11
SI102087,2026-02-16,C1024,P3019,4,0.05,2731.93,10927.72,546.39,10381.33,2026-03-18,2026-03-21
SI102088,2025-02-22,C1104,P3056,9,0.0,1862.7,16764.3,0.0,16764.3,2025-03-24,2025-04-04
SI102089,2026-02-12,C1111,P3056,6,0.08,1862.7,11176.2,894.1,10282.1,2026-03-14,2026-03-23
SI102090,2025-01-22,C1085,P3008,6,0.1,3538.95,21233.7,2123.37,19110.33,2025-03-23,2025-03-23
SI102091,2025-01-30,C1089,P3038,2,0.05,595.11,1190.22,59.51,1130.71,2025-03-01,
SI102092,2025-09-17,C1116,P3038,6,0.05,595.11,3570.66,178.53,3392.13,2025-10-17,
SI102093,2025-07-24,C1060,P3053,7,0.0,2275.72,15930.04,0.0,15930.04,2025-08-08,2025-08-08
SI102094,2025-02-28,C1057,P3029,8,0.02,1017.07,8136.56,162.73,7973.83,2025-04-14,2025-04-16
SI102095,2026-04-16,C1023,P3041,8,0.02,1655.7,13245.6,264.91,12980.69,2026-05-01,2026-05-02
SI102096,2026-04-11,C1022,P3036,9,0.05,2524.78,22723.02,1136.15,21586.87,2026-06-10,2026-06-10
SI102097,2025-01-12,C1068,P3026,10,0.08,2009.9,20099.0,1607.92,18491.08,2025-02-11,2025-02-14
SI102098,2025-10-17,C1034,P3031,11,0.2,1098.22,12080.42,2416.08,9664.34,2025-12-16,2026-01-05
SI102099,2025-12-20,C1120,P3044,3,0.0,450.62,1351.86,0.0,1351.86,2026-01-19,2026-01-28
SI102100,2025-03-16,C1070,P3060,10,0.08,157.9,1579.0,126.32,1452.68,2025-04-15,2025-04-15
SI102101,2026-03-17,C1028,P3012,7,0.08,626.03,4382.21,350.58,4031.63,2026-05-01,
SI102102,2025-08-29,C1095,P3055,7,0.05,2802.87,19620.09,981.0,18639.09,2025-09-13,2025-09-13
SI102103,2025-06-03,C1099,P3017,1,0.15,1213.79,1213.79,182.07,1031.72,2025-07-03,2025-07-03
SI102104,2025-04-06,C1039,P3015,8,0.02,3965.84,31726.72,634.53,31092.19,2025-05-21,2025-05-28
SI102105,2025-10-21,C1042,P3009,4,0.0,939.78,3759.12,0.0,3759.12,2025-11-20,2025-11-26
SI102106,2025-07-28,C1023,P3039,5,0.08,380.94,1904.7,152.38,1752.32,2025-08-12,
SI102107,2025-12-09,C1070,P3042,6,0.05,2136.42,12818.52,640.93,12177.59,2026-01-08,2026-01-09
SI102108,2025-03-29,C1080,P3048,3,0.0,1671.29,5013.87,0.0,5013.87,2025-04-28,2025-05-08
SI102109,2026-01-25,C1002,P3012,5,0.02,626.03,3130.15,62.6,3067.55,2026-03-26,2026-04-13
SI102110,2025-11-21,C1024,P3032,10,0.05,1742.31,17423.1,871.16,16551.94,2025-12-21,
SI102111,2025-06-06,C1017,P3025,5,0.08,802.15,4010.75,320.86,3689.89,2025-08-05,2025-08-16
SI102112,2025-05-17,C1109,P3039,1,0.02,380.94,380.94,7.62,373.32,2025-06-16,2025-06-16
SI102113,2026-03-04,C1065,P3018,3,0.05,2434.61,7303.83,365.19,6938.64,2026-04-18,2026-04-18
SI102114,2026-03-28,C1070,P3015,3,0.05,3965.84,11897.52,594.88,11302.64,2026-04-27,2026-04-28
SI102115,2025-05-21,C1069,P3032,1,0.05,1742.31,1742.31,87.12,1655.19,2025-07-05,2025-07-05
SI102116,2025-03-24,C1109,P3006,7,0.2,269.22,1884.54,376.91,1507.63,2025-04-23,
SI102117,2025-06-26,C1060,P3058,1,0.0,226.7,226.7,0.0,226.7,2025-07-11,2025-07-30
SI102118,2025-07-17,C1119,P3044,7,0.2,450.62,3154.34,630.87,2523.47,2025-09-15,2025-10-10
SI102119,2026-02-25,C1050,P3043,4,0.08,3207.57,12830.28,1026.42,11803.86,2026-03-27,2026-03-27
SI102120,2026-02-05,C1093,P3052,9,0.1,1201.09,10809.81,1080.98,9728.83,2026-02-20,2026-02-25
SI102121,2026-04-16,C1012,P3035,7,0.05,1580.55,11063.85,553.19,10510.66,2026-05-16,
SI102122,2025-08-06,C1103,P3034,5,0.05,1214.64,6073.2,303.66,5769.54,2025-09-05,2025-09-06
SI102123,2025-06-24,C1047,P3038,7,0.15,595.11,4165.77,624.87,3540.9,2025-07-24,2025-07-24
SI102124,2025-01-23,C1067,P3056,9,0.15,1862.7,16764.3,2514.64,14249.66,2025-02-22,2025-02-22
SI102125,2025-08-23,C1112,P3054,10,0.02,1517.45,15174.5,303.49,14871.01,2025-10-07,2025-10-22
SI102126,2025-01-13,C1065,P3057,6,0.02,339.43,2036.58,40.73,1995.85,2025-02-27,2025-03-03
SI102127,2025-04-11,C1027,P3005,1,0.05,1385.35,1385.35,69.27,1316.08,2025-05-26,2025-05-26
SI102128,2026-06-20,C1048,P3018,6,0.15,2434.61,14607.66,2191.15,12416.51,2026-07-20,2026-07-27
SI102129,2026-06-07,C1088,P3016,1,0.05,2713.06,2713.06,135.65,2577.41,2026-07-07,2026-07-13
SI102130,2026-03-28,C1062,P3008,4,0.08,3538.95,14155.8,1132.46,13023.34,2026-04-27,2026-05-24
SI102131,2026-03-07,C1044,P3025,8,0.08,802.15,6417.2,513.38,5903.82,2026-03-22,2026-03-24
SI102132,2026-06-17,C1019,P3032,5,0.1,1742.31,8711.55,871.16,7840.39,2026-07-17,2026-08-27
SI102133,2025-10-20,C1059,P3026,5,0.08,2009.9,10049.5,803.96,9245.54,2025-11-19,
SI102134,2025-04-11,C1008,P3052,10,0.05,1201.09,12010.9,600.54,11410.36,2025-06-10,2025-07-21
SI102135,2026-05-17,C1055,P3022,11,0.2,1625.31,17878.41,3575.68,14302.73,2026-06-01,
SI102136,2025-10-31,C1108,P3031,8,0.08,1098.22,8785.76,702.86,8082.9,2025-11-15,2025-11-23
SI102137,2026-06-24,C1047,P3043,8,0.1,3207.57,25660.56,2566.06,23094.5,2026-07-24,2026-07-27
SI102138,2025-12-21,C1002,P3010,1,0.05,2279.96,2279.96,114.0,2165.96,2026-02-19,2026-03-05
SI102139,2025-10-30,C1094,P3056,5,0.08,1862.7,9313.5,745.08,8568.42,2025-11-14,2025-11-19
SI102140,2026-05-11,C1094,P3057,5,0.02,339.43,1697.15,33.94,1663.21,2026-05-26,2026-06-11
SI102141,2025-08-15,C1113,P3012,8,0.02,626.03,5008.24,100.16,4908.08,2025-09-29,2025-09-29
SI102142,2025-08-24,C1039,P3053,1,0.08,2275.72,2275.72,182.06,2093.66,2025-10-08,2025-10-16
SI102143,2026-03-31,C1045,P3028,7,0.08,925.58,6479.06,518.32,5960.74,2026-04-30,2026-04-30
SI102144,2025-01-13,C1032,P3006,7,0.08,269.22,1884.54,150.76,1733.78,2025-02-27,2025-03-02
SI102145,2025-07-29,C1065,P3059,9,0.02,578.62,5207.58,104.15,5103.43,2025-09-12,2025-09-27
SI102146,2026-02-01,C1038,P3020,2,0.08,3394.02,6788.04,543.04,6245.0,2026-03-03,2026-03-10
SI102147,2025-04-10,C1077,P3005,3,0.05,1385.35,4156.05,207.8,3948.25,2025-05-10,2025-05-28
SI102148,2025-01-31,C1011,P3023,4,0.08,448.2,1792.8,143.42,1649.38,2025-03-02,2025-03-20
SI102149,2026-06-12,C1010,P3009,1,0.05,939.78,939.78,46.99,892.79,2026-07-27,2026-08-05
SI102150,2025-11-25,C1112,P3058,7,0.08,226.7,1586.9,126.95,1459.95,2026-01-09,2026-02-13
SI102151,2025-06-15,C1059,P3059,10,0.1,578.62,5786.2,578.62,5207.58,2025-07-15,2025-07-15
SI102152,2026-04-04,C1090,P3029,3,0.02,1017.07,3051.21,61.02,2990.19,2026-05-04,2026-06-01
SI102153,2025-04-10,C1120,P3016,3,0.05,2713.06,8139.18,406.96,7732.22,2025-05-10,2025-05-22
SI102154,2025-06-22,C1055,P3054,3,0.08,1517.45,4552.35,364.19,4188.16,2025-07-07,2025-07-28
SI102155,2025-06-11,C1020,P3046,8,0.08,2017.69,16141.52,1291.32,14850.2,2025-06-26,2025-06-26
SI102156,2025-09-20,C1081,P3022,9,0.08,1625.31,14627.79,1170.22,13457.57,2025-10-20,2025-11-05
SI102157,2025-10-01,C1017,P3008,10,0.08,3538.95,35389.5,2831.16,32558.34,2025-11-30,2025-12-20
SI102158,2025-01-03,C1068,P3059,2,0.05,578.62,1157.24,57.86,1099.38,2025-02-02,2025-02-02
SI102159,2025-01-28,C1005,P3020,10,0.05,3394.02,33940.2,1697.01,32243.19,2025-02-12,2025-02-21
SI102160,2025-11-22,C1060,P3051,10,0.02,3798.59,37985.9,759.72,37226.18,2025-12-07,
SI102161,2025-05-29,C1023,P3014,1,0.02,1012.57,1012.57,20.25,992.32,2025-06-13,2025-06-14
SI102162,2026-06-24,C1046,P3039,9,0.08,380.94,3428.46,274.28,3154.18,2026-07-09,2026-07-09
SI102163,2026-05-03,C1052,P3037,6,0.0,1078.42,6470.52,0.0,6470.52,2026-05-18,2026-05-29
SI102164,2026-03-14,C1010,P3050,9,0.15,1957.91,17621.19,2643.18,14978.01,2026-04-28,2026-04-28
SI102165,2025-03-06,C1046,P3034,6,0.1,1214.64,7287.84,728.78,6559.06,2025-03-21,2025-03-23
SI102166,2025-12-22,C1028,P3011,2,0.15,335.11,670.22,100.53,569.69,2026-02-05,
SI102167,2026-06-17,C1097,P3054,1,0.15,1517.45,1517.45,227.62,1289.83,2026-08-01,2026-09-13
SI102168,2025-09-09,C1043,P3040,8,0.05,2880.96,23047.68,1152.38,21895.3,2025-10-09,2025-10-18
SI102169,2025-08-23,C1026,P3033,3,0.15,246.53,739.59,110.94,628.65,2025-10-07,2025-10-12
SI102170,2025-08-15,C1055,P3031,1,0.02,1098.22,1098.22,21.96,1076.26,2025-08-30,2025-08-30
SI102171,2026-06-09,C1114,P3059,8,0.0,578.62,4628.96,0.0,4628.96,2026-07-09,2026-07-09
SI102172,2025-11-09,C1048,P3054,1,0.1,1517.45,1517.45,151.74,1365.71,2025-12-09,2026-01-14
SI102173,2025-02-18,C1029,P3044,8,0.0,450.62,3604.96,0.0,3604.96,2025-03-20,2025-03-22
SI102174,2025-04-28,C1027,P3034,1,0.2,1214.64,1214.64,242.93,971.71,2025-06-12,
SI102175,2025-02-23,C1018,P3050,9,0.08,1957.91,17621.19,1409.7,16211.49,2025-04-09,2025-05-01
SI102176,2025-02-13,C1104,P3007,9,0.1,3525.77,31731.93,3173.19,28558.74,2025-03-15,2025-03-15
SI102177,2025-02-22,C1060,P3058,9,0.02,226.7,2040.3,40.81,1999.49,2025-03-09,2025-04-07
SI102178,2026-06-09,C1074,P3049,3,0.08,2738.46,8215.38,657.23,7558.15,2026-08-08,2026-08-11
SI102179,2025-04-12,C1106,P3054,4,0.0,1517.45,6069.8,0.0,6069.8,2025-05-12,2025-05-12
SI102180,2026-02-02,C1069,P3023,5,0.1,448.2,2241.0,224.1,2016.9,2026-03-19,2026-05-01
SI102181,2025-05-18,C1074,P3046,6,0.02,2017.69,12106.14,242.12,11864.02,2025-07-17,2025-07-17
SI102182,2026-01-22,C1114,P3056,9,0.08,1862.7,16764.3,1341.14,15423.16,2026-02-21,2026-03-06
SI102183,2025-04-21,C1021,P3007,11,0.02,3525.77,38783.47,775.67,38007.8,2025-05-21,2025-06-02
SI102184,2025-01-17,C1024,P3054,4,0.0,1517.45,6069.8,0.0,6069.8,2025-02-16,2025-02-16
SI102185,2025-07-01,C1102,P3025,6,0.05,802.15,4812.9,240.64,4572.26,2025-07-31,
SI102186,2026-06-20,C1003,P3003,1,0.02,3501.32,3501.32,70.03,3431.29,2026-08-19,2026-08-20
SI102187,2026-06-25,C1104,P3059,2,0.1,578.62,1157.24,115.72,1041.52,2026-07-25,2026-07-25
SI102188,2025-06-20,C1095,P3038,8,0.02,595.11,4760.88,95.22,4665.66,2025-07-05,2025-07-26
SI102189,2026-02-13,C1062,P3020,4,0.05,3394.02,13576.08,678.8,12897.28,2026-03-15,
SI102190,2026-01-13,C1105,P3034,10,0.08,1214.64,12146.4,971.71,11174.69,2026-02-12,
SI102191,2025-07-07,C1101,P3049,7,0.05,2738.46,19169.22,958.46,18210.76,2025-08-06,2025-08-15
SI102192,2025-08-18,C1002,P3044,4,0.05,450.62,1802.48,90.12,1712.36,2025-10-17,2025-10-24
SI102193,2025-04-29,C1066,P3044,9,0.1,450.62,4055.58,405.56,3650.02,2025-06-28,2025-07-02
SI102194,2025-06-05,C1103,P3030,9,0.02,1311.58,11804.22,236.08,11568.14,2025-07-05,2025-07-21
SI102195,2026-04-10,C1113,P3017,4,0.0,1213.79,4855.16,0.0,4855.16,2026-05-25,2026-05-25
SI102196,2025-04-14,C1042,P3059,8,0.05,578.62,4628.96,231.45,4397.51,2025-05-14,2025-06-04
SI102197,2026-05-17,C1108,P3010,6,0.05,2279.96,13679.76,683.99,12995.77,2026-06-01,
SI102198,2025-06-24,C1034,P3035,1,0.08,1580.55,1580.55,126.44,1454.11,2025-08-23,2025-09-04
SI102199,2026-02-25,C1042,P3020,7,0.05,3394.02,23758.14,1187.91,22570.23,2026-03-27,2026-03-27
SI102200,2025-05-14,C1020,P3018,1,0.1,2434.61,2434.61,243.46,2191.15,2025-05-29,2025-05-30
SI102201,2026-01-26,C1097,P3045,3,0.0,2906.1,8718.3,0.0,8718.3,2026-03-12,
SI102202,2026-05-16,C1068,P3044,8,0.05,450.62,3604.96,180.25,3424.71,2026-06-15,2026-07-05
SI102203,2025-02-02,C1045,P3027,9,0.05,1582.59,14243.31,712.17,13531.14,2025-03-04,2025-03-06
SI102204,2025-02-24,C1108,P3059,3,0.08,578.62,1735.86,138.87,1596.99,2025-03-11,2025-03-11
SI102205,2026-06-03,C1075,P3059,1,0.2,578.62,578.62,115.72,462.9,2026-07-18,2026-07-18
SI102206,2025-01-12,C1042,P3049,1,0.05,2738.46,2738.46,136.92,2601.54,2025-02-11,
SI102207,2026-06-12,C1047,P3036,7,0.2,2524.78,17673.46,3534.69,14138.77,2026-07-12,2026-07-16
SI102208,2026-01-08,C1005,P3023,5,0.05,448.2,2241.0,112.05,2128.95,2026-01-23,2026-01-23
SI102209,2026-04-29,C1089,P3032,1,0.0,1742.31,1742.31,0.0,1742.31,2026-05-29,2026-06-15
SI102210,2025-08-16,C1049,P3010,6,0.02,2279.96,13679.76,273.6,13406.16,2025-09-15,2025-09-15
SI102211,2025-11-03,C1037,P3011,6,0.05,335.11,2010.66,100.53,1910.13,2025-12-18,2026-01-08
SI102212,2026-04-02,C1034,P3038,4,0.05,595.11,2380.44,119.02,2261.42,2026-06-01,2026-06-01
SI102213,2025-06-09,C1073,P3006,7,0.0,269.22,1884.54,0.0,1884.54,2025-06-24,2025-07-04
SI102214,2025-11-27,C1070,P3059,7,0.05,578.62,4050.34,202.52,3847.82,2025-12-27,2025-12-31
SI102215,2025-08-13,C1018,P3041,9,0.05,1655.7,14901.3,745.06,14156.24,2025-09-27,2025-09-30
SI102216,2026-05-19,C1078,P3047,1,0.02,722.13,722.13,14.44,707.69,2026-06-18,2026-06-25
SI102217,2026-04-01,C1019,P3034,5,0.05,1214.64,6073.2,303.66,5769.54,2026-05-01,2026-05-14
SI102218,2025-02-14,C1078,P3036,10,0.15,2524.78,25247.8,3787.17,21460.63,2025-03-16,2025-03-18
SI102219,2025-08-02,C1040,P3037,3,0.05,1078.42,3235.26,161.76,3073.5,2025-09-16,2025-09-21
SI102220,2025-02-28,C1017,P3017,7,0.08,1213.79,8496.53,679.72,7816.81,2025-04-29,2025-04-29
SI102221,2025-07-14,C1060,P3040,4,0.08,2880.96,11523.84,921.91,10601.93,2025-07-29,2025-07-29
SI102222,2026-05-04,C1099,P3040,4,0.05,2880.96,11523.84,576.19,10947.65,2026-06-03,
SI102223,2025-06-06,C1093,P3054,1,0.02,1517.45,1517.45,30.35,1487.1,2025-06-21,2025-06-21
SI102224,2025-08-14,C1042,P3012,1,0.05,626.03,626.03,31.3,594.73,2025-09-13,2025-09-27
SI102225,2026-02-16,C1081,P3021,10,0.08,308.88,3088.8,247.1,2841.7,2026-03-18,2026-04-06
SI102226,2025-07-24,C1107,P3040,2,0.05,2880.96,5761.92,288.1,5473.82,2025-08-23,2025-09-02
SI102227,2025-03-20,C1072,P3019,2,0.02,2731.93,5463.86,109.28,5354.58,2025-04-04,2025-04-05
SI102228,2025-05-04,C1065,P3003,1,0.0,3501.32,3501.32,0.0,3501.32,2025-06-18,2025-07-04
SI102229,2026-04-16,C1109,P3018,8,0.15,2434.61,19476.88,2921.53,16555.35,2026-05-16,
SI102230,2025-08-06,C1053,P3053,6,0.05,2275.72,13654.32,682.72,12971.6,2025-09-20,2025-09-26
SI102231,2026-05-31,C1100,P3051,6,0.08,3798.59,22791.54,1823.32,20968.22,2026-06-15,2026-06-21
SI102232,2025-04-14,C1007,P3019,10,0.05,2731.93,27319.3,1365.96,25953.34,2025-05-14,2025-05-23
SI102233,2026-01-28,C1110,P3047,10,0.15,722.13,7221.3,1083.2,6138.1,2026-02-27,2026-03-29
SI102234,2026-03-10,C1005,P3006,9,0.08,269.22,2422.98,193.84,2229.14,2026-03-25,2026-04-20
SI102235,2025-11-27,C1024,P3016,5,0.05,2713.06,13565.3,678.26,12887.04,2025-12-27,2025-12-29
SI102236,2025-05-23,C1028,P3008,4,0.15,3538.95,14155.8,2123.37,12032.43,2025-07-07,2025-07-09
SI102237,2026-06-24,C1062,P3048,11,0.08,1671.29,18384.19,1470.74,16913.45,2026-07-24,2026-07-24
SI102238,2025-10-05,C1107,P3018,6,0.0,2434.61,14607.66,0.0,14607.66,2025-11-04,2025-11-07
SI102239,2025-08-21,C1017,P3052,8,0.02,1201.09,9608.72,192.17,9416.55,2025-10-20,
SI102240,2026-06-13,C1101,P3048,1,0.1,1671.29,1671.29,167.13,1504.16,2026-07-13,2026-07-27
SI102241,2025-03-31,C1020,P3043,7,0.1,3207.57,22452.99,2245.3,20207.69,2025-04-15,2025-04-15
SI102242,2026-05-07,C1003,P3039,8,0.08,380.94,3047.52,243.8,2803.72,2026-07-06,2026-07-31
SI102243,2025-07-18,C1037,P3049,9,0.08,2738.46,24646.14,1971.69,22674.45,2025-09-01,2025-09-13
SI102244,2025-12-28,C1090,P3049,11,0.08,2738.46,30123.06,2409.84,27713.22,2026-01-27,
SI102245,2026-03-17,C1015,P3012,8,0.05,626.03,5008.24,250.41,4757.83,2026-04-16,2026-04-21
SI102246,2025-01-26,C1051,P3045,7,0.08,2906.1,20342.7,1627.42,18715.28,2025-02-10,2025-02-10
SI102247,2025-01-25,C1048,P3010,3,0.0,2279.96,6839.88,0.0,6839.88,2025-02-24,
SI102248,2026-01-29,C1008,P3007,2,0.2,3525.77,7051.54,1410.31,5641.23,2026-03-30,2026-04-08
SI102249,2026-05-22,C1013,P3046,3,0.1,2017.69,6053.07,605.31,5447.76,2026-07-06,2026-07-30
SI102250,2025-10-28,C1048,P3055,4,0.08,2802.87,11211.48,896.92,10314.56,2025-11-27,2025-11-27
SI102251,2025-12-05,C1003,P3001,4,0.05,1380.63,5522.52,276.13,5246.39,2026-02-03,2026-02-03
SI102252,2025-09-24,C1065,P3049,6,0.02,2738.46,16430.76,328.62,16102.14,2025-11-08,2025-11-08
SI102253,2026-04-06,C1073,P3036,7,0.05,2524.78,17673.46,883.67,16789.79,2026-04-21,2026-04-21
SI102254,2026-04-01,C1031,P3021,4,0.08,308.88,1235.52,98.84,1136.68,2026-05-16,2026-05-22
SI102255,2025-12-26,C1105,P3037,10,0.08,1078.42,10784.2,862.74,9921.46,2026-01-25,2026-02-09
SI102256,2025-03-09,C1118,P3052,6,0.05,1201.09,7206.54,360.33,6846.21,2025-04-08,
SI102257,2026-02-16,C1026,P3024,9,0.08,1395.29,12557.61,1004.61,11553.0,2026-04-02,2026-04-03
SI102258,2026-05-06,C1081,P3055,6,0.1,2802.87,16817.22,1681.72,15135.5,2026-06-05,2026-06-07
SI102259,2025-02-18,C1056,P3025,3,0.0,802.15,2406.45,0.0,2406.45,2025-03-20,2025-03-20
SI102260,2025-04-12,C1034,P3007,1,0.05,3525.77,3525.77,176.29,3349.48,2025-06-11,2025-06-19
SI102261,2025-08-04,C1009,P3042,11,0.1,2136.42,23500.62,2350.06,21150.56,2025-10-03,2025-10-06
SI102262,2026-03-14,C1062,P3017,10,0.08,1213.79,12137.9,971.03,11166.87,2026-04-13,2026-04-13
SI102263,2025-06-08,C1120,P3029,10,0.08,1017.07,10170.7,813.66,9357.04,2025-07-08,2025-07-08
SI102264,2026-05-04,C1115,P3030,5,0.05,1311.58,6557.9,327.9,6230.0,2026-05-19,2026-05-19
SI102265,2025-08-30,C1013,P3007,10,0.2,3525.77,35257.7,7051.54,28206.16,2025-10-14,2025-10-14
SI102266,2025-01-05,C1069,P3033,10,0.0,246.53,2465.3,0.0,2465.3,2025-02-19,2025-02-21
SI102267,2025-12-27,C1041,P3007,3,0.05,3525.77,10577.31,528.87,10048.44,2026-02-10,2026-02-10
SI102268,2026-04-04,C1077,P3058,8,0.0,226.7,1813.6,0.0,1813.6,2026-05-04,2026-05-30
SI102269,2025-09-05,C1001,P3024,10,0.02,1395.29,13952.9,279.06,13673.84,2025-11-04,2025-11-07
SI102270,2026-02-26,C1089,P3011,1,0.05,335.11,335.11,16.76,318.35,2026-03-28,2026-04-03
SI102271,2025-01-15,C1047,P3009,11,0.02,939.78,10337.58,206.75,10130.83,2025-02-14,2025-03-20
SI102272,2025-05-02,C1004,P3012,2,0.2,626.03,1252.06,250.41,1001.65,2025-06-01,2025-07-02
SI102273,2025-10-04,C1100,P3035,3,0.2,1580.55,4741.65,948.33,3793.32,2025-10-19,2025-11-02
SI102274,2026-03-29,C1063,P3004,3,0.05,2184.56,6553.68,327.68,6226.0,2026-04-28,2026-04-28
SI102275,2026-01-25,C1052,P3036,8,0.08,2524.78,20198.24,1615.86,18582.38,2026-02-09,2026-02-09
SI102276,2025-10-21,C1010,P3028,5,0.08,925.58,4627.9,370.23,4257.67,2025-12-05,2025-12-16
SI102277,2026-03-22,C1028,P3057,8,0.1,339.43,2715.44,271.54,2443.9,2026-05-06,2026-06-07
SI102278,2025-07-29,C1006,P3013,11,0.08,791.6,8707.6,696.61,8010.99,2025-09-27,2025-09-27
SI102279,2025-10-29,C1027,P3023,11,0.0,448.2,4930.2,0.0,4930.2,2025-12-13,2025-12-23
SI102280,2025-08-11,C1120,P3019,6,0.1,2731.93,16391.58,1639.16,14752.42,2025-09-10,2025-09-10
SI102281,2025-01-03,C1012,P3042,2,0.1,2136.42,4272.84,427.28,3845.56,2025-02-02,2025-02-11
SI102282,2026-06-02,C1062,P3037,11,0.05,1078.42,11862.62,593.13,11269.49,2026-07-02,2026-07-06
SI102283,2025-04-03,C1052,P3039,4,0.15,380.94,1523.76,228.56,1295.2,2025-04-18,2025-04-18
SI102284,2026-06-04,C1048,P3024,9,0.15,1395.29,12557.61,1883.64,10673.97,2026-07-04,2026-07-04
SI102285,2026-03-04,C1067,P3016,4,0.08,2713.06,10852.24,868.18,9984.06,2026-04-03,2026-04-29
SI102286,2026-05-08,C1046,P3033,5,0.08,246.53,1232.65,98.61,1134.04,2026-05-23,2026-05-29
SI102287,2025-08-23,C1097,P3012,5,0.2,626.03,3130.15,626.03,2504.12,2025-10-07,2025-11-03
SI102288,2025-06-10,C1074,P3034,10,0.05,1214.64,12146.4,607.32,11539.08,2025-08-09,2025-08-09
SI102289,2025-11-27,C1095,P3007,8,0.05,3525.77,28206.16,1410.31,26795.85,2025-12-12,2026-01-14
SI102290,2025-11-29,C1015,P3011,6,0.02,335.11,2010.66,40.21,1970.45,2025-12-29,
SI102291,2025-02-19,C1071,P3031,10,0.15,1098.22,10982.2,1647.33,9334.87,2025-03-21,2025-03-25
SI102292,2026-06-07,C1036,P3029,7,0.1,1017.07,7119.49,711.95,6407.54,2026-07-07,
SI102293,2026-05-07,C1014,P3013,6,0.0,791.6,4749.6,0.0,4749.6,2026-06-06,2026-06-18
SI102294,2025-09-29,C1120,P3031,5,0.2,1098.22,5491.1,1098.22,4392.88,2025-10-29,2025-10-29
SI102295,2025-09-09,C1112,P3002,5,0.1,3041.97,15209.85,1520.98,13688.87,2025-10-24,2025-11-07
SI102296,2025-03-31,C1078,P3039,3,0.15,380.94,1142.82,171.42,971.4,2025-04-30,2025-04-30
SI102297,2026-03-22,C1003,P3015,7,0.0,3965.84,27760.88,0.0,27760.88,2026-05-21,2026-05-23
SI102298,2025-11-28,C1113,P3057,10,0.05,339.43,3394.3,169.72,3224.58,2026-01-12,
SI102299,2025-05-19,C1117,P3011,5,0.08,335.11,1675.55,134.04,1541.51,2025-06-03,2025-06-03
SI102300,2025-12-23,C1110,P3034,7,0.08,1214.64,8502.48,680.2,7822.28,2026-01-22,2026-03-04
SI102301,2025-10-01,C1114,P3039,2,0.08,380.94,761.88,60.95,700.93,2025-10-31,2025-11-04
SI102302,2025-01-19,C1067,P3004,9,0.1,2184.56,19661.04,1966.1,17694.94,2025-02-18,2025-03-26
SI102303,2025-11-07,C1086,P3011,8,0.05,335.11,2680.88,134.04,2546.84,2025-12-22,2026-01-05
SI102304,2025-06-03,C1019,P3029,5,0.15,1017.07,5085.35,762.8,4322.55,2025-07-03,
SI102305,2026-01-25,C1099,P3002,2,0.02,3041.97,6083.94,121.68,5962.26,2026-02-24,2026-03-12
SI102306,2025-09-17,C1076,P3016,6,0.05,2713.06,16278.36,813.92,15464.44,2025-11-01,2025-11-10
SI102307,2025-05-05,C1054,P3039,8,0.0,380.94,3047.52,0.0,3047.52,2025-06-04,2025-06-04
SI102308,2025-12-20,C1069,P3013,7,0.05,791.6,5541.2,277.06,5264.14,2026-02-03,2026-03-04
SI102309,2025-09-30,C1010,P3037,8,0.05,1078.42,8627.36,431.37,8195.99,2025-11-14,2025-11-14
SI102310,2025-09-02,C1105,P3017,4,0.1,1213.79,4855.16,485.52,4369.64,2025-10-02,
SI102311,2026-03-26,C1033,P3021,3,0.08,308.88,926.64,74.13,852.51,2026-05-10,2026-05-22
SI102312,2025-09-04,C1013,P3044,7,0.05,450.62,3154.34,157.72,2996.62,2025-10-19,2025-10-22
SI102313,2026-06-04,C1099,P3060,2,0.08,157.9,315.8,25.26,290.54,2026-07-04,2026-08-11
SI102314,2025-05-21,C1051,P3019,5,0.0,2731.93,13659.65,0.0,13659.65,2025-06-05,2025-06-05
SI102315,2025-12-28,C1032,P3007,7,0.02,3525.77,24680.39,493.61,24186.78,2026-02-11,2026-02-11
SI102316,2025-01-08,C1075,P3038,1,0.08,595.11,595.11,47.61,547.5,2025-02-22,2025-02-23
SI102317,2026-04-23,C1112,P3008,4,0.08,3538.95,14155.8,1132.46,13023.34,2026-06-07,2026-07-03
SI102318,2025-12-18,C1102,P3013,2,0.1,791.6,1583.2,158.32,1424.88,2026-01-17,2026-01-17
SI102319,2026-05-10,C1024,P3037,6,0.05,1078.42,6470.52,323.53,6146.99,2026-06-09,2026-06-09
SI102320,2026-03-03,C1035,P3002,1,0.1,3041.97,3041.97,304.2,2737.77,2026-04-02,2026-04-02
SI102321,2025-02-08,C1083,P3041,7,0.08,1655.7,11589.9,927.19,10662.71,2025-03-25,2025-04-07
SI102322,2025-07-06,C1070,P3011,3,0.2,335.11,1005.33,201.07,804.26,2025-08-05,
SI102323,2025-04-03,C1040,P3024,1,0.02,1395.29,1395.29,27.91,1367.38,2025-05-18,
SI102324,2025-03-27,C1054,P3006,8,0.08,269.22,2153.76,172.3,1981.46,2025-04-26,2025-05-29
SI102325,2025-02-13,C1109,P3026,7,0.08,2009.9,14069.3,1125.54,12943.76,2025-03-15,2025-03-17
SI102326,2025-05-17,C1044,P3007,2,0.2,3525.77,7051.54,1410.31,5641.23,2025-06-01,2025-06-28
SI102327,2026-02-25,C1062,P3057,7,0.02,339.43,2376.01,47.52,2328.49,2026-03-27,2026-04-05
SI102328,2025-03-15,C1106,P3039,3,0.08,380.94,1142.82,91.43,1051.39,2025-04-14,2025-04-14
SI102329,2026-07-02,C1099,P3019,9,0.05,2731.93,24587.37,1229.37,23358.0,2026-08-01,2026-08-03
SI102330,2026-05-27,C1068,P3006,8,0.08,269.22,2153.76,172.3,1981.46,2026-06-26,2026-07-23
SI102331,2025-06-05,C1033,P3043,5,0.02,3207.57,16037.85,320.76,15717.09,2025-07-20,
SI102332,2025-09-12,C1077,P3029,7,0.0,1017.07,7119.49,0.0,7119.49,2025-10-12,2025-10-12
SI102333,2025-06-20,C1056,P3043,3,0.08,3207.57,9622.71,769.82,8852.89,2025-07-20,2025-07-20
SI102334,2025-06-19,C1036,P3039,1,0.05,380.94,380.94,19.05,361.89,2025-07-19,2025-07-30
SI102335,2025-11-18,C1054,P3002,1,0.02,3041.97,3041.97,60.84,2981.13,2025-12-18,2025-12-31
SI102336,2026-04-01,C1107,P3019,11,0.05,2731.93,30051.23,1502.56,28548.67,2026-05-01,
SI102337,2025-06-04,C1019,P3004,2,0.0,2184.56,4369.12,0.0,4369.12,2025-07-04,
SI102338,2025-12-15,C1043,P3058,8,0.2,226.7,1813.6,362.72,1450.88,2026-01-14,2026-01-14
SI102339,2026-03-27,C1012,P3006,1,0.08,269.22,269.22,21.54,247.68,2026-04-26,
SI102340,2025-06-22,C1011,P3049,11,0.1,2738.46,30123.06,3012.31,27110.75,2025-07-22,2025-08-04
SI102341,2025-01-10,C1070,P3057,5,0.05,339.43,1697.15,84.86,1612.29,2025-02-09,2025-02-14
SI102342,2025-09-22,C1012,P3037,9,0.15,1078.42,9705.78,1455.87,8249.91,2025-10-22,2025-12-11
SI102343,2026-03-14,C1091,P3028,9,0.05,925.58,8330.22,416.51,7913.71,2026-04-13,2026-04-13
SI102344,2025-09-04,C1041,P3030,2,0.08,1311.58,2623.16,209.85,2413.31,2025-10-19,2025-10-25
SI102345,2026-06-30,C1025,P3007,7,0.05,3525.77,24680.39,1234.02,23446.37,2026-08-14,2026-08-14
SI102346,2026-05-14,C1106,P3009,11,0.1,939.78,10337.58,1033.76,9303.82,2026-06-13,2026-06-26
SI102347,2025-05-09,C1003,P3025,1,0.08,802.15,802.15,64.17,737.98,2025-07-08,2025-07-17
SI102348,2025-11-23,C1003,P3033,3,0.05,246.53,739.59,36.98,702.61,2026-01-22,2026-02-03
SI102349,2026-02-08,C1084,P3001,6,0.02,1380.63,8283.78,165.68,8118.1,2026-03-10,2026-03-10
SI102350,2025-12-25,C1028,P3051,9,0.08,3798.59,34187.31,2734.98,31452.33,2026-02-08,2026-03-08
SI102351,2025-01-17,C1023,P3006,10,0.05,269.22,2692.2,134.61,2557.59,2025-02-01,2025-02-01
SI102352,2025-10-01,C1048,P3018,2,0.0,2434.61,4869.22,0.0,4869.22,2025-10-31,2025-10-31
SI102353,2025-04-26,C1067,P3010,7,0.05,2279.96,15959.72,797.99,15161.73,2025-05-26,2025-05-28
SI102354,2025-04-01,C1042,P3028,4,0.05,925.58,3702.32,185.12,3517.2,2025-05-01,
SI102355,2025-03-23,C1088,P3011,2,0.1,335.11,670.22,67.02,603.2,2025-04-22,
SI102356,2025-11-20,C1107,P3033,3,0.0,246.53,739.59,0.0,739.59,2025-12-20,2026-01-21
SI102357,2025-04-24,C1040,P3001,6,0.05,1380.63,8283.78,414.19,7869.59,2025-06-08,2025-06-09
SI102358,2025-02-27,C1006,P3013,10,0.1,791.6,7916.0,791.6,7124.4,2025-04-28,2025-05-23
SI102359,2025-06-03,C1020,P3037,9,0.08,1078.42,9705.78,776.46,8929.32,2025-06-18,2025-06-27
SI102360,2026-02-08,C1011,P3020,8,0.05,3394.02,27152.16,1357.61,25794.55,2026-03-10,2026-03-10
SI102361,2025-09-23,C1096,P3001,10,0.15,1380.63,13806.3,2070.94,11735.36,2025-10-08,2025-10-15
SI102362,2025-11-11,C1027,P3052,11,0.05,1201.09,13211.99,660.6,12551.39,2025-12-26,2026-01-04
SI102363,2025-02-10,C1021,P3003,9,0.05,3501.32,31511.88,1575.59,29936.29,2025-03-12,2025-03-30
SI102364,2025-04-15,C1108,P3018,4,0.2,2434.61,9738.44,1947.69,7790.75,2025-04-30,2025-04-30
SI102365,2025-07-12,C1112,P3041,4,0.2,1655.7,6622.8,1324.56,5298.24,2025-08-26,2025-08-31
SI102366,2026-02-05,C1114,P3014,9,0.05,1012.57,9113.13,455.66,8657.47,2026-03-07,
SI102367,2025-10-05,C1013,P3031,8,0.02,1098.22,8785.76,175.72,8610.04,2025-11-19,2025-12-08
SI102368,2025-12-20,C1086,P3027,2,0.05,1582.59,3165.18,158.26,3006.92,2026-02-03,2026-02-14
SI102369,2025-09-13,C1035,P3017,8,0.0,1213.79,9710.32,0.0,9710.32,2025-10-13,
SI102370,2025-04-09,C1047,P3055,1,0.0,2802.87,2802.87,0.0,2802.87,2025-05-09,2025-05-17
SI102371,2025-10-09,C1086,P3046,9,0.05,2017.69,18159.21,907.96,17251.25,2025-11-23,2025-12-10
SI102372,2026-02-07,C1028,P3029,9,0.2,1017.07,9153.63,1830.73,7322.9,2026-03-24,2026-03-24
SI102373,2025-04-19,C1021,P3036,8,0.15,2524.78,20198.24,3029.74,17168.5,2025-05-19,2025-05-19
SI102374,2025-07-18,C1110,P3037,11,0.05,1078.42,11862.62,593.13,11269.49,2025-08-17,
SI102375,2025-10-30,C1018,P3026,5,0.08,2009.9,10049.5,803.96,9245.54,2025-12-14,2025-12-18
SI102376,2025-11-23,C1031,P3053,5,0.0,2275.72,11378.6,0.0,11378.6,2026-01-07,
SI102377,2025-06-03,C1060,P3017,3,0.02,1213.79,3641.37,72.83,3568.54,2025-06-18,2025-06-19
SI102378,2026-02-09,C1110,P3022,5,0.0,1625.31,8126.55,0.0,8126.55,2026-03-11,2026-03-12
SI102379,2026-04-07,C1037,P3025,4,0.1,802.15,3208.6,320.86,2887.74,2026-05-22,2026-05-30
SI102380,2025-05-12,C1021,P3002,1,0.02,3041.97,3041.97,60.84,2981.13,2025-06-11,2025-07-17
SI102381,2025-03-25,C1014,P3055,9,0.15,2802.87,25225.83,3783.87,21441.96,2025-04-24,2025-04-24
SI102382,2026-02-03,C1089,P3022,10,0.08,1625.31,16253.1,1300.25,14952.85,2026-03-05,2026-04-02
SI102383,2025-04-19,C1091,P3005,4,0.02,1385.35,5541.4,110.83,5430.57,2025-05-19,
SI102384,2025-08-09,C1104,P3004,3,0.02,2184.56,6553.68,131.07,6422.61,2025-09-08,2025-09-25
SI102385,2026-01-03,C1060,P3036,6,0.08,2524.78,15148.68,1211.89,13936.79,2026-01-18,2026-01-28
SI102386,2025-05-27,C1023,P3006,1,0.15,269.22,269.22,40.38,228.84,2025-06-11,2025-07-05
SI102387,2025-04-22,C1095,P3052,5,0.08,1201.09,6005.45,480.44,5525.01,2025-05-07,2025-05-08
SI102388,2026-05-09,C1111,P3021,7,0.05,308.88,2162.16,108.11,2054.05,2026-06-08,2026-06-25
SI102389,2026-05-20,C1029,P3013,2,0.08,791.6,1583.2,126.66,1456.54,2026-06-19,2026-07-09
SI102390,2026-04-20,C1047,P3054,10,0.05,1517.45,15174.5,758.72,14415.78,2026-05-20,2026-06-04
SI102391,2025-09-28,C1030,P3037,9,0.2,1078.42,9705.78,1941.16,7764.62,2025-10-28,2025-11-02
SI102392,2026-02-25,C1115,P3055,6,0.1,2802.87,16817.22,1681.72,15135.5,2026-03-12,2026-03-19
SI102393,2026-01-02,C1090,P3025,2,0.08,802.15,1604.3,128.34,1475.96,2026-02-01,2026-02-07
SI102394,2025-10-07,C1084,P3026,8,0.05,2009.9,16079.2,803.96,15275.24,2025-11-06,2025-12-01
SI102395,2025-10-10,C1038,P3055,8,0.08,2802.87,22422.96,1793.84,20629.12,2025-11-09,
SI102396,2025-02-09,C1083,P3039,1,0.05,380.94,380.94,19.05,361.89,2025-03-26,2025-05-07
SI102397,2025-07-08,C1027,P3020,1,0.0,3394.02,3394.02,0.0,3394.02,2025-08-22,2025-09-01
SI102398,2025-06-13,C1089,P3033,1,0.05,246.53,246.53,12.33,234.2,2025-07-13,
SI102399,2026-06-20,C1104,P3014,4,0.15,1012.57,4050.28,607.54,3442.74,2026-07-20,2026-08-16
SI102400,2026-06-20,C1102,P3056,4,0.08,1862.7,7450.8,596.06,6854.74,2026-07-20,2026-07-20
SI102401,2025-01-04,C1116,P3036,8,0.0,2524.78,20198.24,0.0,20198.24,2025-02-03,2025-02-03
SI102402,2025-10-17,C1087,P3017,1,0.15,1213.79,1213.79,182.07,1031.72,2025-11-16,
SI102403,2026-03-09,C1093,P3021,10,0.02,308.88,3088.8,61.78,3027.02,2026-03-24,2026-03-24
SI102404,2026-04-16,C1015,P3046,3,0.02,2017.69,6053.07,121.06,5932.01,2026-05-16,2026-05-16
SI102405,2025-06-30,C1059,P3016,11,0.05,2713.06,29843.66,1492.18,28351.48,2025-07-30,2025-08-05
SI102406,2025-09-05,C1003,P3046,1,0.08,2017.69,2017.69,161.42,1856.27,2025-11-04,2025-11-14
SI102407,2025-10-06,C1010,P3016,9,0.08,2713.06,24417.54,1953.4,22464.14,2025-11-20,2025-12-01
SI102408,2025-09-11,C1079,P3056,10,0.05,1862.7,18627.0,931.35,17695.65,2025-10-11,2025-11-02
SI102409,2025-06-30,C1120,P3020,9,0.08,3394.02,30546.18,2443.69,28102.49,2025-07-30,2025-08-18
SI102410,2026-05-24,C1080,P3029,7,0.05,1017.07,7119.49,355.97,6763.52,2026-06-23,2026-07-10
SI102411,2025-11-22,C1017,P3028,8,0.1,925.58,7404.64,740.46,6664.18,2026-01-21,2026-02-04
SI102412,2025-12-23,C1083,P3008,1,0.02,3538.95,3538.95,70.78,3468.17,2026-02-06,2026-02-27
SI102413,2026-01-26,C1011,P3024,5,0.1,1395.29,6976.45,697.64,6278.81,2026-02-25,2026-02-28
SI102414,2025-03-26,C1048,P3003,2,0.08,3501.32,7002.64,560.21,6442.43,2025-04-25,2025-05-09
SI102415,2025-11-13,C1005,P3025,1,0.08,802.15,802.15,64.17,737.98,2025-11-28,2025-12-06
SI102416,2025-07-31,C1069,P3019,3,0.05,2731.93,8195.79,409.79,7786.0,2025-09-14,2025-10-09
SI102417,2026-05-30,C1064,P3033,7,0.08,246.53,1725.71,138.06,1587.65,2026-06-29,2026-07-14
SI102418,2026-01-19,C1014,P3002,1,0.0,3041.97,3041.97,0.0,3041.97,2026-02-18,2026-03-03
SI102419,2025-12-08,C1050,P3015,11,0.15,3965.84,43624.24,6543.64,37080.6,2026-01-07,
SI102420,2025-02-07,C1026,P3022,2,0.0,1625.31,3250.62,0.0,3250.62,2025-03-24,2025-04-21
SI102421,2026-05-26,C1072,P3060,2,0.02,157.9,315.8,6.32,309.48,2026-06-10,2026-06-28
SI102422,2026-02-24,C1069,P3010,4,0.08,2279.96,9119.84,729.59,8390.25,2026-04-10,2026-04-10
SI102423,2025-06-18,C1007,P3018,3,0.1,2434.61,7303.83,730.38,6573.45,2025-07-18,2025-08-05
SI102424,2025-12-09,C1016,P3022,3,0.0,1625.31,4875.93,0.0,4875.93,2026-01-08,2026-01-14
SI102425,2025-11-02,C1055,P3046,10,0.15,2017.69,20176.9,3026.54,17150.36,2025-11-17,2025-11-24
SI102426,2026-06-26,C1078,P3049,5,0.2,2738.46,13692.3,2738.46,10953.84,2026-07-26,2026-08-10
SI102427,2026-06-21,C1101,P3027,3,0.08,1582.59,4747.77,379.82,4367.95,2026-07-21,2026-08-03
SI102428,2025-04-22,C1056,P3013,11,0.05,791.6,8707.6,435.38,8272.22,2025-05-22,2025-05-27
SI102429,2026-02-15,C1105,P3033,7,0.1,246.53,1725.71,172.57,1553.14,2026-03-17,2026-03-24
SI102430,2025-07-25,C1004,P3005,5,0.05,1385.35,6926.75,346.34,6580.41,2025-08-24,2025-08-31
SI102431,2025-07-04,C1100,P3026,4,0.05,2009.9,8039.6,401.98,7637.62,2025-07-19,2025-07-19
SI102432,2026-01-17,C1048,P3013,3,0.15,791.6,2374.8,356.22,2018.58,2026-02-16,
SI102433,2026-05-11,C1120,P3027,4,0.2,1582.59,6330.36,1266.07,5064.29,2026-06-10,2026-07-07
SI102434,2026-01-14,C1017,P3057,2,0.15,339.43,678.86,101.83,577.03,2026-03-15,2026-03-24
SI102435,2025-02-16,C1111,P3014,1,0.02,1012.57,1012.57,20.25,992.32,2025-03-18,2025-04-03
SI102436,2026-06-12,C1036,P3024,3,0.02,1395.29,4185.87,83.72,4102.15,2026-07-12,2026-07-12
SI102437,2026-05-19,C1070,P3003,11,0.05,3501.32,38514.52,1925.73,36588.79,2026-06-18,2026-06-20
SI102438,2025-01-22,C1080,P3047,2,0.05,722.13,1444.26,72.21,1372.05,2025-02-21,2025-03-17
SI102439,2025-08-01,C1093,P3051,1,0.05,3798.59,3798.59,189.93,3608.66,2025-08-16,2025-08-16
SI102440,2025-11-06,C1100,P3049,1,0.05,2738.46,2738.46,136.92,2601.54,2025-11-21,2025-12-07
SI102441,2025-09-29,C1038,P3030,2,0.08,1311.58,2623.16,209.85,2413.31,2025-10-29,2025-11-18
SI102442,2025-07-21,C1101,P3035,9,0.1,1580.55,14224.95,1422.5,12802.45,2025-08-20,2025-08-24
SI102443,2025-02-01,C1112,P3048,5,0.1,1671.29,8356.45,835.65,7520.8,2025-03-18,2025-03-18
SI102444,2026-03-19,C1062,P3014,9,0.1,1012.57,9113.13,911.31,8201.82,2026-04-18,2026-04-27
SI102445,2025-06-11,C1048,P3012,8,0.0,626.03,5008.24,0.0,5008.24,2025-07-11,2025-07-17
SI102446,2025-09-11,C1010,P3028,11,0.0,925.58,10181.38,0.0,10181.38,2025-10-26,2025-10-26
SI102447,2026-06-05,C1105,P3044,6,0.1,450.62,2703.72,270.37,2433.35,2026-07-05,2026-07-05
SI102448,2026-04-25,C1036,P3029,1,0.08,1017.07,1017.07,81.37,935.7,2026-05-25,
SI102449,2025-01-10,C1029,P3043,10,0.08,3207.57,32075.7,2566.06,29509.64,2025-02-09,2025-02-22
SI102450,2026-05-20,C1078,P3017,5,0.0,1213.79,6068.95,0.0,6068.95,2026-06-19,2026-06-20
SI102451,2026-03-12,C1004,P3040,1,0.02,2880.96,2880.96,57.62,2823.34,2026-04-11,2026-04-14
SI102452,2025-04-21,C1044,P3049,7,0.08,2738.46,19169.22,1533.54,17635.68,2025-05-06,2025-05-17
SI102453,2025-06-02,C1056,P3021,10,0.15,308.88,3088.8,463.32,2625.48,2025-07-02,2025-07-04
SI102454,2025-04-12,C1042,P3057,11,0.15,339.43,3733.73,560.06,3173.67,2025-05-12,2025-05-13
SI102455,2025-07-10,C1100,P3023,8,0.05,448.2,3585.6,179.28,3406.32,2025-07-25,2025-07-25
SI102456,2025-03-22,C1114,P3020,8,0.08,3394.02,27152.16,2172.17,24979.99,2025-04-21,2025-04-21
SI102457,2026-05-04,C1109,P3011,7,0.1,335.11,2345.77,234.58,2111.19,2026-06-03,2026-07-04
SI102458,2025-03-29,C1013,P3057,2,0.08,339.43,678.86,54.31,624.55,2025-05-13,2025-05-15
SI102459,2025-07-13,C1046,P3057,5,0.05,339.43,1697.15,84.86,1612.29,2025-07-28,
SI102460,2025-04-14,C1082,P3034,4,0.15,1214.64,4858.56,728.78,4129.78,2025-05-29,2025-07-10
SI102461,2025-04-06,C1033,P3010,5,0.1,2279.96,11399.8,1139.98,10259.82,2025-05-21,2025-05-23
SI102462,2026-02-27,C1021,P3010,10,0.15,2279.96,22799.6,3419.94,19379.66,2026-03-29,2026-04-06
SI102463,2025-07-17,C1080,P3043,9,0.02,3207.57,28868.13,577.36,28290.77,2025-08-16,2025-08-21
SI102464,2025-01-01,C1079,P3060,4,0.08,157.9,631.6,50.53,581.07,2025-01-31,2025-01-31
SI102465,2026-02-11,C1118,P3006,8,0.15,269.22,2153.76,323.06,1830.7,2026-03-13,2026-03-13
SI102466,2026-01-13,C1057,P3036,8,0.0,2524.78,20198.24,0.0,20198.24,2026-02-27,2026-03-03
SI102467,2025-06-16,C1069,P3024,2,0.1,1395.29,2790.58,279.06,2511.52,2025-07-31,2025-07-31
SI102468,2026-05-24,C1070,P3012,6,0.02,626.03,3756.18,75.12,3681.06,2026-06-23,2026-08-06
SI102469,2025-11-09,C1102,P3043,5,0.1,3207.57,16037.85,1603.78,14434.07,2025-12-09,
SI102470,2026-02-22,C1067,P3055,2,0.08,2802.87,5605.74,448.46,5157.28,2026-03-24,2026-04-17
SI102471,2026-04-22,C1048,P3023,10,0.02,448.2,4482.0,89.64,4392.36,2026-05-22,2026-05-22
SI102472,2025-03-14,C1076,P3027,4,0.05,1582.59,6330.36,316.52,6013.84,2025-04-28,2025-05-21
SI102473,2025-05-21,C1100,P3058,7,0.08,226.7,1586.9,126.95,1459.95,2025-06-05,2025-06-14
SI102474,2025-09-19,C1033,P3057,1,0.08,339.43,339.43,27.15,312.28,2025-11-03,
SI102475,2025-12-06,C1036,P3045,9,0.05,2906.1,26154.9,1307.75,24847.15,2026-01-05,2026-01-05
SI102476,2025-11-04,C1033,P3037,10,0.15,1078.42,10784.2,1617.63,9166.57,2025-12-19,2025-12-29
SI102477,2025-09-02,C1031,P3006,1,0.05,269.22,269.22,13.46,255.76,2025-10-17,
SI102478,2026-05-30,C1021,P3001,5,0.05,1380.63,6903.15,345.16,6557.99,2026-06-29,2026-07-02
SI102479,2025-12-03,C1027,P3006,7,0.0,269.22,1884.54,0.0,1884.54,2026-01-17,2026-01-18
SI102480,2025-03-17,C1091,P3050,8,0.15,1957.91,15663.28,2349.49,13313.79,2025-04-16,2025-04-18
SI102481,2025-06-24,C1072,P3022,2,0.02,1625.31,3250.62,65.01,3185.61,2025-07-09,2025-07-29
SI102482,2025-04-19,C1120,P3041,4,0.08,1655.7,6622.8,529.82,6092.98,2025-05-19,2025-06-01
SI102483,2025-07-02,C1101,P3024,2,0.1,1395.29,2790.58,279.06,2511.52,2025-08-01,2025-08-19
SI102484,2025-07-11,C1062,P3025,4,0.02,802.15,3208.6,64.17,3144.43,2025-08-10,2025-09-07
SI102485,2025-03-06,C1096,P3015,6,0.08,3965.84,23795.04,1903.6,21891.44,2025-03-21,2025-03-25
SI102486,2026-04-19,C1026,P3026,6,0.02,2009.9,12059.4,241.19,11818.21,2026-06-03,2026-06-11
SI102487,2025-04-10,C1066,P3008,2,0.1,3538.95,7077.9,707.79,6370.11,2025-06-09,2025-06-24
SI102488,2026-06-28,C1012,P3051,11,0.08,3798.59,41784.49,3342.76,38441.73,2026-07-28,2026-07-30
SI102489,2025-05-08,C1022,P3024,4,0.15,1395.29,5581.16,837.17,4743.99,2025-07-07,2025-07-25
SI102490,2026-03-28,C1017,P3048,4,0.15,1671.29,6685.16,1002.77,5682.39,2026-05-27,2026-06-04
SI102491,2026-01-04,C1007,P3038,1,0.08,595.11,595.11,47.61,547.5,2026-02-03,2026-02-03
SI102492,2025-02-12,C1107,P3006,2,0.1,269.22,538.44,53.84,484.6,2025-03-14,2025-03-27
SI102493,2026-02-23,C1068,P3054,3,0.08,1517.45,4552.35,364.19,4188.16,2026-03-25,
SI102494,2026-05-03,C1037,P3035,11,0.05,1580.55,17386.05,869.3,16516.75,2026-06-17,2026-06-30
SI102495,2025-03-19,C1038,P3042,5,0.08,2136.42,10682.1,854.57,9827.53,2025-04-18,2025-05-01
SI102496,2025-09-27,C1096,P3001,11,0.15,1380.63,15186.93,2278.04,12908.89,2025-10-12,2025-10-19
SI102497,2025-11-11,C1011,P3060,8,0.05,157.9,1263.2,63.16,1200.04,2025-12-11,2025-12-20
SI102498,2025-06-17,C1001,P3046,6,0.05,2017.69,12106.14,605.31,11500.83,2025-08-16,
SI102499,2025-12-05,C1025,P3036,3,0.05,2524.78,7574.34,378.72,7195.62,2026-01-19,2026-01-19
SI102500,2025-07-12,C1042,P3058,6,0.05,226.7,1360.2,68.01,1292.19,2025-08-11,2025-08-23
SI102501,2026-03-29,C1052,P3012,7,0.0,626.03,4382.21,0.0,4382.21,2026-04-13,2026-04-29
SI102502,2025-10-10,C1024,P3038,6,0.05,595.11,3570.66,178.53,3392.13,2025-11-09,2025-12-22
SI102503,2025-12-02,C1053,P3011,10,0.05,335.11,3351.1,167.56,3183.54,2026-01-16,2026-01-16
SI102504,2026-01-25,C1107,P3012,6,0.08,626.03,3756.18,300.49,3455.69,2026-02-24,2026-03-25
SI102505,2026-06-09,C1056,P3042,1,0.05,2136.42,2136.42,106.82,2029.6,2026-07-09,2026-07-09
SI102506,2025-08-28,C1063,P3050,3,0.08,1957.91,5873.73,469.9,5403.83,2025-09-27,2025-09-27
SI102507,2026-04-28,C1081,P3039,7,0.15,380.94,2666.58,399.99,2266.59,2026-05-28,2026-06-26
SI102508,2026-04-03,C1008,P3007,4,0.2,3525.77,14103.08,2820.62,11282.46,2026-06-02,2026-06-07
SI102509,2025-03-30,C1059,P3011,4,0.08,335.11,1340.44,107.24,1233.2,2025-04-29,2025-05-14
SI102510,2025-04-05,C1045,P3036,7,0.0,2524.78,17673.46,0.0,17673.46,2025-05-05,2025-05-06
SI102511,2026-03-28,C1027,P3052,9,0.2,1201.09,10809.81,2161.96,8647.85,2026-05-12,2026-06-05
SI102512,2026-03-04,C1052,P3031,11,0.08,1098.22,12080.42,966.43,11113.99,2026-03-19,2026-03-25
SI102513,2025-05-31,C1018,P3033,2,0.05,246.53,493.06,24.65,468.41,2025-07-15,2025-07-31
SI102514,2026-05-29,C1091,P3013,9,0.02,791.6,7124.4,142.49,6981.91,2026-06-28,2026-07-16
SI102515,2026-01-11,C1086,P3018,3,0.02,2434.61,7303.83,146.08,7157.75,2026-02-25,
SI102516,2025-01-22,C1016,P3041,6,0.02,1655.7,9934.2,198.68,9735.52,2025-02-21,2025-03-13
SI102517,2025-11-09,C1066,P3058,4,0.0,226.7,906.8,0.0,906.8,2026-01-08,2026-01-24
SI102518,2026-06-03,C1005,P3056,1,0.15,1862.7,1862.7,279.4,1583.3,2026-06-18,2026-07-19
SI102519,2025-07-25,C1082,P3024,9,0.08,1395.29,12557.61,1004.61,11553.0,2025-09-08,2025-09-08
SI102520,2026-01-10,C1003,P3009,11,0.08,939.78,10337.58,827.01,9510.57,2026-03-11,2026-03-20
SI102521,2026-03-27,C1091,P3031,6,0.1,1098.22,6589.32,658.93,5930.39,2026-04-26,2026-05-05
SI102522,2025-06-28,C1118,P3055,8,0.1,2802.87,22422.96,2242.3,20180.66,2025-07-28,2025-08-05
SI102523,2025-07-29,C1081,P3041,2,0.15,1655.7,3311.4,496.71,2814.69,2025-08-28,2025-08-31
SI102524,2026-05-15,C1080,P3010,7,0.2,2279.96,15959.72,3191.94,12767.78,2026-06-14,2026-06-14
SI102525,2026-04-09,C1070,P3060,6,0.05,157.9,947.4,47.37,900.03,2026-05-09,
SI102526,2025-05-04,C1115,P3002,2,0.2,3041.97,6083.94,1216.79,4867.15,2025-05-19,2025-05-22
SI102527,2025-04-23,C1007,P3038,2,0.1,595.11,1190.22,119.02,1071.2,2025-05-23,2025-06-08
SI102528,2025-01-12,C1050,P3015,4,0.0,3965.84,15863.36,0.0,15863.36,2025-02-11,2025-02-20
SI102529,2025-05-06,C1014,P3003,4,0.08,3501.32,14005.28,1120.42,12884.86,2025-06-05,
SI102530,2025-11-27,C1038,P3043,3,0.08,3207.57,9622.71,769.82,8852.89,2025-12-27,2025-12-27
SI102531,2025-10-10,C1104,P3031,8,0.15,1098.22,8785.76,1317.86,7467.9,2025-11-09,2025-11-09
SI102532,2025-05-20,C1079,P3006,7,0.05,269.22,1884.54,94.23,1790.31,2025-06-19,
SI102533,2026-02-05,C1111,P3003,2,0.08,3501.32,7002.64,560.21,6442.43,2026-03-07,2026-03-07
SI102534,2025-04-07,C1047,P3056,3,0.0,1862.7,5588.1,0.0,5588.1,2025-05-07,2025-06-09
SI102535,2026-06-01,C1112,P3011,10,0.05,335.11,3351.1,167.56,3183.54,2026-07-16,
SI102536,2025-03-10,C1033,P3015,9,0.0,3965.84,35692.56,0.0,35692.56,2025-04-24,2025-06-01
SI102537,2025-04-28,C1043,P3045,5,0.08,2906.1,14530.5,1162.44,13368.06,2025-05-28,2025-05-28
SI102538,2025-02-28,C1091,P3052,2,0.1,1201.09,2402.18,240.22,2161.96,2025-03-30,2025-03-30
SI102539,2025-02-02,C1029,P3028,3,0.02,925.58,2776.74,55.53,2721.21,2025-03-04,
SI102540,2025-11-14,C1057,P3010,8,0.08,2279.96,18239.68,1459.17,16780.51,2025-12-29,2026-01-21
SI102541,2025-02-19,C1101,P3038,4,0.02,595.11,2380.44,47.61,2332.83,2025-03-21,2025-03-30
SI102542,2026-05-04,C1005,P3047,2,0.02,722.13,1444.26,28.89,1415.37,2026-05-19,
SI102543,2025-01-19,C1093,P3057,2,0.05,339.43,678.86,33.94,644.92,2025-02-03,2025-02-10
SI102544,2025-07-16,C1096,P3050,6,0.0,1957.91,11747.46,0.0,11747.46,2025-07-31,2025-08-27
SI102545,2026-03-26,C1060,P3050,8,0.08,1957.91,15663.28,1253.06,14410.22,2026-04-10,2026-04-13
SI102546,2026-03-28,C1117,P3007,7,0.0,3525.77,24680.39,0.0,24680.39,2026-04-12,2026-05-11
SI102547,2025-10-16,C1070,P3015,4,0.0,3965.84,15863.36,0.0,15863.36,2025-11-15,2025-11-21
SI102548,2025-05-21,C1002,P3018,2,0.08,2434.61,4869.22,389.54,4479.68,2025-07-20,2025-07-20
SI102549,2025-03-25,C1070,P3018,9,0.08,2434.61,21911.49,1752.92,20158.57,2025-04-24,2025-04-27
SI102550,2026-01-26,C1110,P3052,4,0.0,1201.09,4804.36,0.0,4804.36,2026-02-25,2026-02-28
SI102551,2025-08-03,C1043,P3041,9,0.08,1655.7,14901.3,1192.1,13709.2,2025-09-02,2025-09-04
SI102552,2026-06-10,C1004,P3024,5,0.1,1395.29,6976.45,697.64,6278.81,2026-07-10,2026-08-04
SI102553,2025-08-03,C1056,P3002,11,0.1,3041.97,33461.67,3346.17,30115.5,2025-09-02,2025-09-02
SI102554,2026-02-07,C1093,P3040,11,0.02,2880.96,31690.56,633.81,31056.75,2026-02-22,2026-02-28
SI102555,2025-05-08,C1059,P3020,7,0.08,3394.02,23758.14,1900.65,21857.49,2025-06-07,2025-06-07
SI102556,2026-04-22,C1089,P3034,5,0.08,1214.64,6073.2,485.86,5587.34,2026-05-22,2026-06-03
SI102557,2026-02-08,C1009,P3043,2,0.0,3207.57,6415.14,0.0,6415.14,2026-04-09,2026-04-15
SI102558,2025-01-29,C1120,P3026,6,0.15,2009.9,12059.4,1808.91,10250.49,2025-02-28,2025-03-01
SI102559,2025-12-04,C1003,P3007,7,0.15,3525.77,24680.39,3702.06,20978.33,2026-02-02,2026-02-02
SI102560,2025-12-27,C1090,P3038,11,0.15,595.11,6546.21,981.93,5564.28,2026-01-26,2026-02-01
SI102561,2026-01-27,C1048,P3030,6,0.1,1311.58,7869.48,786.95,7082.53,2026-02-26,2026-02-27
SI102562,2025-08-06,C1043,P3042,3,0.1,2136.42,6409.26,640.93,5768.33,2025-09-05,2025-09-29
SI102563,2025-07-21,C1091,P3005,10,0.08,1385.35,13853.5,1108.28,12745.22,2025-08-20,2025-08-20
SI102564,2025-01-17,C1100,P3011,8,0.08,335.11,2680.88,214.47,2466.41,2025-02-01,2025-03-12
SI102565,2025-11-18,C1096,P3001,3,0.1,1380.63,4141.89,414.19,3727.7,2025-12-03,2025-12-16
SI102566,2026-06-02,C1001,P3034,5,0.08,1214.64,6073.2,485.86,5587.34,2026-08-01,2026-08-19
SI102567,2025-11-21,C1057,P3056,9,0.05,1862.7,16764.3,838.22,15926.08,2026-01-05,
SI102568,2026-02-16,C1053,P3001,11,0.05,1380.63,15186.93,759.35,14427.58,2026-04-02,2026-05-03
SI102569,2025-11-14,C1118,P3019,5,0.15,2731.93,13659.65,2048.95,11610.7,2025-12-14,
SI102570,2025-03-23,C1016,P3002,7,0.0,3041.97,21293.79,0.0,21293.79,2025-04-22,
SI102571,2026-04-19,C1051,P3021,11,0.08,308.88,3397.68,271.81,3125.87,2026-05-04,2026-05-04
SI102572,2026-04-13,C1112,P3020,7,0.2,3394.02,23758.14,4751.63,19006.51,2026-05-28,2026-05-29
SI102573,2026-03-01,C1075,P3023,5,0.08,448.2,2241.0,179.28,2061.72,2026-04-15,2026-04-26
SI102574,2025-07-23,C1090,P3021,2,0.2,308.88,617.76,123.55,494.21,2025-08-22,2025-09-03
SI102575,2026-01-22,C1104,P3024,5,0.08,1395.29,6976.45,558.12,6418.33,2026-02-21,2026-03-03
SI102576,2025-04-08,C1055,P3004,7,0.0,2184.56,15291.92,0.0,15291.92,2025-04-23,2025-04-23
SI102577,2025-12-11,C1001,P3012,7,0.1,626.03,4382.21,438.22,3943.99,2026-02-09,2026-02-09
SI102578,2025-07-27,C1090,P3022,4,0.05,1625.31,6501.24,325.06,6176.18,2025-08-26,2025-09-24
SI102579,2026-05-29,C1028,P3020,1,0.05,3394.02,3394.02,169.7,3224.32,2026-07-13,2026-07-17
SI102580,2025-06-15,C1053,P3018,6,0.05,2434.61,14607.66,730.38,13877.28,2025-07-30,2025-08-01
SI102581,2025-01-22,C1058,P3001,3,0.02,1380.63,4141.89,82.84,4059.05,2025-02-21,2025-02-21
SI102582,2025-06-03,C1073,P3030,11,0.05,1311.58,14427.38,721.37,13706.01,2025-06-18,2025-07-15
SI102583,2026-03-15,C1060,P3033,5,0.05,246.53,1232.65,61.63,1171.02,2026-03-30,2026-04-05
SI102584,2025-10-22,C1059,P3024,4,0.08,1395.29,5581.16,446.49,5134.67,2025-11-21,2025-11-25
SI102585,2025-08-07,C1108,P3014,2,0.1,1012.57,2025.14,202.51,1822.63,2025-08-22,2025-08-30
SI102586,2026-05-10,C1022,P3036,7,0.05,2524.78,17673.46,883.67,16789.79,2026-07-09,2026-08-21
SI102587,2025-08-18,C1008,P3005,5,0.02,1385.35,6926.75,138.54,6788.21,2025-10-17,2025-10-17
SI102588,2025-01-20,C1049,P3011,7,0.08,335.11,2345.77,187.66,2158.11,2025-02-19,2025-02-23
SI102589,2025-05-28,C1042,P3024,9,0.08,1395.29,12557.61,1004.61,11553.0,2025-06-27,2025-06-27
SI102590,2025-04-18,C1027,P3060,4,0.15,157.9,631.6,94.74,536.86,2025-06-02,2025-06-09
SI102591,2026-02-07,C1039,P3031,5,0.0,1098.22,5491.1,0.0,5491.1,2026-03-24,2026-03-24
SI102592,2026-04-28,C1083,P3055,9,0.15,2802.87,25225.83,3783.87,21441.96,2026-06-12,
SI102593,2026-01-02,C1025,P3013,10,0.08,791.6,7916.0,633.28,7282.72,2026-02-16,2026-02-26
SI102594,2026-02-18,C1038,P3016,11,0.08,2713.06,29843.66,2387.49,27456.17,2026-03-20,
SI102595,2025-11-05,C1085,P3024,4,0.0,1395.29,5581.16,0.0,5581.16,2026-01-04,2026-01-12
SI102596,2025-05-14,C1024,P3013,5,0.05,791.6,3958.0,197.9,3760.1,2025-06-13,2025-07-06
SI102597,2025-10-10,C1024,P3024,5,0.02,1395.29,6976.45,139.53,6836.92,2025-11-09,2025-11-18
SI102598,2025-03-14,C1060,P3054,8,0.02,1517.45,12139.6,242.79,11896.81,2025-03-29,2025-03-29
SI102599,2026-04-26,C1083,P3026,4,0.05,2009.9,8039.6,401.98,7637.62,2026-06-10,2026-06-21
SI102600,2025-12-18,C1050,P3002,4,0.1,3041.97,12167.88,1216.79,10951.09,2026-01-17,2026-01-17
SI102601,2025-11-22,C1111,P3016,7,0.1,2713.06,18991.42,1899.14,17092.28,2025-12-22,2025-12-22
SI102602,2026-03-19,C1066,P3038,11,0.08,595.11,6546.21,523.7,6022.51,2026-05-18,2026-07-01
SI102603,2025-04-10,C1014,P3046,5,0.08,2017.69,10088.45,807.08,9281.37,2025-05-10,2025-05-17
SI102604,2025-02-28,C1053,P3001,6,0.05,1380.63,8283.78,414.19,7869.59,2025-04-14,2025-04-14
SI102605,2026-05-23,C1032,P3049,6,0.2,2738.46,16430.76,3286.15,13144.61,2026-07-07,2026-07-22
SI102606,2025-09-15,C1106,P3011,6,0.08,335.11,2010.66,160.85,1849.81,2025-10-15,2025-10-15
SI102607,2026-02-17,C1096,P3051,10,0.02,3798.59,37985.9,759.72,37226.18,2026-03-04,2026-03-04
SI102608,2026-03-28,C1092,P3035,5,0.02,1580.55,7902.75,158.06,7744.69,2026-05-12,2026-05-29
SI102609,2025-03-06,C1048,P3043,5,0.08,3207.57,16037.85,1283.03,14754.82,2025-04-05,2025-04-09
SI102610,2025-06-03,C1039,P3029,9,0.08,1017.07,9153.63,732.29,8421.34,2025-07-18,
SI102611,2025-09-23,C1040,P3037,8,0.0,1078.42,8627.36,0.0,8627.36,2025-11-07,2025-12-04
SI102612,2025-03-20,C1042,P3017,4,0.1,1213.79,4855.16,485.52,4369.64,2025-04-19,2025-04-19
SI102613,2025-11-11,C1111,P3058,7,0.08,226.7,1586.9,126.95,1459.95,2025-12-11,2025-12-30
SI102614,2025-09-05,C1104,P3054,8,0.08,1517.45,12139.6,971.17,11168.43,2025-10-05,2025-11-12
SI102615,2026-02-18,C1077,P3039,9,0.0,380.94,3428.46,0.0,3428.46,2026-03-20,
SI102616,2025-01-25,C1076,P3042,5,0.05,2136.42,10682.1,534.1,10148.0,2025-03-11,
SI102617,2025-10-11,C1008,P3028,3,0.15,925.58,2776.74,416.51,2360.23,2025-12-10,2025-12-10
SI102618,2026-03-25,C1079,P3029,4,0.15,1017.07,4068.28,610.24,3458.04,2026-04-24,
SI102619,2025-10-28,C1026,P3043,10,0.05,3207.57,32075.7,1603.78,30471.92,2025-12-12,2025-12-12
SI102620,2025-03-09,C1012,P3003,6,0.02,3501.32,21007.92,420.16,20587.76,2025-04-08,2025-04-12
SI102621,2025-01-07,C1043,P3052,10,0.05,1201.09,12010.9,600.54,11410.36,2025-02-06,2025-02-12
SI102622,2025-05-17,C1051,P3010,11,0.05,2279.96,25079.56,1253.98,23825.58,2025-06-01,2025-06-04
SI102623,2025-06-13,C1110,P3059,5,0.08,578.62,2893.1,231.45,2661.65,2025-07-13,2025-07-17
SI102624,2025-03-24,C1091,P3042,9,0.2,2136.42,19227.78,3845.56,15382.22,2025-04-23,2025-04-23
SI102625,2026-02-24,C1082,P3014,11,0.05,1012.57,11138.27,556.91,10581.36,2026-04-10,2026-04-17
SI102626,2025-03-14,C1109,P3012,11,0.0,626.03,6886.33,0.0,6886.33,2025-04-13,2025-04-30
SI102627,2025-08-25,C1100,P3047,3,0.15,722.13,2166.39,324.96,1841.43,2025-09-09,2025-09-11
SI102628,2025-02-15,C1063,P3042,2,0.0,2136.42,4272.84,0.0,4272.84,2025-03-17,2025-03-19
SI102629,2025-09-19,C1049,P3030,6,0.2,1311.58,7869.48,1573.9,6295.58,2025-10-19,2025-10-24
SI102630,2025-06-25,C1115,P3032,7,0.08,1742.31,12196.17,975.69,11220.48,2025-07-10,2025-07-25
SI102631,2025-06-15,C1027,P3032,5,0.2,1742.31,8711.55,1742.31,6969.24,2025-07-30,2025-07-30
SI102632,2026-01-05,C1009,P3042,1,0.02,2136.42,2136.42,42.73,2093.69,2026-03-06,
SI102633,2025-02-23,C1119,P3032,3,0.0,1742.31,5226.93,0.0,5226.93,2025-04-24,2025-05-02
SI102634,2026-02-23,C1039,P3026,3,0.05,2009.9,6029.7,301.48,5728.22,2026-04-09,2026-04-13
SI102635,2026-05-22,C1065,P3051,4,0.05,3798.59,15194.36,759.72,14434.64,2026-07-06,2026-07-22
SI102636,2025-12-07,C1071,P3001,10,0.05,1380.63,13806.3,690.32,13115.98,2026-01-06,2026-01-19
SI102637,2025-05-07,C1090,P3056,6,0.2,1862.7,11176.2,2235.24,8940.96,2025-06-06,2025-06-15
SI102638,2026-02-13,C1071,P3058,5,0.1,226.7,1133.5,113.35,1020.15,2026-03-15,2026-03-23
SI102639,2026-01-02,C1116,P3042,1,0.08,2136.42,2136.42,170.91,1965.51,2026-02-01,2026-02-01
SI102640,2025-09-28,C1007,P3002,6,0.02,3041.97,18251.82,365.04,17886.78,2025-10-28,2025-11-06
SI102641,2026-01-14,C1072,P3017,9,0.1,1213.79,10924.11,1092.41,9831.7,2026-01-29,2026-02-05
SI102642,2025-03-14,C1080,P3030,11,0.1,1311.58,14427.38,1442.74,12984.64,2025-04-13,
SI102643,2025-09-05,C1067,P3056,1,0.05,1862.7,1862.7,93.14,1769.56,2025-10-05,2025-10-18
SI102644,2025-02-12,C1109,P3039,8,0.15,380.94,3047.52,457.13,2590.39,2025-03-14,2025-04-02
SI102645,2026-01-12,C1010,P3007,8,0.02,3525.77,28206.16,564.12,27642.04,2026-02-26,
SI102646,2025-02-10,C1114,P3052,3,0.02,1201.09,3603.27,72.07,3531.2,2025-03-12,2025-03-15
SI102647,2025-06-19,C1071,P3027,9,0.0,1582.59,14243.31,0.0,14243.31,2025-07-19,2025-07-19
SI102648,2025-07-31,C1085,P3009,11,0.1,939.78,10337.58,1033.76,9303.82,2025-09-29,2025-10-08
SI102649,2026-05-08,C1053,P3022,11,0.08,1625.31,17878.41,1430.27,16448.14,2026-06-22,2026-06-24
SI102650,2025-02-08,C1101,P3034,8,0.05,1214.64,9717.12,485.86,9231.26,2025-03-10,2025-03-20
SI102651,2026-01-04,C1095,P3046,3,0.02,2017.69,6053.07,121.06,5932.01,2026-01-19,
SI102652,2025-05-31,C1087,P3049,10,0.0,2738.46,27384.6,0.0,27384.6,2025-06-30,2025-08-02
SI102653,2025-04-21,C1057,P3001,5,0.02,1380.63,6903.15,138.06,6765.09,2025-06-05,2025-06-18
SI102654,2026-04-25,C1091,P3009,3,0.05,939.78,2819.34,140.97,2678.37,2026-05-25,2026-06-01
SI102655,2026-03-12,C1120,P3020,5,0.02,3394.02,16970.1,339.4,16630.7,2026-04-11,2026-04-16
SI102656,2025-02-16,C1086,P3053,9,0.02,2275.72,20481.48,409.63,20071.85,2025-04-02,
SI102657,2026-01-01,C1103,P3019,4,0.15,2731.93,10927.72,1639.16,9288.56,2026-01-31,2026-02-24
SI102658,2025-03-10,C1027,P3036,6,0.05,2524.78,15148.68,757.43,14391.25,2025-04-24,2025-04-30
SI102659,2025-10-26,C1054,P3060,3,0.1,157.9,473.7,47.37,426.33,2025-11-25,2025-12-07
SI102660,2025-10-23,C1113,P3040,3,0.0,2880.96,8642.88,0.0,8642.88,2025-12-07,2025-12-14
SI102661,2025-07-22,C1004,P3045,5,0.05,2906.1,14530.5,726.53,13803.97,2025-08-21,2025-09-13
SI102662,2025-03-02,C1088,P3004,8,0.05,2184.56,17476.48,873.82,16602.66,2025-04-01,2025-04-05
SI102663,2025-11-10,C1023,P3009,8,0.02,939.78,7518.24,150.36,7367.88,2025-11-25,2025-12-14
SI102664,2025-06-10,C1048,P3041,3,0.02,1655.7,4967.1,99.34,4867.76,2025-07-10,
SI102665,2025-11-27,C1083,P3022,8,0.15,1625.31,13002.48,1950.37,11052.11,2026-01-11,2026-02-04
SI102666,2026-06-12,C1042,P3018,11,0.15,2434.61,26780.71,4017.11,22763.6,2026-07-12,2026-08-08
SI102667,2025-12-04,C1003,P3012,8,0.0,626.03,5008.24,0.0,5008.24,2026-02-02,2026-02-18
SI102668,2025-10-31,C1091,P3042,3,0.05,2136.42,6409.26,320.46,6088.8,2025-11-30,2025-12-21
SI102669,2026-05-18,C1003,P3043,10,0.2,3207.57,32075.7,6415.14,25660.56,2026-07-17,2026-07-30
SI102670,2025-12-04,C1028,P3039,10,0.0,380.94,3809.4,0.0,3809.4,2026-01-18,2026-01-30
SI102671,2025-10-02,C1063,P3009,2,0.08,939.78,1879.56,150.36,1729.2,2025-11-01,2025-11-01
SI102672,2025-06-13,C1081,P3006,10,0.2,269.22,2692.2,538.44,2153.76,2025-07-13,2025-07-13
SI102673,2026-03-19,C1031,P3019,2,0.2,2731.93,5463.86,1092.77,4371.09,2026-05-03,2026-06-01
SI102674,2025-11-15,C1010,P3048,9,0.05,1671.29,15041.61,752.08,14289.53,2025-12-30,2025-12-30
SI102675,2026-05-19,C1049,P3047,7,0.02,722.13,5054.91,101.1,4953.81,2026-06-18,2026-06-18
SI102676,2026-01-22,C1086,P3007,6,0.02,3525.77,21154.62,423.09,20731.53,2026-03-08,2026-03-29
SI102677,2026-05-09,C1094,P3016,7,0.15,2713.06,18991.42,2848.71,16142.71,2026-05-24,2026-05-24
SI102678,2026-05-05,C1113,P3005,8,0.15,1385.35,11082.8,1662.42,9420.38,2026-06-19,2026-07-25
SI102679,2025-03-14,C1021,P3016,1,0.08,2713.06,2713.06,217.04,2496.02,2025-04-13,
SI102680,2026-05-24,C1100,P3001,8,0.1,1380.63,11045.04,1104.5,9940.54,2026-06-08,2026-06-08
SI102681,2026-01-25,C1053,P3051,3,0.1,3798.59,11395.77,1139.58,10256.19,2026-03-11,2026-04-22
SI102682,2025-10-22,C1087,P3037,3,0.08,1078.42,3235.26,258.82,2976.44,2025-11-21,2025-12-04
SI102683,2026-01-04,C1102,P3039,6,0.1,380.94,2285.64,228.56,2057.08,2026-02-03,2026-02-16
SI102684,2025-07-06,C1076,P3019,4,0.08,2731.93,10927.72,874.22,10053.5,2025-08-20,2025-08-28
SI102685,2026-03-21,C1089,P3054,4,0.08,1517.45,6069.8,485.58,5584.22,2026-04-20,2026-04-30
SI102686,2025-12-29,C1054,P3037,4,0.02,1078.42,4313.68,86.27,4227.41,2026-01-28,2026-01-28
SI102687,2025-05-03,C1057,P3017,10,0.1,1213.79,12137.9,1213.79,10924.11,2025-06-17,2025-06-22
SI102688,2025-07-07,C1020,P3026,9,0.05,2009.9,18089.1,904.46,17184.64,2025-07-22,2025-07-22
SI102689,2026-02-24,C1113,P3022,8,0.05,1625.31,13002.48,650.12,12352.36,2026-04-10,2026-04-10
SI102690,2025-09-09,C1049,P3008,3,0.1,3538.95,10616.85,1061.69,9555.16,2025-10-09,2025-10-17
SI102691,2025-12-01,C1106,P3033,1,0.08,246.53,246.53,19.72,226.81,2025-12-31,2026-01-16
SI102692,2025-04-02,C1007,P3002,1,0.15,3041.97,3041.97,456.3,2585.67,2025-05-02,2025-05-02
SI102693,2026-06-14,C1029,P3030,1,0.02,1311.58,1311.58,26.23,1285.35,2026-07-14,2026-07-16
SI102694,2025-03-04,C1048,P3047,4,0.08,722.13,2888.52,231.08,2657.44,2025-04-03,2025-04-03
SI102695,2026-05-27,C1093,P3020,6,0.02,3394.02,20364.12,407.28,19956.84,2026-06-11,2026-06-15
SI102696,2025-05-19,C1013,P3060,4,0.15,157.9,631.6,94.74,536.86,2025-07-03,2025-07-15
SI102697,2025-07-04,C1003,P3018,11,0.0,2434.61,26780.71,0.0,26780.71,2025-09-02,2025-09-14
SI102698,2025-07-24,C1002,P3043,11,0.08,3207.57,35283.27,2822.66,32460.61,2025-09-22,2025-10-01
SI102699,2025-08-02,C1016,P3057,3,0.1,339.43,1018.29,101.83,916.46,2025-09-01,2025-09-20
SI102700,2025-09-13,C1094,P3010,8,0.05,2279.96,18239.68,911.98,17327.7,2025-09-28,2025-09-28
SI102701,2025-05-15,C1102,P3024,8,0.2,1395.29,11162.32,2232.46,8929.86,2025-06-14,2025-07-17
SI102702,2025-03-29,C1006,P3056,6,0.15,1862.7,11176.2,1676.43,9499.77,2025-05-28,2025-06-09
SI102703,2025-07-26,C1045,P3004,9,0.05,2184.56,19661.04,983.05,18677.99,2025-08-25,2025-09-17
SI102704,2025-05-09,C1071,P3037,10,0.0,1078.42,10784.2,0.0,10784.2,2025-06-08,2025-06-08
SI102705,2025-01-03,C1005,P3004,1,0.05,2184.56,2184.56,109.23,2075.33,2025-01-18,2025-02-03
SI102706,2025-05-01,C1056,P3013,8,0.05,791.6,6332.8,316.64,6016.16,2025-05-31,2025-06-21
SI102707,2026-01-20,C1071,P3025,6,0.15,802.15,4812.9,721.94,4090.96,2026-02-19,2026-03-02
SI102708,2025-02-07,C1098,P3013,1,0.2,791.6,791.6,158.32,633.28,2025-03-24,2025-03-27
SI102709,2025-12-07,C1032,P3018,4,0.0,2434.61,9738.44,0.0,9738.44,2026-01-21,2026-01-21
SI102710,2025-01-21,C1049,P3059,5,0.05,578.62,2893.1,144.66,2748.44,2025-02-20,2025-04-02
SI102711,2025-08-30,C1013,P3024,7,0.08,1395.29,9767.03,781.36,8985.67,2025-10-14,2025-10-19
SI102712,2026-03-31,C1030,P3002,8,0.0,3041.97,24335.76,0.0,24335.76,2026-04-30,2026-04-30
SI102713,2025-10-30,C1025,P3048,9,0.05,1671.29,15041.61,752.08,14289.53,2025-12-14,2025-12-14
SI102714,2025-03-10,C1085,P3033,6,0.05,246.53,1479.18,73.96,1405.22,2025-05-09,2025-05-09
SI102715,2025-05-09,C1060,P3058,10,0.08,226.7,2267.0,181.36,2085.64,2025-05-24,2025-05-24
SI102716,2025-07-15,C1059,P3019,9,0.08,2731.93,24587.37,1966.99,22620.38,2025-08-14,2025-09-06
SI102717,2025-05-20,C1085,P3009,4,0.08,939.78,3759.12,300.73,3458.39,2025-07-19,2025-07-19
SI102718,2026-03-20,C1028,P3028,8,0.02,925.58,7404.64,148.09,7256.55,2026-05-04,2026-06-12
SI102719,2025-10-10,C1112,P3035,3,0.1,1580.55,4741.65,474.16,4267.49,2025-11-24,2025-11-27
SI102720,2025-11-08,C1058,P3057,4,0.08,339.43,1357.72,108.62,1249.1,2025-12-08,
SI102721,2026-06-19,C1020,P3039,10,0.15,380.94,3809.4,571.41,3237.99,2026-07-04,2026-07-04
SI102722,2025-10-04,C1034,P3010,4,0.05,2279.96,9119.84,455.99,8663.85,2025-12-03,2025-12-03
SI102723,2025-03-02,C1005,P3001,6,0.15,1380.63,8283.78,1242.57,7041.21,2025-03-17,2025-03-17
SI102724,2025-11-15,C1082,P3042,9,0.15,2136.42,19227.78,2884.17,16343.61,2025-12-30,2026-01-15
SI102725,2025-02-21,C1060,P3021,6,0.05,308.88,1853.28,92.66,1760.62,2025-03-08,2025-03-08
SI102726,2025-06-02,C1103,P3009,1,0.05,939.78,939.78,46.99,892.79,2025-07-02,2025-07-21
SI102727,2025-11-07,C1043,P3060,5,0.15,157.9,789.5,118.42,671.08,2025-12-07,2025-12-13
SI102728,2026-06-28,C1057,P3047,9,0.08,722.13,6499.17,519.93,5979.24,2026-08-12,2026-08-12
SI102729,2026-01-24,C1057,P3015,5,0.15,3965.84,19829.2,2974.38,16854.82,2026-03-10,2026-03-16
SI102730,2026-07-02,C1075,P3035,6,0.1,1580.55,9483.3,948.33,8534.97,2026-08-16,2026-08-16
SI102731,2025-06-26,C1054,P3057,3,0.08,339.43,1018.29,81.46,936.83,2025-07-26,2025-07-26
SI102732,2025-12-28,C1081,P3005,8,0.0,1385.35,11082.8,0.0,11082.8,2026-01-27,
SI102733,2025-11-10,C1112,P3041,10,0.05,1655.7,16557.0,827.85,15729.15,2025-12-25,2025-12-31
SI102734,2025-04-07,C1045,P3058,11,0.2,226.7,2493.7,498.74,1994.96,2025-05-07,2025-05-07
SI102735,2025-08-01,C1086,P3022,4,0.05,1625.31,6501.24,325.06,6176.18,2025-09-15,2025-09-15
SI102736,2025-05-17,C1037,P3041,4,0.0,1655.7,6622.8,0.0,6622.8,2025-07-01,2025-07-01
SI102737,2025-01-06,C1084,P3023,11,0.08,448.2,4930.2,394.42,4535.78,2025-02-05,2025-03-19
SI102738,2025-04-19,C1048,P3007,5,0.1,3525.77,17628.85,1762.88,15865.97,2025-05-19,2025-06-07
SI102739,2026-07-01,C1118,P3056,10,0.05,1862.7,18627.0,931.35,17695.65,2026-07-31,2026-08-12
SI102740,2025-02-08,C1054,P3023,9,0.05,448.2,4033.8,201.69,3832.11,2025-03-10,2025-03-10
SI102741,2026-03-01,C1048,P3044,8,0.05,450.62,3604.96,180.25,3424.71,2026-03-31,2026-04-19
SI102742,2025-09-18,C1112,P3025,7,0.0,802.15,5615.05,0.0,5615.05,2025-11-02,2025-11-10
SI102743,2026-03-02,C1110,P3027,5,0.1,1582.59,7912.95,791.3,7121.65,2026-04-01,2026-05-03
SI102744,2025-03-28,C1006,P3041,9,0.05,1655.7,14901.3,745.06,14156.24,2025-05-27,
SI102745,2026-04-10,C1034,P3006,9,0.15,269.22,2422.98,363.45,2059.53,2026-06-09,2026-06-09
SI102746,2025-03-17,C1063,P3055,10,0.1,2802.87,28028.7,2802.87,25225.83,2025-04-16,2025-04-29
SI102747,2026-04-16,C1078,P3034,10,0.08,1214.64,12146.4,971.71,11174.69,2026-05-16,2026-05-16
SI102748,2026-02-18,C1048,P3009,2,0.05,939.78,1879.56,93.98,1785.58,2026-03-20,2026-03-30
SI102749,2026-04-02,C1023,P3060,4,0.05,157.9,631.6,31.58,600.02,2026-04-17,
SI102750,2025-10-12,C1084,P3049,8,0.05,2738.46,21907.68,1095.38,20812.3,2025-11-11,2025-12-04
SI102751,2025-08-27,C1013,P3033,1,0.05,246.53,246.53,12.33,234.2,2025-10-11,2025-10-13
SI102752,2026-01-07,C1047,P3051,5,0.15,3798.59,18992.95,2848.94,16144.01,2026-02-06,2026-02-18
SI102753,2026-05-10,C1044,P3060,8,0.05,157.9,1263.2,63.16,1200.04,2026-05-25,2026-06-26
SI102754,2025-02-14,C1105,P3006,2,0.1,269.22,538.44,53.84,484.6,2025-03-16,2025-03-16
SI102755,2026-02-05,C1032,P3037,2,0.0,1078.42,2156.84,0.0,2156.84,2026-03-22,2026-04-09
SI102756,2025-09-04,C1026,P3031,8,0.02,1098.22,8785.76,175.72,8610.04,2025-10-19,2025-10-19
SI102757,2026-03-26,C1114,P3034,10,0.2,1214.64,12146.4,2429.28,9717.12,2026-04-25,2026-05-10
SI102758,2026-04-30,C1053,P3041,9,0.08,1655.7,14901.3,1192.1,13709.2,2026-06-14,2026-06-14
SI102759,2025-01-18,C1014,P3029,7,0.05,1017.07,7119.49,355.97,6763.52,2025-02-17,2025-02-23
SI102760,2025-10-16,C1052,P3058,8,0.08,226.7,1813.6,145.09,1668.51,2025-10-31,2025-11-06
SI102761,2026-02-18,C1036,P3014,5,0.02,1012.57,5062.85,101.26,4961.59,2026-03-20,2026-03-26
SI102762,2025-08-23,C1008,P3036,1,0.08,2524.78,2524.78,201.98,2322.8,2025-10-22,2025-11-02
SI102763,2026-02-20,C1040,P3036,4,0.0,2524.78,10099.12,0.0,10099.12,2026-04-06,2026-04-14
SI102764,2026-05-14,C1086,P3053,2,0.08,2275.72,4551.44,364.12,4187.32,2026-06-28,2026-07-10
SI102765,2025-04-25,C1022,P3015,3,0.08,3965.84,11897.52,951.8,10945.72,2025-06-24,2025-07-24
SI102766,2025-08-22,C1016,P3008,3,0.15,3538.95,10616.85,1592.53,9024.32,2025-09-21,2025-09-21
SI102767,2026-06-24,C1091,P3026,9,0.08,2009.9,18089.1,1447.13,16641.97,2026-07-24,2026-07-31
SI102768,2025-01-11,C1120,P3036,10,0.02,2524.78,25247.8,504.96,24742.84,2025-02-10,
SI102769,2025-07-25,C1060,P3048,4,0.08,1671.29,6685.16,534.81,6150.35,2025-08-09,2025-08-09
SI102770,2025-09-04,C1060,P3021,2,0.0,308.88,617.76,0.0,617.76,2025-09-19,2025-10-11
SI102771,2025-05-07,C1010,P3028,3,0.02,925.58,2776.74,55.53,2721.21,2025-06-21,2025-06-27
SI102772,2025-05-27,C1025,P3004,3,0.0,2184.56,6553.68,0.0,6553.68,2025-07-11,2025-08-07
SI102773,2025-04-28,C1031,P3016,7,0.05,2713.06,18991.42,949.57,18041.85,2025-06-12,2025-06-27
SI102774,2026-01-17,C1021,P3022,8,0.0,1625.31,13002.48,0.0,13002.48,2026-02-16,2026-03-26
SI102775,2026-02-16,C1091,P3012,11,0.05,626.03,6886.33,344.32,6542.01,2026-03-18,2026-03-25
SI102776,2025-12-29,C1081,P3016,6,0.15,2713.06,16278.36,2441.75,13836.61,2026-01-28,2026-02-06
SI102777,2026-05-24,C1033,P3051,4,0.08,3798.59,15194.36,1215.55,13978.81,2026-07-08,2026-07-13
SI102778,2025-05-17,C1031,P3040,6,0.0,2880.96,17285.76,0.0,17285.76,2025-07-01,2025-07-13
SI102779,2025-06-24,C1114,P3038,11,0.02,595.11,6546.21,130.92,6415.29,2025-07-24,2025-08-02
SI102780,2025-10-16,C1106,P3042,1,0.08,2136.42,2136.42,170.91,1965.51,2025-11-15,2025-11-18
SI102781,2026-04-26,C1090,P3037,10,0.15,1078.42,10784.2,1617.63,9166.57,2026-05-26,2026-06-21
SI102782,2025-01-19,C1021,P3029,8,0.0,1017.07,8136.56,0.0,8136.56,2025-02-18,2025-02-18
SI102783,2025-07-14,C1036,P3018,1,0.1,2434.61,2434.61,243.46,2191.15,2025-08-13,2025-09-01
SI102784,2025-11-26,C1065,P3010,5,0.08,2279.96,11399.8,911.98,10487.82,2026-01-10,2026-01-10
SI102785,2025-06-24,C1004,P3042,2,0.08,2136.42,4272.84,341.83,3931.01,2025-07-24,2025-08-05
SI102786,2026-03-25,C1068,P3039,6,0.2,380.94,2285.64,457.13,1828.51,2026-04-24,2026-05-12
SI102787,2025-12-20,C1090,P3018,9,0.1,2434.61,21911.49,2191.15,19720.34,2026-01-19,2026-01-19
SI102788,2026-05-14,C1004,P3001,5,0.15,1380.63,6903.15,1035.47,5867.68,2026-06-13,2026-06-18
SI102789,2025-05-21,C1113,P3039,4,0.05,380.94,1523.76,76.19,1447.57,2025-07-05,2025-07-16
SI102790,2025-04-03,C1009,P3021,2,0.08,308.88,617.76,49.42,568.34,2025-06-02,2025-06-09
SI102791,2025-08-27,C1030,P3001,3,0.08,1380.63,4141.89,331.35,3810.54,2025-09-26,2025-10-04
SI102792,2025-07-24,C1115,P3015,6,0.05,3965.84,23795.04,1189.75,22605.29,2025-08-08,
SI102793,2026-03-09,C1045,P3004,8,0.08,2184.56,17476.48,1398.12,16078.36,2026-04-08,2026-04-08
SI102794,2025-09-02,C1004,P3060,8,0.02,157.9,1263.2,25.26,1237.94,2025-10-02,2025-10-30
SI102795,2025-11-13,C1069,P3020,5,0.02,3394.02,16970.1,339.4,16630.7,2025-12-28,2025-12-28
SI102796,2025-10-22,C1109,P3010,5,0.05,2279.96,11399.8,569.99,10829.81,2025-11-21,2025-12-20
SI102797,2025-10-09,C1023,P3023,10,0.1,448.2,4482.0,448.2,4033.8,2025-10-24,2025-10-24
SI102798,2025-01-17,C1016,P3041,3,0.15,1655.7,4967.1,745.06,4222.04,2025-02-16,2025-02-16
SI102799,2025-03-12,C1022,P3034,7,0.05,1214.64,8502.48,425.12,8077.36,2025-05-11,2025-05-11
SI102800,2025-09-26,C1101,P3060,6,0.08,157.9,947.4,75.79,871.61,2025-10-26,2025-10-26
SI102801,2025-11-21,C1072,P3046,1,0.0,2017.69,2017.69,0.0,2017.69,2025-12-06,2025-12-21
SI102802,2025-11-01,C1048,P3048,4,0.15,1671.29,6685.16,1002.77,5682.39,2025-12-01,2025-12-01
SI102803,2026-03-27,C1062,P3033,6,0.08,246.53,1479.18,118.33,1360.85,2026-04-26,2026-05-16
SI102804,2025-01-07,C1097,P3034,11,0.1,1214.64,13361.04,1336.1,12024.94,2025-02-21,2025-02-21
SI102805,2025-11-10,C1119,P3039,6,0.1,380.94,2285.64,228.56,2057.08,2026-01-09,2026-01-14
SI102806,2025-04-13,C1060,P3010,11,0.02,2279.96,25079.56,501.59,24577.97,2025-04-28,2025-05-16
SI102807,2025-07-12,C1102,P3054,3,0.08,1517.45,4552.35,364.19,4188.16,2025-08-11,2025-08-25
SI102808,2026-06-13,C1107,P3020,6,0.2,3394.02,20364.12,4072.82,16291.3,2026-07-13,2026-07-20
SI102809,2025-06-20,C1080,P3001,10,0.0,1380.63,13806.3,0.0,13806.3,2025-07-20,2025-07-20
SI102810,2026-06-21,C1005,P3013,6,0.08,791.6,4749.6,379.97,4369.63,2026-07-06,2026-07-19
SI102811,2025-09-08,C1080,P3001,9,0.2,1380.63,12425.67,2485.13,9940.54,2025-10-08,2025-10-12
SI102812,2026-01-22,C1007,P3005,9,0.05,1385.35,12468.15,623.41,11844.74,2026-02-21,2026-02-25
SI102813,2025-07-26,C1051,P3016,2,0.15,2713.06,5426.12,813.92,4612.2,2025-08-10,2025-08-20
SI102814,2026-06-25,C1065,P3015,4,0.15,3965.84,15863.36,2379.5,13483.86,2026-08-09,2026-08-12
SI102815,2026-02-20,C1009,P3049,9,0.1,2738.46,24646.14,2464.61,22181.53,2026-04-21,2026-04-28
SI102816,2026-01-15,C1082,P3028,4,0.02,925.58,3702.32,74.05,3628.27,2026-03-01,2026-03-18
SI102817,2025-05-24,C1045,P3031,8,0.05,1098.22,8785.76,439.29,8346.47,2025-06-23,2025-06-23
SI102818,2025-01-25,C1047,P3023,10,0.0,448.2,4482.0,0.0,4482.0,2025-02-24,2025-03-23
SI102819,2025-03-14,C1067,P3048,3,0.1,1671.29,5013.87,501.39,4512.48,2025-04-13,
SI102820,2025-04-03,C1024,P3045,3,0.15,2906.1,8718.3,1307.74,7410.56,2025-05-03,2025-05-03
SI102821,2026-05-20,C1092,P3043,9,0.08,3207.57,28868.13,2309.45,26558.68,2026-07-04,2026-07-21
SI102822,2025-12-02,C1010,P3017,11,0.05,1213.79,13351.69,667.58,12684.11,2026-01-16,2026-02-03
SI102823,2026-03-01,C1073,P3049,10,0.0,2738.46,27384.6,0.0,27384.6,2026-03-16,
SI102824,2026-05-14,C1077,P3034,8,0.1,1214.64,9717.12,971.71,8745.41,2026-06-13,2026-06-17
SI102825,2025-12-30,C1048,P3013,1,0.1,791.6,791.6,79.16,712.44,2026-01-29,
SI102826,2025-07-18,C1035,P3014,10,0.15,1012.57,10125.7,1518.86,8606.84,2025-08-17,2025-08-17
SI102827,2026-02-17,C1054,P3011,2,0.1,335.11,670.22,67.02,603.2,2026-03-19,2026-04-05
SI102828,2025-12-05,C1087,P3028,3,0.1,925.58,2776.74,277.67,2499.07,2026-01-04,2026-01-04
SI102829,2026-03-05,C1111,P3042,11,0.1,2136.42,23500.62,2350.06,21150.56,2026-04-04,2026-04-16
SI102830,2025-05-19,C1081,P3032,2,0.08,1742.31,3484.62,278.77,3205.85,2025-06-18,2025-07-06
SI102831,2026-06-26,C1110,P3035,3,0.05,1580.55,4741.65,237.08,4504.57,2026-07-26,2026-07-30
SI102832,2025-02-26,C1071,P3059,8,0.15,578.62,4628.96,694.34,3934.62,2025-03-28,2025-04-11
SI102833,2025-08-20,C1116,P3031,11,0.08,1098.22,12080.42,966.43,11113.99,2025-09-19,2025-10-11
SI102834,2026-03-11,C1016,P3017,11,0.05,1213.79,13351.69,667.58,12684.11,2026-04-10,2026-04-17
SI102835,2026-01-19,C1053,P3047,6,0.0,722.13,4332.78,0.0,4332.78,2026-03-05,2026-03-07
SI102836,2025-07-13,C1040,P3009,7,0.05,939.78,6578.46,328.92,6249.54,2025-08-27,2025-08-30
SI102837,2026-06-18,C1100,P3010,10,0.08,2279.96,22799.6,1823.97,20975.63,2026-07-03,2026-07-03
SI102838,2026-06-02,C1020,P3008,10,0.05,3538.95,35389.5,1769.48,33620.02,2026-06-17,2026-06-17
SI102839,2025-07-04,C1088,P3021,6,0.02,308.88,1853.28,37.07,1816.21,2025-08-03,2025-08-11
SI102840,2025-10-19,C1111,P3013,1,0.08,791.6,791.6,63.33,728.27,2025-11-18,
SI102841,2025-12-01,C1069,P3059,11,0.02,578.62,6364.82,127.3,6237.52,2026-01-15,2026-01-22
SI102842,2025-04-26,C1045,P3050,3,0.1,1957.91,5873.73,587.37,5286.36,2025-05-26,2025-05-26
SI102843,2025-02-18,C1006,P3005,1,0.05,1385.35,1385.35,69.27,1316.08,2025-04-19,2025-04-22
SI102844,2025-03-23,C1092,P3006,10,0.08,269.22,2692.2,215.38,2476.82,2025-05-07,
SI102845,2025-11-29,C1069,P3030,9,0.02,1311.58,11804.22,236.08,11568.14,2026-01-13,2026-01-13
SI102846,2025-12-01,C1049,P3031,9,0.05,1098.22,9883.98,494.2,9389.78,2025-12-31,2026-01-04
SI102847,2026-06-16,C1039,P3017,5,0.05,1213.79,6068.95,303.45,5765.5,2026-07-31,2026-07-31
SI102848,2025-08-09,C1102,P3011,4,0.1,335.11,1340.44,134.04,1206.4,2025-09-08,2025-09-08
SI102849,2025-11-19,C1002,P3020,9,0.1,3394.02,30546.18,3054.62,27491.56,2026-01-18,2026-01-30
SI102850,2025-01-03,C1107,P3048,9,0.02,1671.29,15041.61,300.83,14740.78,2025-02-02,
SI102851,2025-07-25,C1039,P3009,3,0.08,939.78,2819.34,225.55,2593.79,2025-09-08,2025-09-30
SI102852,2025-02-09,C1118,P3002,5,0.02,3041.97,15209.85,304.2,14905.65,2025-03-11,2025-03-19
SI102853,2025-02-28,C1021,P3037,3,0.2,1078.42,3235.26,647.05,2588.21,2025-03-30,2025-04-08
SI102854,2026-05-22,C1040,P3001,10,0.2,1380.63,13806.3,2761.26,11045.04,2026-07-06,2026-07-06
SI102855,2025-05-02,C1101,P3004,2,0.08,2184.56,4369.12,349.53,4019.59,2025-06-01,2025-06-01
SI102856,2026-04-24,C1082,P3036,1,0.08,2524.78,2524.78,201.98,2322.8,2026-06-08,2026-06-08
SI102857,2025-04-06,C1054,P3054,10,0.1,1517.45,15174.5,1517.45,13657.05,2025-05-06,2025-05-06
SI102858,2026-02-18,C1112,P3058,2,0.1,226.7,453.4,45.34,408.06,2026-04-04,2026-04-15
SI102859,2025-08-23,C1110,P3025,8,0.08,802.15,6417.2,513.38,5903.82,2025-09-22,2025-10-05
SI102860,2025-03-03,C1012,P3003,11,0.2,3501.32,38514.52,7702.9,30811.62,2025-04-02,2025-05-01
SI102861,2025-09-13,C1081,P3009,8,0.08,939.78,7518.24,601.46,6916.78,2025-10-13,2025-10-13
SI102862,2025-12-14,C1037,P3022,3,0.08,1625.31,4875.93,390.07,4485.86,2026-01-28,2026-02-04
SI102863,2025-05-04,C1110,P3023,7,0.15,448.2,3137.4,470.61,2666.79,2025-06-03,2025-06-03
SI102864,2026-04-27,C1038,P3012,7,0.08,626.03,4382.21,350.58,4031.63,2026-05-27,2026-06-13
SI102865,2025-11-13,C1015,P3010,2,0.1,2279.96,4559.92,455.99,4103.93,2025-12-13,2025-12-13
SI102866,2026-05-19,C1007,P3034,9,0.02,1214.64,10931.76,218.64,10713.12,2026-06-18,2026-06-18
SI102867,2025-02-17,C1078,P3043,3,0.05,3207.57,9622.71,481.14,9141.57,2025-03-19,2025-03-24
SI102868,2026-02-13,C1050,P3010,2,0.02,2279.96,4559.92,91.2,4468.72,2026-03-15,2026-03-21
SI102869,2025-05-16,C1065,P3030,3,0.05,1311.58,3934.74,196.74,3738.0,2025-06-30,2025-07-03
SI102870,2025-07-20,C1102,P3022,2,0.05,1625.31,3250.62,162.53,3088.09,2025-08-19,2025-09-02
SI102871,2025-09-07,C1067,P3006,8,0.2,269.22,2153.76,430.75,1723.01,2025-10-07,2025-11-12
SI102872,2025-11-10,C1101,P3050,5,0.08,1957.91,9789.55,783.16,9006.39,2025-12-10,2025-12-10
SI102873,2026-01-03,C1044,P3002,3,0.1,3041.97,9125.91,912.59,8213.32,2026-01-18,2026-01-18
SI102874,2026-03-05,C1031,P3030,5,0.05,1311.58,6557.9,327.9,6230.0,2026-04-19,2026-04-22
SI102875,2026-04-25,C1043,P3002,11,0.1,3041.97,33461.67,3346.17,30115.5,2026-05-25,2026-05-25
SI102876,2025-11-10,C1077,P3032,11,0.08,1742.31,19165.41,1533.23,17632.18,2025-12-10,2025-12-26
SI102877,2026-05-15,C1048,P3042,8,0.08,2136.42,17091.36,1367.31,15724.05,2026-06-14,2026-06-14
SI102878,2025-12-21,C1082,P3016,7,0.05,2713.06,18991.42,949.57,18041.85,2026-02-04,2026-03-17
SI102879,2026-04-30,C1081,P3012,6,0.08,626.03,3756.18,300.49,3455.69,2026-05-30,2026-06-13
SI102880,2025-07-30,C1081,P3001,1,0.08,1380.63,1380.63,110.45,1270.18,2025-08-29,2025-09-14
SI102881,2025-02-13,C1061,P3053,10,0.08,2275.72,22757.2,1820.58,20936.62,2025-02-28,2025-03-23
SI102882,2026-06-25,C1075,P3008,1,0.15,3538.95,3538.95,530.84,3008.11,2026-08-09,2026-09-04
SI102883,2025-04-02,C1084,P3048,1,0.15,1671.29,1671.29,250.69,1420.6,2025-05-02,2025-05-02
SI102884,2025-09-22,C1010,P3050,10,0.2,1957.91,19579.1,3915.82,15663.28,2025-11-06,2025-11-09
SI102885,2025-08-08,C1029,P3013,8,0.08,791.6,6332.8,506.62,5826.18,2025-09-07,2025-09-07
SI102886,2026-03-18,C1048,P3015,8,0.2,3965.84,31726.72,6345.34,25381.38,2026-04-17,2026-04-17
SI102887,2026-02-05,C1098,P3053,7,0.1,2275.72,15930.04,1593.0,14337.04,2026-03-22,2026-03-28
SI102888,2026-02-04,C1081,P3044,6,0.05,450.62,2703.72,135.19,2568.53,2026-03-06,2026-03-07
SI102889,2026-05-05,C1118,P3008,4,0.05,3538.95,14155.8,707.79,13448.01,2026-06-04,2026-06-04
SI102890,2026-04-30,C1062,P3010,1,0.02,2279.96,2279.96,45.6,2234.36,2026-05-30,2026-06-01
SI102891,2026-04-15,C1116,P3046,9,0.0,2017.69,18159.21,0.0,18159.21,2026-05-15,2026-05-24
SI102892,2026-03-21,C1106,P3005,1,0.02,1385.35,1385.35,27.71,1357.64,2026-04-20,
SI102893,2025-09-26,C1013,P3050,4,0.0,1957.91,7831.64,0.0,7831.64,2025-11-10,2025-11-10
SI102894,2025-09-24,C1044,P3019,3,0.08,2731.93,8195.79,655.66,7540.13,2025-10-09,2025-10-10
SI102895,2025-02-23,C1047,P3047,7,0.05,722.13,5054.91,252.75,4802.16,2025-03-25,2025-03-28
SI102896,2026-06-12,C1103,P3038,5,0.05,595.11,2975.55,148.78,2826.77,2026-07-12,
SI102897,2026-06-04,C1064,P3059,5,0.1,578.62,2893.1,289.31,2603.79,2026-07-04,2026-07-28
SI102898,2025-02-28,C1091,P3011,4,0.1,335.11,1340.44,134.04,1206.4,2025-03-30,2025-04-04
SI102899,2025-02-09,C1118,P3053,1,0.2,2275.72,2275.72,455.14,1820.58,2025-03-11,2025-03-20
SI102900,2025-08-25,C1053,P3043,5,0.08,3207.57,16037.85,1283.03,14754.82,2025-10-09,2025-10-14
SI102901,2026-01-21,C1090,P3020,4,0.05,3394.02,13576.08,678.8,12897.28,2026-02-20,2026-03-08
SI102902,2025-10-27,C1092,P3020,10,0.05,3394.02,33940.2,1697.01,32243.19,2025-12-11,2026-01-04
SI102903,2026-01-30,C1077,P3021,8,0.02,308.88,2471.04,49.42,2421.62,2026-03-01,2026-04-03
SI102904,2025-07-26,C1076,P3018,2,0.02,2434.61,4869.22,97.38,4771.84,2025-09-09,2025-09-19
SI102905,2025-12-02,C1044,P3057,8,0.05,339.43,2715.44,135.77,2579.67,2025-12-17,2025-12-31
SI102906,2026-05-29,C1028,P3050,1,0.2,1957.91,1957.91,391.58,1566.33,2026-07-13,2026-07-19
SI102907,2025-06-27,C1002,P3010,4,0.0,2279.96,9119.84,0.0,9119.84,2025-08-26,2025-09-12
SI102908,2026-01-31,C1101,P3034,3,0.02,1214.64,3643.92,72.88,3571.04,2026-03-02,2026-03-07
SI102909,2026-01-06,C1057,P3026,5,0.02,2009.9,10049.5,200.99,9848.51,2026-02-20,2026-02-24
SI102910,2025-11-14,C1057,P3030,5,0.08,1311.58,6557.9,524.63,6033.27,2025-12-29,2026-01-08
SI102911,2026-01-04,C1034,P3009,5,0.05,939.78,4698.9,234.94,4463.96,2026-03-05,2026-03-25
SI102912,2026-01-19,C1087,P3046,4,0.05,2017.69,8070.76,403.54,7667.22,2026-02-18,2026-03-09
SI102913,2025-03-03,C1058,P3051,8,0.02,3798.59,30388.72,607.77,29780.95,2025-04-02,2025-04-12
SI102914,2026-05-20,C1052,P3031,3,0.05,1098.22,3294.66,164.73,3129.93,2026-06-04,2026-06-13
SI102915,2025-08-27,C1109,P3042,4,0.0,2136.42,8545.68,0.0,8545.68,2025-09-26,2025-10-07
SI102916,2025-07-14,C1029,P3055,1,0.08,2802.87,2802.87,224.23,2578.64,2025-08-13,2025-09-17
SI102917,2025-08-10,C1035,P3004,7,0.0,2184.56,15291.92,0.0,15291.92,2025-09-09,2025-09-26
SI102918,2025-03-02,C1075,P3006,1,0.1,269.22,269.22,26.92,242.3,2025-04-16,2025-04-18
SI102919,2025-05-09,C1048,P3014,2,0.08,1012.57,2025.14,162.01,1863.13,2025-06-08,
SI102920,2025-06-05,C1033,P3004,11,0.1,2184.56,24030.16,2403.02,21627.14,2025-07-20,
SI102921,2026-01-13,C1115,P3026,7,0.05,2009.9,14069.3,703.46,13365.84,2026-01-28,2026-02-08
SI102922,2026-03-13,C1075,P3047,1,0.05,722.13,722.13,36.11,686.02,2026-04-27,2026-05-15
SI102923,2025-07-26,C1073,P3048,11,0.0,1671.29,18384.19,0.0,18384.19,2025-08-10,2025-09-11
SI102924,2026-01-23,C1078,P3039,3,0.08,380.94,1142.82,91.43,1051.39,2026-02-22,
SI102925,2026-04-25,C1009,P3017,6,0.05,1213.79,7282.74,364.14,6918.6,2026-06-24,2026-06-24
SI102926,2025-12-06,C1103,P3019,6,0.05,2731.93,16391.58,819.58,15572.0,2026-01-05,2026-02-14
SI102927,2025-12-06,C1048,P3051,6,0.1,3798.59,22791.54,2279.15,20512.39,2026-01-05,2026-01-16
SI102928,2025-07-23,C1067,P3049,11,0.1,2738.46,30123.06,3012.31,27110.75,2025-08-22,2025-08-27
SI102929,2025-06-10,C1093,P3006,2,0.1,269.22,538.44,53.84,484.6,2025-06-25,2025-07-31
SI102930,2026-06-24,C1083,P3029,2,0.02,1017.07,2034.14,40.68,1993.46,2026-08-08,2026-09-28
SI102931,2026-01-27,C1036,P3011,6,0.08,335.11,2010.66,160.85,1849.81,2026-02-26,2026-02-26
SI102932,2026-06-18,C1096,P3016,10,0.0,2713.06,27130.6,0.0,27130.6,2026-07-03,2026-07-03
SI102933,2025-03-11,C1071,P3030,5,0.08,1311.58,6557.9,524.63,6033.27,2025-04-10,2025-05-11
SI102934,2026-02-09,C1119,P3025,7,0.05,802.15,5615.05,280.75,5334.3,2026-04-10,2026-04-18
SI102935,2026-06-01,C1092,P3040,7,0.02,2880.96,20166.72,403.33,19763.39,2026-07-16,
SI102936,2025-04-30,C1044,P3011,5,0.15,335.11,1675.55,251.33,1424.22,2025-05-15,2025-05-18
SI102937,2025-08-05,C1082,P3007,8,0.08,3525.77,28206.16,2256.49,25949.67,2025-09-19,2025-10-05
SI102938,2025-02-25,C1060,P3026,10,0.05,2009.9,20099.0,1004.95,19094.05,2025-03-12,2025-04-11
SI102939,2026-01-01,C1063,P3056,6,0.0,1862.7,11176.2,0.0,11176.2,2026-01-31,2026-01-31
SI102940,2026-05-19,C1005,P3022,5,0.08,1625.31,8126.55,650.12,7476.43,2026-06-03,2026-06-06
SI102941,2026-03-31,C1087,P3025,4,0.15,802.15,3208.6,481.29,2727.31,2026-04-30,
SI102942,2025-04-14,C1119,P3019,7,0.08,2731.93,19123.51,1529.88,17593.63,2025-06-13,2025-07-15
SI102943,2025-03-18,C1086,P3031,4,0.2,1098.22,4392.88,878.58,3514.3,2025-05-02,2025-06-08
SI102944,2025-08-18,C1090,P3026,5,0.02,2009.9,10049.5,200.99,9848.51,2025-09-17,2025-10-28
SI102945,2025-09-15,C1106,P3042,5,0.08,2136.42,10682.1,854.57,9827.53,2025-10-15,2025-10-27
SI102946,2025-09-21,C1076,P3041,1,0.1,1655.7,1655.7,165.57,1490.13,2025-11-05,2025-12-25
SI102947,2025-11-27,C1040,P3036,1,0.08,2524.78,2524.78,201.98,2322.8,2026-01-11,2026-01-11
SI102948,2025-07-01,C1019,P3023,3,0.0,448.2,1344.6,0.0,1344.6,2025-07-31,2025-07-31
SI102949,2025-01-27,C1047,P3047,11,0.08,722.13,7943.43,635.47,7307.96,2025-02-26,2025-04-07
SI102950,2025-10-03,C1065,P3013,3,0.08,791.6,2374.8,189.98,2184.82,2025-11-17,2025-11-22
SI102951,2025-10-26,C1067,P3025,2,0.1,802.15,1604.3,160.43,1443.87,2025-11-25,2025-12-06
SI102952,2025-04-01,C1091,P3002,2,0.1,3041.97,6083.94,608.39,5475.55,2025-05-01,2025-05-23
SI102953,2026-04-25,C1018,P3002,6,0.1,3041.97,18251.82,1825.18,16426.64,2026-06-09,2026-06-16
SI102954,2026-04-03,C1050,P3016,1,0.08,2713.06,2713.06,217.04,2496.02,2026-05-03,2026-05-03
SI102955,2026-03-27,C1030,P3009,6,0.02,939.78,5638.68,112.77,5525.91,2026-04-26,2026-04-26
SI102956,2025-12-31,C1066,P3028,5,0.05,925.58,4627.9,231.4,4396.5,2026-03-01,2026-03-03
SI102957,2025-12-17,C1005,P3013,6,0.1,791.6,4749.6,474.96,4274.64,2026-01-01,2026-01-01
SI102958,2026-02-04,C1093,P3035,5,0.2,1580.55,7902.75,1580.55,6322.2,2026-02-19,2026-03-01
SI102959,2025-09-10,C1097,P3041,7,0.0,1655.7,11589.9,0.0,11589.9,2025-10-25,2025-10-31
SI102960,2026-04-04,C1042,P3013,1,0.08,791.6,791.6,63.33,728.27,2026-05-04,2026-05-09
SI102961,2026-05-14,C1084,P3031,3,0.05,1098.22,3294.66,164.73,3129.93,2026-06-13,2026-07-13
SI102962,2026-05-23,C1094,P3021,6,0.02,308.88,1853.28,37.07,1816.21,2026-06-07,2026-06-10
SI102963,2025-10-31,C1106,P3032,1,0.05,1742.31,1742.31,87.12,1655.19,2025-11-30,2026-01-05
SI102964,2026-05-16,C1005,P3054,11,0.08,1517.45,16691.95,1335.36,15356.59,2026-05-31,
SI102965,2025-06-15,C1050,P3034,11,0.0,1214.64,13361.04,0.0,13361.04,2025-07-15,2025-07-15
SI102966,2026-02-19,C1085,P3008,7,0.1,3538.95,24772.65,2477.27,22295.38,2026-04-20,2026-05-12
SI102967,2026-04-07,C1058,P3059,4,0.1,578.62,2314.48,231.45,2083.03,2026-05-07,2026-05-18
SI102968,2025-04-24,C1079,P3041,3,0.2,1655.7,4967.1,993.42,3973.68,2025-05-24,
SI102969,2026-03-09,C1084,P3048,10,0.02,1671.29,16712.9,334.26,16378.64,2026-04-08,2026-05-24
SI102970,2025-12-22,C1008,P3002,9,0.08,3041.97,27377.73,2190.22,25187.51,2026-02-20,
SI102971,2025-07-26,C1113,P3038,1,0.05,595.11,595.11,29.76,565.35,2025-09-09,2025-09-20
SI102972,2025-08-23,C1031,P3032,8,0.05,1742.31,13938.48,696.92,13241.56,2025-10-07,2025-10-29
SI102973,2026-03-18,C1012,P3054,1,0.08,1517.45,1517.45,121.4,1396.05,2026-04-17,2026-04-17
SI102974,2025-12-21,C1021,P3040,5,0.1,2880.96,14404.8,1440.48,12964.32,2026-01-20,
SI102975,2026-05-30,C1094,P3058,10,0.0,226.7,2267.0,0.0,2267.0,2026-06-14,2026-06-29
SI102976,2025-07-27,C1062,P3028,8,0.2,925.58,7404.64,1480.93,5923.71,2025-08-26,2025-08-30
SI102977,2025-05-05,C1091,P3037,6,0.1,1078.42,6470.52,647.05,5823.47,2025-06-04,2025-06-04
SI102978,2025-05-18,C1108,P3041,7,0.1,1655.7,11589.9,1158.99,10430.91,2025-06-02,2025-06-15
SI102979,2025-12-05,C1090,P3001,11,0.1,1380.63,15186.93,1518.69,13668.24,2026-01-04,2026-01-04
SI102980,2026-06-21,C1033,P3041,8,0.05,1655.7,13245.6,662.28,12583.32,2026-08-05,2026-09-05
SI102981,2025-03-09,C1026,P3010,6,0.1,2279.96,13679.76,1367.98,12311.78,2025-04-23,2025-05-05
SI102982,2026-06-25,C1090,P3055,11,0.05,2802.87,30831.57,1541.58,29289.99,2026-07-25,
SI102983,2026-01-18,C1100,P3004,6,0.15,2184.56,13107.36,1966.1,11141.26,2026-02-02,2026-02-04
SI102984,2025-01-19,C1040,P3035,11,0.02,1580.55,17386.05,347.72,17038.33,2025-03-05,2025-03-25
SI102985,2026-03-26,C1065,P3010,6,0.05,2279.96,13679.76,683.99,12995.77,2026-05-10,2026-05-21
SI102986,2025-03-15,C1059,P3047,5,0.08,722.13,3610.65,288.85,3321.8,2025-04-14,2025-04-15
SI102987,2025-10-03,C1015,P3011,8,0.05,335.11,2680.88,134.04,2546.84,2025-11-02,2025-11-10
SI102988,2025-02-17,C1114,P3014,2,0.05,1012.57,2025.14,101.26,1923.88,2025-03-19,2025-04-06
SI102989,2025-07-30,C1001,P3038,7,0.05,595.11,4165.77,208.29,3957.48,2025-09-28,2025-10-13
SI102990,2026-06-24,C1011,P3012,4,0.15,626.03,2504.12,375.62,2128.5,2026-07-24,2026-08-08
SI102991,2025-07-10,C1055,P3045,1,0.08,2906.1,2906.1,232.49,2673.61,2025-07-25,2025-07-30
SI102992,2025-11-11,C1002,P3017,5,0.05,1213.79,6068.95,303.45,5765.5,2026-01-10,2026-02-06
SI102993,2025-04-23,C1065,P3016,3,0.02,2713.06,8139.18,162.78,7976.4,2025-06-07,2025-06-07
SI102994,2025-06-19,C1095,P3035,4,0.05,1580.55,6322.2,316.11,6006.09,2025-07-04,2025-07-15
SI102995,2026-04-13,C1044,P3002,7,0.05,3041.97,21293.79,1064.69,20229.1,2026-04-28,2026-04-28
SI102996,2025-01-14,C1016,P3011,5,0.1,335.11,1675.55,167.56,1507.99,2025-02-13,2025-02-16
SI102997,2025-10-15,C1118,P3041,4,0.02,1655.7,6622.8,132.46,6490.34,2025-11-14,2025-11-29
SI102998,2025-07-08,C1022,P3003,1,0.02,3501.32,3501.32,70.03,3431.29,2025-09-06,2025-10-10
SI102999,2025-06-04,C1106,P3029,6,0.05,1017.07,6102.42,305.12,5797.3,2025-07-04,2025-07-10
SI103000,2026-04-16,C1018,P3018,11,0.05,2434.61,26780.71,1339.04,25441.67,2026-05-31,2026-06-16
SI103001,2025-03-16,C1047,P3020,10,0.05,3394.02,33940.2,1697.01,32243.19,2025-04-15,2025-04-15
SI103002,2025-10-04,C1081,P3047,6,0.1,722.13,4332.78,433.28,3899.5,2025-11-03,2025-11-18
SI103003,2025-12-09,C1030,P3014,7,0.05,1012.57,7087.99,354.4,6733.59,2026-01-08,2026-01-25
SI103004,2026-03-01,C1010,P3034,1,0.05,1214.64,1214.64,60.73,1153.91,2026-04-15,2026-05-01
SI103005,2026-05-26,C1099,P3049,4,0.08,2738.46,10953.84,876.31,10077.53,2026-06-25,2026-07-20
SI103006,2025-07-01,C1058,P3054,9,0.02,1517.45,13657.05,273.14,13383.91,2025-07-31,2025-07-31
SI103007,2026-04-03,C1062,P3031,10,0.08,1098.22,10982.2,878.58,10103.62,2026-05-03,2026-05-14
SI103008,2025-03-05,C1085,P3058,6,0.08,226.7,1360.2,108.82,1251.38,2025-05-04,2025-06-06
SI103009,2025-09-17,C1080,P3040,2,0.05,2880.96,5761.92,288.1,5473.82,2025-10-17,2025-10-17
SI103010,2025-07-12,C1006,P3042,4,0.1,2136.42,8545.68,854.57,7691.11,2025-09-10,2025-09-10
SI103011,2026-02-10,C1067,P3058,6,0.02,226.7,1360.2,27.2,1333.0,2026-03-12,2026-03-14
SI103012,2025-04-03,C1041,P3018,4,0.15,2434.61,9738.44,1460.77,8277.67,2025-05-18,2025-05-18
SI103013,2026-03-06,C1043,P3030,10,0.08,1311.58,13115.8,1049.26,12066.54,2026-04-05,2026-04-05
SI103014,2026-03-10,C1085,P3025,7,0.08,802.15,5615.05,449.2,5165.85,2026-05-09,2026-05-26
SI103015,2026-02-08,C1077,P3019,3,0.15,2731.93,8195.79,1229.37,6966.42,2026-03-10,2026-03-10
SI103016,2026-03-10,C1018,P3008,6,0.1,3538.95,21233.7,2123.37,19110.33,2026-04-24,2026-05-17
SI103017,2025-04-22,C1058,P3028,4,0.08,925.58,3702.32,296.19,3406.13,2025-05-22,2025-06-09
SI103018,2026-01-10,C1118,P3008,3,0.1,3538.95,10616.85,1061.69,9555.16,2026-02-09,2026-03-22
SI103019,2025-02-28,C1060,P3031,3,0.05,1098.22,3294.66,164.73,3129.93,2025-03-15,2025-04-02
SI103020,2025-02-12,C1088,P3003,2,0.08,3501.32,7002.64,560.21,6442.43,2025-03-14,2025-03-14
SI103021,2025-07-26,C1027,P3003,11,0.0,3501.32,38514.52,0.0,38514.52,2025-09-09,2025-09-09
SI103022,2025-10-23,C1118,P3044,3,0.0,450.62,1351.86,0.0,1351.86,2025-11-22,2025-11-22
SI103023,2025-04-28,C1068,P3022,10,0.1,1625.31,16253.1,1625.31,14627.79,2025-05-28,2025-05-28
SI103024,2026-06-16,C1022,P3017,1,0.0,1213.79,1213.79,0.0,1213.79,2026-08-15,2026-08-15
SI103025,2025-08-10,C1024,P3036,3,0.02,2524.78,7574.34,151.49,7422.85,2025-09-09,2025-09-11
SI103026,2025-06-15,C1040,P3017,9,0.1,1213.79,10924.11,1092.41,9831.7,2025-07-30,
SI103027,2025-06-05,C1109,P3014,4,0.0,1012.57,4050.28,0.0,4050.28,2025-07-05,2025-07-05
SI103028,2025-07-03,C1074,P3051,3,0.05,3798.59,11395.77,569.79,10825.98,2025-09-01,2025-09-03
SI103029,2025-03-31,C1066,P3009,8,0.08,939.78,7518.24,601.46,6916.78,2025-05-30,2025-06-07
SI103030,2025-04-04,C1040,P3030,1,0.08,1311.58,1311.58,104.93,1206.65,2025-05-19,2025-06-04
SI103031,2025-01-13,C1006,P3021,5,0.1,308.88,1544.4,154.44,1389.96,2025-03-14,2025-04-11
SI103032,2026-03-14,C1112,P3012,1,0.05,626.03,626.03,31.3,594.73,2026-04-28,2026-05-24
SI103033,2026-06-22,C1018,P3037,7,0.05,1078.42,7548.94,377.45,7171.49,2026-08-06,2026-08-31
SI103034,2025-05-30,C1081,P3032,5,0.1,1742.31,8711.55,871.16,7840.39,2025-06-29,2025-07-17
SI103035,2025-01-08,C1102,P3011,2,0.05,335.11,670.22,33.51,636.71,2025-02-07,2025-02-07
SI103036,2025-01-29,C1109,P3020,1,0.08,3394.02,3394.02,271.52,3122.5,2025-02-28,2025-03-21
SI103037,2025-10-23,C1087,P3035,11,0.15,1580.55,17386.05,2607.91,14778.14,2025-11-22,2025-12-02
SI103038,2025-12-06,C1110,P3053,7,0.05,2275.72,15930.04,796.5,15133.54,2026-01-05,2026-01-19
SI103039,2026-03-15,C1030,P3047,1,0.05,722.13,722.13,36.11,686.02,2026-04-14,2026-04-17
SI103040,2025-05-24,C1021,P3046,3,0.0,2017.69,6053.07,0.0,6053.07,2025-06-23,2025-07-16
SI103041,2026-06-03,C1062,P3011,11,0.08,335.11,3686.21,294.9,3391.31,2026-07-03,2026-07-12
SI103042,2025-02-14,C1010,P3052,6,0.0,1201.09,7206.54,0.0,7206.54,2025-03-31,2025-03-31
SI103043,2025-08-27,C1120,P3008,6,0.05,3538.95,21233.7,1061.69,20172.01,2025-09-26,2025-09-26
SI103044,2025-06-04,C1107,P3004,7,0.1,2184.56,15291.92,1529.19,13762.73,2025-07-04,2025-07-04
SI103045,2025-06-30,C1013,P3027,11,0.08,1582.59,17408.49,1392.68,16015.81,2025-08-14,2025-08-14
SI103046,2025-08-03,C1076,P3044,11,0.02,450.62,4956.82,99.14,4857.68,2025-09-17,2025-09-17
SI103047,2025-03-29,C1009,P3040,1,0.1,2880.96,2880.96,288.1,2592.86,2025-05-28,
SI103048,2025-09-13,C1068,P3038,7,0.02,595.11,4165.77,83.32,4082.45,2025-10-13,2025-10-18
SI103049,2026-05-26,C1039,P3047,2,0.1,722.13,1444.26,144.43,1299.83,2026-07-10,2026-08-18
SI103050,2025-03-14,C1024,P3030,6,0.08,1311.58,7869.48,629.56,7239.92,2025-04-13,2025-05-12
SI103051,2025-06-28,C1118,P3044,8,0.02,450.62,3604.96,72.1,3532.86,2025-07-28,2025-07-28
SI103052,2025-07-31,C1034,P3048,5,0.15,1671.29,8356.45,1253.47,7102.98,2025-09-29,2025-10-04
SI103053,2025-08-22,C1103,P3048,10,0.02,1671.29,16712.9,334.26,16378.64,2025-09-21,2025-09-26
SI103054,2026-04-10,C1061,P3027,3,0.2,1582.59,4747.77,949.55,3798.22,2026-04-25,2026-05-20
SI103055,2025-08-11,C1041,P3021,11,0.0,308.88,3397.68,0.0,3397.68,2025-09-25,2025-09-25
SI103056,2025-09-21,C1005,P3052,8,0.02,1201.09,9608.72,192.17,9416.55,2025-10-06,2025-10-22
SI103057,2025-07-26,C1079,P3020,8,0.02,3394.02,27152.16,543.04,26609.12,2025-08-25,2025-08-31
SI103058,2026-01-01,C1050,P3060,4,0.0,157.9,631.6,0.0,631.6,2026-01-31,2026-01-31
SI103059,2025-10-03,C1004,P3004,8,0.1,2184.56,17476.48,1747.65,15728.83,2025-11-02,2025-11-08
SI103060,2026-01-15,C1051,P3011,5,0.08,335.11,1675.55,134.04,1541.51,2026-01-30,2026-02-01
SI103061,2025-11-05,C1052,P3013,11,0.1,791.6,8707.6,870.76,7836.84,2025-11-20,2025-11-25
SI103062,2025-09-25,C1039,P3009,5,0.02,939.78,4698.9,93.98,4604.92,2025-11-09,2025-11-09
SI103063,2025-03-05,C1008,P3004,3,0.05,2184.56,6553.68,327.68,6226.0,2025-05-04,2025-05-10
SI103064,2025-12-16,C1113,P3012,7,0.08,626.03,4382.21,350.58,4031.63,2026-01-30,
SI103065,2026-05-09,C1045,P3009,11,0.05,939.78,10337.58,516.88,9820.7,2026-06-08,2026-06-14
SI103066,2026-06-07,C1088,P3013,11,0.08,791.6,8707.6,696.61,8010.99,2026-07-07,2026-08-14
SI103067,2025-04-08,C1117,P3048,9,0.08,1671.29,15041.61,1203.33,13838.28,2025-04-23,2025-04-30
SI103068,2025-03-12,C1028,P3026,9,0.0,2009.9,18089.1,0.0,18089.1,2025-04-26,2025-05-03
SI103069,2025-12-30,C1119,P3038,1,0.1,595.11,595.11,59.51,535.6,2026-02-28,2026-03-12
SI103070,2025-10-03,C1107,P3042,1,0.1,2136.42,2136.42,213.64,1922.78,2025-11-02,2025-11-02
SI103071,2025-02-19,C1027,P3013,10,0.08,791.6,7916.0,633.28,7282.72,2025-04-05,2025-04-26
SI103072,2025-12-24,C1065,P3039,11,0.02,380.94,4190.34,83.81,4106.53,2026-02-07,2026-02-07
SI103073,2026-04-30,C1034,P3028,5,0.02,925.58,4627.9,92.56,4535.34,2026-06-29,2026-07-12
SI103074,2025-03-25,C1081,P3058,1,0.05,226.7,226.7,11.34,215.36,2025-04-24,2025-05-05
SI103075,2025-10-23,C1101,P3019,4,0.05,2731.93,10927.72,546.39,10381.33,2025-11-22,2025-11-22
SI103076,2025-08-24,C1062,P3024,1,0.02,1395.29,1395.29,27.91,1367.38,2025-09-23,2025-10-28
SI103077,2025-02-25,C1062,P3019,2,0.1,2731.93,5463.86,546.39,4917.47,2025-03-27,2025-04-26
SI103078,2025-12-26,C1038,P3049,2,0.08,2738.46,5476.92,438.15,5038.77,2026-01-25,2026-02-17
SI103079,2025-04-20,C1026,P3013,4,0.08,791.6,3166.4,253.31,2913.09,2025-06-04,2025-06-10
SI103080,2025-07-11,C1024,P3013,8,0.02,791.6,6332.8,126.66,6206.14,2025-08-10,2025-09-03
SI103081,2025-04-03,C1039,P3058,2,0.15,226.7,453.4,68.01,385.39,2025-05-18,2025-06-07
SI103082,2025-03-01,C1021,P3028,9,0.02,925.58,8330.22,166.6,8163.62,2025-03-31,2025-04-08
SI103083,2025-02-08,C1094,P3053,9,0.1,2275.72,20481.48,2048.15,18433.33,2025-02-23,2025-02-24
SI103084,2026-06-24,C1047,P3002,2,0.2,3041.97,6083.94,1216.79,4867.15,2026-07-24,2026-07-25
SI103085,2025-02-18,C1115,P3010,1,0.1,2279.96,2279.96,228.0,2051.96,2025-03-05,2025-03-12
SI103086,2026-02-24,C1048,P3022,10,0.2,1625.31,16253.1,3250.62,13002.48,2026-03-26,
SI103087,2025-01-13,C1013,P3013,10,0.08,791.6,7916.0,633.28,7282.72,2025-02-27,2025-03-01
SI103088,2025-02-05,C1101,P3058,9,0.02,226.7,2040.3,40.81,1999.49,2025-03-07,2025-03-17
SI103089,2025-04-11,C1003,P3009,2,0.02,939.78,1879.56,37.59,1841.97,2025-06-10,
SI103090,2025-03-27,C1032,P3033,8,0.05,246.53,1972.24,98.61,1873.63,2025-05-11,2025-05-11
SI103091,2026-05-31,C1035,P3014,3,0.0,1012.57,3037.71,0.0,3037.71,2026-06-30,2026-08-01
SI103092,2025-08-11,C1019,P3048,1,0.08,1671.29,1671.29,133.7,1537.59,2025-09-10,2025-09-12
SI103093,2025-12-04,C1014,P3020,11,0.02,3394.02,37334.22,746.68,36587.54,2026-01-03,2026-01-26
SI103094,2025-06-15,C1048,P3015,1,0.1,3965.84,3965.84,396.58,3569.26,2025-07-15,2025-07-15
SI103095,2026-01-18,C1086,P3032,10,0.05,1742.31,17423.1,871.16,16551.94,2026-03-04,
SI103096,2026-01-11,C1081,P3033,2,0.05,246.53,493.06,24.65,468.41,2026-02-10,2026-02-16
SI103097,2026-04-16,C1068,P3017,7,0.2,1213.79,8496.53,1699.31,6797.22,2026-05-16,2026-05-16
SI103098,2025-01-31,C1045,P3024,6,0.02,1395.29,8371.74,167.43,8204.31,2025-03-02,2025-03-10
SI103099,2026-01-10,C1104,P3030,11,0.1,1311.58,14427.38,1442.74,12984.64,2026-02-09,2026-02-16
SI103100,2025-01-11,C1019,P3013,2,0.1,791.6,1583.2,158.32,1424.88,2025-02-10,2025-02-26
SI103101,2025-10-29,C1064,P3059,4,0.02,578.62,2314.48,46.29,2268.19,2025-11-28,2025-11-29
SI103102,2025-04-06,C1101,P3047,2,0.05,722.13,1444.26,72.21,1372.05,2025-05-06,2025-05-10
SI103103,2025-07-09,C1066,P3048,1,0.05,1671.29,1671.29,83.56,1587.73,2025-09-07,2025-09-07
SI103104,2026-03-29,C1079,P3016,3,0.1,2713.06,8139.18,813.92,7325.26,2026-04-28,2026-05-29
SI103105,2025-07-11,C1066,P3002,4,0.08,3041.97,12167.88,973.43,11194.45,2025-09-09,2025-09-09
SI103106,2026-05-01,C1075,P3017,10,0.05,1213.79,12137.9,606.9,11531.0,2026-06-15,2026-06-15
SI103107,2025-09-23,C1045,P3032,5,0.1,1742.31,8711.55,871.16,7840.39,2025-10-23,2025-10-26
SI103108,2026-02-28,C1087,P3043,5,0.02,3207.57,16037.85,320.76,15717.09,2026-03-30,
SI103109,2025-05-08,C1074,P3008,7,0.1,3538.95,24772.65,2477.27,22295.38,2025-07-07,
SI103110,2025-08-26,C1067,P3052,10,0.15,1201.09,12010.9,1801.64,10209.26,2025-09-25,2025-10-18
SI103111,2025-12-21,C1069,P3003,8,0.15,3501.32,28010.56,4201.58,23808.98,2026-02-04,2026-02-04
SI103112,2025-04-22,C1003,P3012,9,0.1,626.03,5634.27,563.43,5070.84,2025-06-21,2025-06-21
SI103113,2026-03-22,C1038,P3020,7,0.05,3394.02,23758.14,1187.91,22570.23,2026-04-21,2026-04-28
SI103114,2025-12-09,C1077,P3016,5,0.2,2713.06,13565.3,2713.06,10852.24,2026-01-08,2026-01-08
SI103115,2025-05-25,C1042,P3014,9,0.05,1012.57,9113.13,455.66,8657.47,2025-06-24,2025-07-31
SI103116,2025-03-06,C1083,P3016,8,0.08,2713.06,21704.48,1736.36,19968.12,2025-04-20,
SI103117,2025-09-04,C1040,P3059,10,0.02,578.62,5786.2,115.72,5670.48,2025-10-19,2025-10-28
SI103118,2026-05-05,C1050,P3053,9,0.2,2275.72,20481.48,4096.3,16385.18,2026-06-04,2026-06-09
SI103119,2026-03-15,C1035,P3049,10,0.08,2738.46,27384.6,2190.77,25193.83,2026-04-14,2026-04-14
SI103120,2025-04-16,C1024,P3043,8,0.1,3207.57,25660.56,2566.06,23094.5,2025-05-16,
SI103121,2025-06-30,C1088,P3049,6,0.0,2738.46,16430.76,0.0,16430.76,2025-07-30,2025-08-12
SI103122,2025-07-03,C1017,P3051,4,0.1,3798.59,15194.36,1519.44,13674.92,2025-09-01,2025-09-06
SI103123,2025-08-14,C1040,P3054,9,0.1,1517.45,13657.05,1365.7,12291.35,2025-09-28,2025-10-03
SI103124,2025-03-30,C1074,P3033,9,0.08,246.53,2218.77,177.5,2041.27,2025-05-29,2025-05-29
SI103125,2026-06-14,C1066,P3030,10,0.05,1311.58,13115.8,655.79,12460.01,2026-08-13,2026-08-28
SI103126,2026-01-06,C1044,P3059,10,0.05,578.62,5786.2,289.31,5496.89,2026-01-21,2026-02-04
SI103127,2026-02-03,C1023,P3012,9,0.0,626.03,5634.27,0.0,5634.27,2026-02-18,
SI103128,2025-04-16,C1006,P3015,10,0.05,3965.84,39658.4,1982.92,37675.48,2025-06-15,2025-06-18
SI103129,2025-09-28,C1066,P3018,3,0.02,2434.61,7303.83,146.08,7157.75,2025-11-27,2025-12-15
SI103130,2026-05-18,C1021,P3028,11,0.05,925.58,10181.38,509.07,9672.31,2026-06-17,
SI103131,2026-06-09,C1119,P3023,3,0.02,448.2,1344.6,26.89,1317.71,2026-08-08,2026-08-18
SI103132,2025-02-01,C1120,P3014,11,0.02,1012.57,11138.27,222.77,10915.5,2025-03-03,2025-03-03
SI103133,2026-01-28,C1035,P3030,6,0.0,1311.58,7869.48,0.0,7869.48,2026-02-27,2026-03-21
SI103134,2025-02-09,C1113,P3033,6,0.15,246.53,1479.18,221.88,1257.3,2025-03-26,2025-04-21
SI103135,2025-08-06,C1029,P3045,6,0.08,2906.1,17436.6,1394.93,16041.67,2025-09-05,2025-09-22
SI103136,2025-03-23,C1007,P3015,5,0.05,3965.84,19829.2,991.46,18837.74,2025-04-22,2025-04-22
SI103137,2025-07-20,C1093,P3007,5,0.08,3525.77,17628.85,1410.31,16218.54,2025-08-04,2025-08-04
SI103138,2026-03-23,C1053,P3015,2,0.08,3965.84,7931.68,634.53,7297.15,2026-05-07,2026-05-09
SI103139,2026-03-04,C1037,P3052,7,0.15,1201.09,8407.63,1261.14,7146.49,2026-04-18,
SI103140,2025-02-07,C1023,P3042,4,0.02,2136.42,8545.68,170.91,8374.77,2025-02-22,2025-02-22
SI103141,2025-07-30,C1097,P3046,3,0.05,2017.69,6053.07,302.65,5750.42,2025-09-13,2025-09-25
SI103142,2026-03-20,C1008,P3038,8,0.2,595.11,4760.88,952.18,3808.7,2026-05-19,
SI103143,2025-11-23,C1076,P3046,4,0.05,2017.69,8070.76,403.54,7667.22,2026-01-07,
SI103144,2025-08-15,C1110,P3056,11,0.0,1862.7,20489.7,0.0,20489.7,2025-09-14,
SI103145,2025-02-17,C1048,P3057,4,0.02,339.43,1357.72,27.15,1330.57,2025-03-19,2025-03-19
SI103146,2025-01-18,C1010,P3054,8,0.0,1517.45,12139.6,0.0,12139.6,2025-03-04,2025-03-04
SI103147,2026-03-15,C1079,P3044,1,0.2,450.62,450.62,90.12,360.5,2026-04-14,2026-05-04
SI103148,2025-07-06,C1117,P3011,9,0.05,335.11,3015.99,150.8,2865.19,2025-07-21,2025-09-02
SI103149,2025-12-11,C1024,P3029,7,0.15,1017.07,7119.49,1067.92,6051.57,2026-01-10,2026-01-10
SI103150,2025-08-12,C1090,P3031,2,0.2,1098.22,2196.44,439.29,1757.15,2025-09-11,2025-09-21
SI103151,2026-05-03,C1047,P3025,11,0.08,802.15,8823.65,705.89,8117.76,2026-06-02,
SI103152,2025-08-17,C1106,P3052,6,0.0,1201.09,7206.54,0.0,7206.54,2025-09-16,2025-09-17
SI103153,2026-01-25,C1053,P3054,8,0.0,1517.45,12139.6,0.0,12139.6,2026-03-11,
SI103154,2025-07-07,C1039,P3024,11,0.05,1395.29,15348.19,767.41,14580.78,2025-08-21,2025-08-21
SI103155,2025-09-27,C1067,P3057,5,0.05,339.43,1697.15,84.86,1612.29,2025-10-27,2025-11-01
SI103156,2025-11-06,C1066,P3019,6,0.08,2731.93,16391.58,1311.33,15080.25,2026-01-05,2026-01-12
SI103157,2025-05-12,C1006,P3002,10,0.05,3041.97,30419.7,1520.98,28898.72,2025-07-11,2025-07-11
SI103158,2025-03-13,C1021,P3022,8,0.15,1625.31,13002.48,1950.37,11052.11,2025-04-12,2025-04-27
SI103159,2025-07-06,C1073,P3020,6,0.08,3394.02,20364.12,1629.13,18734.99,2025-07-21,2025-07-21
SI103160,2026-05-01,C1074,P3033,9,0.08,246.53,2218.77,177.5,2041.27,2026-06-30,2026-06-30
SI103161,2025-07-10,C1036,P3008,9,0.15,3538.95,31850.55,4777.58,27072.97,2025-08-09,2025-08-18
SI103162,2026-02-26,C1003,P3025,9,0.02,802.15,7219.35,144.39,7074.96,2026-04-27,2026-04-27
SI103163,2025-04-30,C1105,P3046,6,0.02,2017.69,12106.14,242.12,11864.02,2025-05-30,2025-06-12
SI103164,2025-08-08,C1088,P3009,9,0.0,939.78,8458.02,0.0,8458.02,2025-09-07,2025-09-07
SI103165,2025-02-22,C1086,P3034,3,0.02,1214.64,3643.92,72.88,3571.04,2025-04-08,2025-04-22
SI103166,2026-03-27,C1113,P3057,5,0.05,339.43,1697.15,84.86,1612.29,2026-05-11,2026-05-28
SI103167,2026-02-16,C1078,P3023,2,0.05,448.2,896.4,44.82,851.58,2026-03-18,2026-04-18
SI103168,2025-08-25,C1042,P3005,8,0.05,1385.35,11082.8,554.14,10528.66,2025-09-24,2025-09-24
SI103169,2026-02-10,C1045,P3055,11,0.2,2802.87,30831.57,6166.31,24665.26,2026-03-12,2026-03-24
SI103170,2026-02-26,C1044,P3025,4,0.02,802.15,3208.6,64.17,3144.43,2026-03-13,2026-03-13
SI103171,2025-09-04,C1091,P3008,6,0.08,3538.95,21233.7,1698.7,19535.0,2025-10-04,2025-10-19
SI103172,2025-03-13,C1033,P3016,6,0.0,2713.06,16278.36,0.0,16278.36,2025-04-27,2025-04-30
SI103173,2025-07-04,C1060,P3054,5,0.05,1517.45,7587.25,379.36,7207.89,2025-07-19,2025-07-19
SI103174,2025-01-06,C1086,P3048,1,0.08,1671.29,1671.29,133.7,1537.59,2025-02-20,2025-02-23
SI103175,2025-07-25,C1093,P3045,11,0.2,2906.1,31967.1,6393.42,25573.68,2025-08-09,2025-08-24
SI103176,2026-06-28,C1083,P3052,7,0.05,1201.09,8407.63,420.38,7987.25,2026-08-12,2026-08-24
SI103177,2026-01-22,C1083,P3015,10,0.0,3965.84,39658.4,0.0,39658.4,2026-03-08,2026-03-16
SI103178,2025-03-17,C1070,P3001,8,0.05,1380.63,11045.04,552.25,10492.79,2025-04-16,2025-04-26
SI103179,2025-06-26,C1109,P3022,1,0.02,1625.31,1625.31,32.51,1592.8,2025-07-26,2025-08-01
SI103180,2025-12-15,C1083,P3003,10,0.02,3501.32,35013.2,700.26,34312.94,2026-01-29,2026-02-26
SI103181,2025-09-12,C1077,P3038,7,0.08,595.11,4165.77,333.26,3832.51,2025-10-12,2025-10-18
SI103182,2025-11-04,C1026,P3054,4,0.0,1517.45,6069.8,0.0,6069.8,2025-12-19,2025-12-23
SI103183,2025-12-11,C1086,P3014,6,0.05,1012.57,6075.42,303.77,5771.65,2026-01-25,2026-02-06
SI103184,2025-05-07,C1021,P3036,9,0.08,2524.78,22723.02,1817.84,20905.18,2025-06-06,
SI103185,2025-10-14,C1100,P3018,5,0.05,2434.61,12173.05,608.65,11564.4,2025-10-29,2025-11-14
SI103186,2026-05-02,C1120,P3047,8,0.0,722.13,5777.04,0.0,5777.04,2026-06-01,2026-06-10
SI103187,2026-01-18,C1002,P3041,5,0.2,1655.7,8278.5,1655.7,6622.8,2026-03-19,2026-03-25
SI103188,2026-02-10,C1047,P3018,2,0.05,2434.61,4869.22,243.46,4625.76,2026-03-12,2026-03-22
SI103189,2026-01-23,C1108,P3003,4,0.1,3501.32,14005.28,1400.53,12604.75,2026-02-07,2026-02-10
SI103190,2026-06-09,C1030,P3010,2,0.05,2279.96,4559.92,228.0,4331.92,2026-07-09,2026-07-21
SI103191,2025-10-03,C1027,P3049,7,0.05,2738.46,19169.22,958.46,18210.76,2025-11-17,2025-11-20
SI103192,2026-05-15,C1071,P3039,7,0.05,380.94,2666.58,133.33,2533.25,2026-06-14,2026-06-25
SI103193,2025-12-03,C1020,P3047,3,0.05,722.13,2166.39,108.32,2058.07,2025-12-18,2026-01-07
SI103194,2026-04-26,C1050,P3001,7,0.0,1380.63,9664.41,0.0,9664.41,2026-05-26,2026-05-26
SI103195,2025-09-30,C1095,P3027,1,0.05,1582.59,1582.59,79.13,1503.46,2025-10-15,2025-10-25
SI103196,2025-02-27,C1023,P3057,1,0.15,339.43,339.43,50.91,288.52,2025-03-14,2025-03-15
SI103197,2025-11-24,C1013,P3027,9,0.08,1582.59,14243.31,1139.46,13103.85,2026-01-08,2026-02-03
SI103198,2025-04-19,C1081,P3011,6,0.02,335.11,2010.66,40.21,1970.45,2025-05-19,2025-05-29
SI103199,2025-10-06,C1004,P3049,5,0.08,2738.46,13692.3,1095.38,12596.92,2025-11-05,2025-11-30
SI103200,2025-11-24,C1014,P3005,6,0.15,1385.35,8312.1,1246.82,7065.28,2025-12-24,2026-01-26
SI103201,2025-11-11,C1020,P3007,6,0.08,3525.77,21154.62,1692.37,19462.25,2025-11-26,2025-11-26
SI103202,2026-04-19,C1013,P3019,1,0.02,2731.93,2731.93,54.64,2677.29,2026-06-03,
SI103203,2025-04-21,C1003,P3057,5,0.15,339.43,1697.15,254.57,1442.58,2025-06-20,2025-07-03
SI103204,2025-08-17,C1090,P3056,9,0.05,1862.7,16764.3,838.22,15926.08,2025-09-16,2025-10-03
SI103205,2026-05-12,C1090,P3029,4,0.05,1017.07,4068.28,203.41,3864.87,2026-06-11,2026-06-11
SI103206,2025-06-05,C1082,P3015,3,0.08,3965.84,11897.52,951.8,10945.72,2025-07-20,2025-07-20
SI103207,2026-04-18,C1096,P3035,1,0.15,1580.55,1580.55,237.08,1343.47,2026-05-03,2026-05-03
SI103208,2025-09-29,C1078,P3047,2,0.15,722.13,1444.26,216.64,1227.62,2025-10-29,2025-10-30
SI103209,2025-01-02,C1047,P3037,3,0.15,1078.42,3235.26,485.29,2749.97,2025-02-01,2025-02-22
SI103210,2026-05-26,C1003,P3055,4,0.0,2802.87,11211.48,0.0,11211.48,2026-07-25,2026-08-20
SI103211,2025-10-13,C1001,P3012,7,0.15,626.03,4382.21,657.33,3724.88,2025-12-12,2025-12-19
SI103212,2025-01-13,C1090,P3030,6,0.0,1311.58,7869.48,0.0,7869.48,2025-02-12,2025-02-16
SI103213,2026-05-13,C1024,P3020,11,0.02,3394.02,37334.22,746.68,36587.54,2026-06-12,2026-07-04
SI103214,2025-08-26,C1113,P3037,8,0.05,1078.42,8627.36,431.37,8195.99,2025-10-10,2025-10-22
SI103215,2025-04-04,C1035,P3003,9,0.05,3501.32,31511.88,1575.59,29936.29,2025-05-04,2025-05-30
SI103216,2025-12-04,C1014,P3009,6,0.08,939.78,5638.68,451.09,5187.59,2026-01-03,2026-01-25
SI103217,2025-06-20,C1067,P3058,7,0.05,226.7,1586.9,79.35,1507.55,2025-07-20,2025-08-04
SI103218,2026-04-12,C1013,P3041,4,0.15,1655.7,6622.8,993.42,5629.38,2026-05-27,2026-06-11
SI103219,2025-05-23,C1047,P3039,2,0.02,380.94,761.88,15.24,746.64,2025-06-22,2025-07-04
SI103220,2025-07-20,C1050,P3026,9,0.05,2009.9,18089.1,904.46,17184.64,2025-08-19,2025-09-13
SI103221,2025-06-29,C1078,P3002,9,0.15,3041.97,27377.73,4106.66,23271.07,2025-07-29,2025-07-29
SI103222,2025-12-30,C1085,P3023,4,0.0,448.2,1792.8,0.0,1792.8,2026-02-28,2026-03-04
SI103223,2026-04-24,C1026,P3023,3,0.08,448.2,1344.6,107.57,1237.03,2026-06-08,2026-07-07
SI103224,2026-04-16,C1003,P3059,10,0.08,578.62,5786.2,462.9,5323.3,2026-06-15,2026-06-15
SI103225,2026-01-19,C1051,P3021,11,0.05,308.88,3397.68,169.88,3227.8,2026-02-03,2026-02-05
SI103226,2026-02-21,C1040,P3016,6,0.08,2713.06,16278.36,1302.27,14976.09,2026-04-07,2026-04-24
SI103227,2025-11-04,C1068,P3009,3,0.02,939.78,2819.34,56.39,2762.95,2025-12-04,2025-12-18
SI103228,2026-01-02,C1036,P3013,1,0.15,791.6,791.6,118.74,672.86,2026-02-01,2026-02-01
SI103229,2025-01-01,C1051,P3028,4,0.02,925.58,3702.32,74.05,3628.27,2025-01-16,2025-01-23
SI103230,2025-02-13,C1107,P3027,1,0.05,1582.59,1582.59,79.13,1503.46,2025-03-15,2025-03-15
SI103231,2025-04-08,C1001,P3051,2,0.0,3798.59,7597.18,0.0,7597.18,2025-06-07,2025-06-27
SI103232,2025-09-22,C1104,P3052,3,0.08,1201.09,3603.27,288.26,3315.01,2025-10-22,2025-10-22
SI103233,2025-05-20,C1111,P3017,8,0.08,1213.79,9710.32,776.83,8933.49,2025-06-19,2025-07-19
SI103234,2026-04-26,C1033,P3038,10,0.2,595.11,5951.1,1190.22,4760.88,2026-06-10,2026-06-10
SI103235,2025-08-25,C1007,P3036,4,0.1,2524.78,10099.12,1009.91,9089.21,2025-09-24,2025-09-24
SI103236,2025-03-13,C1117,P3001,4,0.08,1380.63,5522.52,441.8,5080.72,2025-03-28,2025-04-03
SI103237,2025-07-09,C1116,P3018,10,0.15,2434.61,24346.1,3651.91,20694.19,2025-08-08,2025-09-05
SI103238,2025-09-25,C1052,P3051,9,0.05,3798.59,34187.31,1709.37,32477.94,2025-10-10,2025-10-16
SI103239,2025-11-17,C1120,P3009,7,0.08,939.78,6578.46,526.28,6052.18,2025-12-17,2025-12-23
SI103240,2025-04-17,C1011,P3013,2,0.08,791.6,1583.2,126.66,1456.54,2025-05-17,2025-05-17
SI103241,2025-08-20,C1027,P3040,3,0.05,2880.96,8642.88,432.14,8210.74,2025-10-04,2025-10-06
SI103242,2025-02-11,C1014,P3055,4,0.1,2802.87,11211.48,1121.15,10090.33,2025-03-13,2025-03-17
SI103243,2025-05-19,C1086,P3045,4,0.02,2906.1,11624.4,232.49,11391.91,2025-07-03,2025-07-30
SI103244,2025-09-30,C1080,P3015,10,0.08,3965.84,39658.4,3172.67,36485.73,2025-10-30,
SI103245,2026-04-26,C1046,P3043,8,0.1,3207.57,25660.56,2566.06,23094.5,2026-05-11,2026-05-22
SI103246,2026-02-20,C1076,P3044,10,0.15,450.62,4506.2,675.93,3830.27,2026-04-06,2026-04-11
SI103247,2026-05-21,C1113,P3046,10,0.15,2017.69,20176.9,3026.54,17150.36,2026-07-05,2026-07-11
SI103248,2026-02-28,C1110,P3004,6,0.05,2184.56,13107.36,655.37,12451.99,2026-03-30,2026-03-30
SI103249,2026-02-11,C1010,P3033,3,0.08,246.53,739.59,59.17,680.42,2026-03-28,2026-03-28
SI103250,2026-01-25,C1024,P3024,11,0.05,1395.29,15348.19,767.41,14580.78,2026-02-24,2026-03-02
SI103251,2025-12-08,C1061,P3036,9,0.05,2524.78,22723.02,1136.15,21586.87,2025-12-23,2026-01-08
SI103252,2026-05-08,C1110,P3051,10,0.15,3798.59,37985.9,5697.88,32288.02,2026-06-07,2026-06-15
SI103253,2025-07-11,C1018,P3041,8,0.15,1655.7,13245.6,1986.84,11258.76,2025-08-25,2025-08-25
SI103254,2026-05-14,C1086,P3010,9,0.15,2279.96,20519.64,3077.95,17441.69,2026-06-28,2026-07-31
SI103255,2025-08-21,C1009,P3036,5,0.02,2524.78,12623.9,252.48,12371.42,2025-10-20,2025-10-21
SI103256,2025-08-15,C1017,P3020,3,0.15,3394.02,10182.06,1527.31,8654.75,2025-10-14,2025-10-25
SI103257,2026-01-06,C1102,P3041,4,0.2,1655.7,6622.8,1324.56,5298.24,2026-02-05,2026-02-05
SI103258,2025-05-19,C1104,P3045,5,0.05,2906.1,14530.5,726.53,13803.97,2025-06-18,
SI103259,2025-05-29,C1058,P3044,9,0.05,450.62,4055.58,202.78,3852.8,2025-06-28,2025-06-28
SI103260,2025-04-25,C1013,P3011,9,0.1,335.11,3015.99,301.6,2714.39,2025-06-09,2025-06-09
SI103261,2026-03-26,C1050,P3012,3,0.08,626.03,1878.09,150.25,1727.84,2026-04-25,2026-04-25
SI103262,2025-03-04,C1101,P3018,7,0.2,2434.61,17042.27,3408.45,13633.82,2025-04-03,2025-04-12
SI103263,2025-04-14,C1006,P3030,6,0.05,1311.58,7869.48,393.47,7476.01,2025-06-13,2025-07-12
SI103264,2025-09-30,C1085,P3044,4,0.08,450.62,1802.48,144.2,1658.28,2025-11-29,2025-12-07
SI103265,2025-01-06,C1051,P3048,5,0.1,1671.29,8356.45,835.65,7520.8,2025-01-21,2025-01-28
SI103266,2025-05-27,C1036,P3037,10,0.05,1078.42,10784.2,539.21,10244.99,2025-06-26,2025-06-26
SI103267,2025-07-03,C1071,P3020,2,0.15,3394.02,6788.04,1018.21,5769.83,2025-08-02,2025-08-16
SI103268,2025-01-28,C1100,P3025,11,0.08,802.15,8823.65,705.89,8117.76,2025-02-12,2025-02-26
SI103269,2025-04-29,C1025,P3012,7,0.05,626.03,4382.21,219.11,4163.1,2025-06-13,2025-06-13
SI103270,2025-10-20,C1011,P3021,4,0.0,308.88,1235.52,0.0,1235.52,2025-11-19,2025-11-28
SI103271,2026-01-06,C1044,P3025,2,0.05,802.15,1604.3,80.22,1524.08,2026-01-21,2026-02-03
SI103272,2025-09-01,C1014,P3011,11,0.1,335.11,3686.21,368.62,3317.59,2025-10-01,2025-10-21
SI103273,2025-08-06,C1109,P3009,6,0.15,939.78,5638.68,845.8,4792.88,2025-09-05,2025-09-06
SI103274,2025-06-26,C1029,P3050,11,0.02,1957.91,21537.01,430.74,21106.27,2025-07-26,2025-08-25
SI103275,2025-10-26,C1074,P3025,2,0.05,802.15,1604.3,80.22,1524.08,2025-12-25,
SI103276,2025-02-27,C1050,P3035,10,0.02,1580.55,15805.5,316.11,15489.39,2025-03-29,2025-03-29
SI103277,2025-09-26,C1112,P3052,2,0.08,1201.09,2402.18,192.17,2210.01,2025-11-10,2025-11-10
SI103278,2025-11-04,C1005,P3032,7,0.2,1742.31,12196.17,2439.23,9756.94,2025-11-19,2025-11-19
SI103279,2025-10-15,C1072,P3049,1,0.08,2738.46,2738.46,219.08,2519.38,2025-10-30,2025-12-05
SI103280,2025-04-15,C1110,P3014,7,0.08,1012.57,7087.99,567.04,6520.95,2025-05-15,2025-05-15
SI103281,2025-08-16,C1069,P3001,10,0.08,1380.63,13806.3,1104.5,12701.8,2025-09-30,2025-10-07
SI103282,2025-09-04,C1088,P3017,5,0.0,1213.79,6068.95,0.0,6068.95,2025-10-04,2025-10-16
SI103283,2026-05-09,C1104,P3025,1,0.1,802.15,802.15,80.22,721.93,2026-06-08,2026-06-09
SI103284,2025-03-24,C1057,P3059,6,0.08,578.62,3471.72,277.74,3193.98,2025-05-08,2025-05-08
SI103285,2025-07-05,C1026,P3008,7,0.08,3538.95,24772.65,1981.81,22790.84,2025-08-19,
SI103286,2025-09-09,C1006,P3005,1,0.15,1385.35,1385.35,207.8,1177.55,2025-11-08,
SI103287,2025-12-21,C1016,P3005,9,0.1,1385.35,12468.15,1246.82,11221.33,2026-01-20,
SI103288,2025-07-29,C1060,P3041,7,0.1,1655.7,11589.9,1158.99,10430.91,2025-08-13,2025-08-13
SI103289,2026-03-23,C1100,P3035,1,0.15,1580.55,1580.55,237.08,1343.47,2026-04-07,2026-04-07
SI103290,2026-04-05,C1012,P3019,3,0.2,2731.93,8195.79,1639.16,6556.63,2026-05-05,2026-06-05
SI103291,2026-04-17,C1075,P3023,5,0.08,448.2,2241.0,179.28,2061.72,2026-06-01,2026-06-06
SI103292,2026-01-05,C1003,P3009,4,0.0,939.78,3759.12,0.0,3759.12,2026-03-06,2026-03-18
SI103293,2026-05-07,C1063,P3054,2,0.05,1517.45,3034.9,151.74,2883.16,2026-06-06,2026-06-13
SI103294,2025-05-17,C1108,P3030,1,0.1,1311.58,1311.58,131.16,1180.42,2025-06-01,2025-06-04
SI103295,2026-01-02,C1064,P3050,4,0.0,1957.91,7831.64,0.0,7831.64,2026-02-01,2026-02-02
SI103296,2025-07-03,C1062,P3016,7,0.0,2713.06,18991.42,0.0,18991.42,2025-08-02,2025-08-29
SI103297,2025-10-14,C1101,P3033,11,0.0,246.53,2711.83,0.0,2711.83,2025-11-13,2025-12-02
SI103298,2026-04-17,C1006,P3002,4,0.1,3041.97,12167.88,1216.79,10951.09,2026-06-16,2026-07-16
SI103299,2026-01-10,C1019,P3014,9,0.05,1012.57,9113.13,455.66,8657.47,2026-02-09,2026-02-14
SI103300,2026-06-21,C1018,P3046,8,0.05,2017.69,16141.52,807.08,15334.44,2026-08-05,2026-08-14
SI103301,2026-05-26,C1080,P3001,8,0.0,1380.63,11045.04,0.0,11045.04,2026-06-25,
SI103302,2025-09-07,C1087,P3026,5,0.1,2009.9,10049.5,1004.95,9044.55,2025-10-07,2025-10-15
SI103303,2026-05-25,C1043,P3058,1,0.05,226.7,226.7,11.34,215.36,2026-06-24,2026-06-24
SI103304,2025-03-14,C1101,P3025,9,0.02,802.15,7219.35,144.39,7074.96,2025-04-13,2025-05-05
SI103305,2025-10-09,C1073,P3016,2,0.08,2713.06,5426.12,434.09,4992.03,2025-10-24,2025-10-30
SI103306,2025-12-26,C1003,P3015,6,0.08,3965.84,23795.04,1903.6,21891.44,2026-02-24,2026-03-20
SI103307,2025-01-10,C1072,P3026,10,0.05,2009.9,20099.0,1004.95,19094.05,2025-01-25,2025-01-31
SI103308,2025-07-30,C1038,P3047,5,0.08,722.13,3610.65,288.85,3321.8,2025-08-29,2025-08-31
SI103309,2025-06-01,C1068,P3044,10,0.05,450.62,4506.2,225.31,4280.89,2025-07-01,2025-07-19
SI103310,2025-01-05,C1076,P3016,8,0.1,2713.06,21704.48,2170.45,19534.03,2025-02-19,2025-02-26
SI103311,2025-07-14,C1044,P3014,11,0.02,1012.57,11138.27,222.77,10915.5,2025-07-29,2025-08-03
SI103312,2025-10-10,C1095,P3029,3,0.02,1017.07,3051.21,61.02,2990.19,2025-10-25,2025-10-25
SI103313,2026-04-09,C1089,P3024,6,0.1,1395.29,8371.74,837.17,7534.57,2026-05-09,2026-05-20
SI103314,2025-04-23,C1117,P3047,6,0.08,722.13,4332.78,346.62,3986.16,2025-05-08,
SI103315,2025-09-28,C1080,P3055,10,0.02,2802.87,28028.7,560.57,27468.13,2025-10-28,2025-11-18
SI103316,2025-06-12,C1063,P3015,3,0.0,3965.84,11897.52,0.0,11897.52,2025-07-12,2025-07-12
SI103317,2026-04-05,C1042,P3019,7,0.1,2731.93,19123.51,1912.35,17211.16,2026-05-05,2026-05-13
SI103318,2025-04-15,C1064,P3008,11,0.1,3538.95,38928.45,3892.84,35035.61,2025-05-15,2025-05-15
SI103319,2025-10-09,C1054,P3034,4,0.05,1214.64,4858.56,242.93,4615.63,2025-11-08,2025-11-10
SI103320,2025-06-11,C1078,P3002,5,0.08,3041.97,15209.85,1216.79,13993.06,2025-07-11,2025-08-15
SI103321,2025-12-17,C1077,P3027,9,0.02,1582.59,14243.31,284.87,13958.44,2026-01-16,2026-01-16
SI103322,2026-03-10,C1105,P3010,6,0.05,2279.96,13679.76,683.99,12995.77,2026-04-09,2026-04-15
SI103323,2025-05-20,C1071,P3035,10,0.0,1580.55,15805.5,0.0,15805.5,2025-06-19,2025-06-19
SI103324,2026-04-16,C1076,P3023,4,0.05,448.2,1792.8,89.64,1703.16,2026-05-31,2026-06-21
SI103325,2025-05-12,C1037,P3049,8,0.0,2738.46,21907.68,0.0,21907.68,2025-06-26,2025-07-17
SI103326,2025-03-28,C1114,P3008,9,0.05,3538.95,31850.55,1592.53,30258.02,2025-04-27,2025-04-27
SI103327,2025-07-02,C1004,P3028,10,0.05,925.58,9255.8,462.79,8793.01,2025-08-01,2025-08-13
SI103328,2026-01-03,C1002,P3023,5,0.05,448.2,2241.0,112.05,2128.95,2026-03-04,2026-03-04
SI103329,2025-05-09,C1099,P3004,2,0.0,2184.56,4369.12,0.0,4369.12,2025-06-08,2025-06-08
SI103330,2025-09-03,C1044,P3014,6,0.05,1012.57,6075.42,303.77,5771.65,2025-09-18,2025-09-18
SI103331,2026-01-13,C1067,P3053,11,0.1,2275.72,25032.92,2503.29,22529.63,2026-02-12,2026-02-24
SI103332,2025-05-29,C1068,P3042,8,0.05,2136.42,17091.36,854.57,16236.79,2025-06-28,
SI103333,2026-03-09,C1102,P3029,5,0.08,1017.07,5085.35,406.83,4678.52,2026-04-08,2026-04-09
SI103334,2026-04-14,C1076,P3001,1,0.05,1380.63,1380.63,69.03,1311.6,2026-05-29,2026-06-03
SI103335,2026-03-22,C1083,P3004,8,0.05,2184.56,17476.48,873.82,16602.66,2026-05-06,2026-05-08
SI103336,2026-04-26,C1074,P3032,9,0.08,1742.31,15680.79,1254.46,14426.33,2026-06-25,2026-06-25
SI103337,2025-10-21,C1062,P3033,1,0.2,246.53,246.53,49.31,197.22,2025-11-20,2025-12-10
SI103338,2025-05-23,C1001,P3049,8,0.0,2738.46,21907.68,0.0,21907.68,2025-07-22,2025-08-04
SI103339,2025-09-07,C1017,P3026,10,0.0,2009.9,20099.0,0.0,20099.0,2025-11-06,2025-11-06
SI103340,2025-10-29,C1016,P3017,2,0.08,1213.79,2427.58,194.21,2233.37,2025-11-28,2025-11-28
SI103341,2025-01-25,C1009,P3039,4,0.2,380.94,1523.76,304.75,1219.01,2025-03-26,2025-04-16
SI103342,2025-03-11,C1053,P3023,2,0.2,448.2,896.4,179.28,717.12,2025-04-25,
SI103343,2025-04-22,C1073,P3032,2,0.05,1742.31,3484.62,174.23,3310.39,2025-05-07,
SI103344,2025-12-30,C1059,P3052,10,0.05,1201.09,12010.9,600.54,11410.36,2026-01-29,2026-01-29
SI103345,2025-10-30,C1119,P3015,3,0.08,3965.84,11897.52,951.8,10945.72,2025-12-29,2025-12-29
SI103346,2026-04-16,C1009,P3013,8,0.08,791.6,6332.8,506.62,5826.18,2026-06-15,2026-06-19
SI103347,2025-04-01,C1012,P3060,4,0.08,157.9,631.6,50.53,581.07,2025-05-01,2025-06-01
SI103348,2026-06-14,C1119,P3002,7,0.15,3041.97,21293.79,3194.07,18099.72,2026-08-13,
SI103349,2025-07-11,C1041,P3060,10,0.1,157.9,1579.0,157.9,1421.1,2025-08-25,2025-09-16
SI103350,2025-08-30,C1015,P3019,3,0.05,2731.93,8195.79,409.79,7786.0,2025-09-29,2025-11-12
SI103351,2025-05-18,C1066,P3024,10,0.05,1395.29,13952.9,697.64,13255.26,2025-07-17,2025-07-19
SI103352,2025-12-11,C1075,P3045,11,0.08,2906.1,31967.1,2557.37,29409.73,2026-01-25,2026-02-06
SI103353,2025-06-29,C1011,P3024,3,0.05,1395.29,4185.87,209.29,3976.58,2025-07-29,2025-08-21
SI103354,2026-05-18,C1008,P3011,2,0.05,335.11,670.22,33.51,636.71,2026-07-17,2026-07-22
SI103355,2025-07-22,C1055,P3059,6,0.0,578.62,3471.72,0.0,3471.72,2025-08-06,2025-08-17
SI103356,2025-07-11,C1096,P3022,6,0.02,1625.31,9751.86,195.04,9556.82,2025-07-26,2025-07-31
SI103357,2025-01-05,C1006,P3015,1,0.05,3965.84,3965.84,198.29,3767.55,2025-03-06,2025-03-06
SI103358,2025-08-25,C1053,P3010,7,0.1,2279.96,15959.72,1595.97,14363.75,2025-10-09,2025-10-10
SI103359,2025-11-07,C1020,P3041,4,0.05,1655.7,6622.8,331.14,6291.66,2025-11-22,2025-12-16
SI103360,2025-02-25,C1039,P3027,11,0.08,1582.59,17408.49,1392.68,16015.81,2025-04-11,2025-04-11
SI103361,2026-03-19,C1099,P3060,3,0.05,157.9,473.7,23.68,450.02,2026-04-18,2026-04-25
SI103362,2025-08-25,C1072,P3009,8,0.0,939.78,7518.24,0.0,7518.24,2025-09-09,
SI103363,2025-07-16,C1114,P3052,2,0.2,1201.09,2402.18,480.44,1921.74,2025-08-15,2025-09-06
SI103364,2026-05-29,C1113,P3028,9,0.15,925.58,8330.22,1249.53,7080.69,2026-07-13,
SI103365,2026-03-25,C1107,P3001,8,0.0,1380.63,11045.04,0.0,11045.04,2026-04-24,2026-05-01
SI103366,2025-12-26,C1034,P3017,8,0.08,1213.79,9710.32,776.83,8933.49,2026-02-24,2026-03-19
SI103367,2025-01-30,C1057,P3031,3,0.05,1098.22,3294.66,164.73,3129.93,2025-03-16,2025-03-16
SI103368,2025-04-18,C1117,P3044,4,0.2,450.62,1802.48,360.5,1441.98,2025-05-03,2025-05-10
SI103369,2026-03-21,C1120,P3010,2,0.05,2279.96,4559.92,228.0,4331.92,2026-04-20,
SI103370,2026-03-14,C1019,P3037,2,0.02,1078.42,2156.84,43.14,2113.7,2026-04-13,2026-04-29
SI103371,2026-04-02,C1071,P3029,4,0.08,1017.07,4068.28,325.46,3742.82,2026-05-02,2026-05-25
SI103372,2026-05-10,C1031,P3018,6,0.1,2434.61,14607.66,1460.77,13146.89,2026-06-24,2026-07-10
SI103373,2025-09-04,C1082,P3047,5,0.02,722.13,3610.65,72.21,3538.44,2025-10-19,2025-11-27
SI103374,2026-06-27,C1040,P3038,1,0.08,595.11,595.11,47.61,547.5,2026-08-11,
SI103375,2026-03-15,C1014,P3039,10,0.0,380.94,3809.4,0.0,3809.4,2026-04-14,2026-04-30
SI103376,2025-10-05,C1103,P3049,1,0.15,2738.46,2738.46,410.77,2327.69,2025-11-04,2025-11-04
SI103377,2025-04-21,C1117,P3006,6,0.0,269.22,1615.32,0.0,1615.32,2025-05-06,2025-05-06
SI103378,2026-01-20,C1100,P3040,3,0.15,2880.96,8642.88,1296.43,7346.45,2026-02-04,2026-02-16
SI103379,2025-07-10,C1081,P3012,3,0.05,626.03,1878.09,93.9,1784.19,2025-08-09,2025-08-16
SI103380,2026-05-05,C1037,P3053,7,0.05,2275.72,15930.04,796.5,15133.54,2026-06-19,2026-06-22
SI103381,2026-03-02,C1044,P3014,1,0.2,1012.57,1012.57,202.51,810.06,2026-03-17,2026-03-17
SI103382,2026-02-09,C1009,P3044,1,0.2,450.62,450.62,90.12,360.5,2026-04-10,2026-05-01
SI103383,2025-12-01,C1058,P3055,10,0.08,2802.87,28028.7,2242.3,25786.4,2025-12-31,2025-12-31
SI103384,2025-07-28,C1020,P3010,3,0.02,2279.96,6839.88,136.8,6703.08,2025-08-12,2025-08-21
SI103385,2025-01-22,C1109,P3054,8,0.05,1517.45,12139.6,606.98,11532.62,2025-02-21,2025-03-16
SI103386,2025-07-27,C1092,P3020,1,0.08,3394.02,3394.02,271.52,3122.5,2025-09-10,2025-09-10
SI103387,2025-01-08,C1050,P3015,10,0.05,3965.84,39658.4,1982.92,37675.48,2025-02-07,2025-03-09
SI103388,2026-06-13,C1020,P3031,4,0.08,1098.22,4392.88,351.43,4041.45,2026-06-28,2026-08-02
SI103389,2025-06-15,C1105,P3007,9,0.0,3525.77,31731.93,0.0,31731.93,2025-07-15,2025-07-30
SI103390,2026-05-11,C1036,P3058,4,0.08,226.7,906.8,72.54,834.26,2026-06-10,2026-07-06
SI103391,2026-03-05,C1117,P3041,10,0.08,1655.7,16557.0,1324.56,15232.44,2026-03-20,2026-04-01
SI103392,2025-06-12,C1027,P3010,8,0.0,2279.96,18239.68,0.0,18239.68,2025-07-27,2025-07-27
SI103393,2026-01-01,C1072,P3010,7,0.08,2279.96,15959.72,1276.78,14682.94,2026-01-16,2026-01-16
SI103394,2026-06-10,C1032,P3048,3,0.08,1671.29,5013.87,401.11,4612.76,2026-07-25,2026-08-29
SI103395,2025-08-27,C1001,P3039,7,0.08,380.94,2666.58,213.33,2453.25,2025-10-26,2025-10-26
SI103396,2025-03-13,C1017,P3028,7,0.0,925.58,6479.06,0.0,6479.06,2025-05-12,2025-05-15
SI103397,2026-03-21,C1009,P3030,10,0.08,1311.58,13115.8,1049.26,12066.54,2026-05-20,2026-05-20
SI103398,2026-05-24,C1084,P3037,3,0.05,1078.42,3235.26,161.76,3073.5,2026-06-23,2026-06-28
SI103399,2025-09-26,C1045,P3055,2,0.05,2802.87,5605.74,280.29,5325.45,2025-10-26,2025-11-08
SI103400,2026-02-19,C1096,P3003,9,0.1,3501.32,31511.88,3151.19,28360.69,2026-03-06,2026-04-03
SI103401,2025-09-02,C1066,P3050,1,0.08,1957.91,1957.91,156.63,1801.28,2025-11-01,2025-11-14
SI103402,2025-03-01,C1032,P3043,7,0.0,3207.57,22452.99,0.0,22452.99,2025-04-15,2025-05-09
SI103403,2025-01-06,C1045,P3015,4,0.08,3965.84,15863.36,1269.07,14594.29,2025-02-05,2025-02-08
SI103404,2026-02-11,C1009,P3021,2,0.2,308.88,617.76,123.55,494.21,2026-04-12,2026-06-04
SI103405,2025-08-05,C1030,P3052,2,0.02,1201.09,2402.18,48.04,2354.14,2025-09-04,2025-09-10
SI103406,2025-01-26,C1084,P3037,8,0.15,1078.42,8627.36,1294.1,7333.26,2025-02-25,2025-03-10
SI103407,2025-01-05,C1038,P3056,7,0.08,1862.7,13038.9,1043.11,11995.79,2025-02-04,2025-02-04
SI103408,2026-06-16,C1060,P3012,7,0.1,626.03,4382.21,438.22,3943.99,2026-07-01,2026-07-21
SI103409,2026-01-25,C1001,P3004,5,0.05,2184.56,10922.8,546.14,10376.66,2026-03-26,2026-04-09
SI103410,2026-03-24,C1005,P3047,10,0.05,722.13,7221.3,361.07,6860.23,2026-04-08,2026-04-27
SI103411,2025-05-26,C1063,P3009,8,0.15,939.78,7518.24,1127.74,6390.5,2025-06-25,2025-06-30
SI103412,2026-01-23,C1099,P3039,2,0.05,380.94,761.88,38.09,723.79,2026-02-22,2026-02-22
SI103413,2025-09-06,C1036,P3042,2,0.0,2136.42,4272.84,0.0,4272.84,2025-10-06,2025-10-15
SI103414,2026-06-10,C1065,P3028,5,0.08,925.58,4627.9,370.23,4257.67,2026-07-25,2026-08-02
SI103415,2026-04-07,C1078,P3023,1,0.02,448.2,448.2,8.96,439.24,2026-05-07,
SI103416,2025-01-13,C1073,P3045,6,0.1,2906.1,17436.6,1743.66,15692.94,2025-01-28,2025-02-03
SI103417,2026-01-19,C1094,P3040,4,0.08,2880.96,11523.84,921.91,10601.93,2026-02-03,2026-03-24
SI103418,2026-02-03,C1024,P3044,6,0.15,450.62,2703.72,405.56,2298.16,2026-03-05,2026-03-12
SI103419,2025-01-19,C1004,P3022,7,0.1,1625.31,11377.17,1137.72,10239.45,2025-02-18,
SI103420,2026-05-06,C1114,P3024,3,0.0,1395.29,4185.87,0.0,4185.87,2026-06-05,2026-06-08
SI103421,2026-02-23,C1078,P3051,11,0.05,3798.59,41784.49,2089.22,39695.27,2026-03-25,2026-03-25
SI103422,2025-12-03,C1089,P3058,8,0.1,226.7,1813.6,181.36,1632.24,2026-01-02,2026-01-07
SI103423,2026-02-23,C1068,P3026,7,0.05,2009.9,14069.3,703.46,13365.84,2026-03-25,2026-03-30
SI103424,2025-05-02,C1025,P3030,1,0.2,1311.58,1311.58,262.32,1049.26,2025-06-16,2025-06-16
SI103425,2026-03-08,C1074,P3033,6,0.1,246.53,1479.18,147.92,1331.26,2026-05-07,2026-05-07
SI103426,2025-02-13,C1099,P3016,7,0.0,2713.06,18991.42,0.0,18991.42,2025-03-15,2025-03-15
SI103427,2025-11-13,C1119,P3022,11,0.15,1625.31,17878.41,2681.76,15196.65,2026-01-12,2026-01-17
SI103428,2026-01-16,C1007,P3049,4,0.0,2738.46,10953.84,0.0,10953.84,2026-02-15,2026-03-07
SI103429,2025-05-25,C1106,P3057,2,0.02,339.43,678.86,13.58,665.28,2025-06-24,2025-06-24
SI103430,2025-11-23,C1013,P3050,10,0.1,1957.91,19579.1,1957.91,17621.19,2026-01-07,2026-01-14
SI103431,2025-12-29,C1068,P3043,9,0.15,3207.57,28868.13,4330.22,24537.91,2026-01-28,2026-02-27
SI103432,2025-02-19,C1114,P3018,7,0.08,2434.61,17042.27,1363.38,15678.89,2025-03-21,2025-03-26
SI103433,2025-03-06,C1043,P3007,1,0.05,3525.77,3525.77,176.29,3349.48,2025-04-05,
SI103434,2025-12-21,C1057,P3050,8,0.05,1957.91,15663.28,783.16,14880.12,2026-02-04,
SI103435,2025-06-13,C1036,P3026,3,0.05,2009.9,6029.7,301.48,5728.22,2025-07-13,2025-07-15
SI103436,2025-05-21,C1120,P3008,4,0.05,3538.95,14155.8,707.79,13448.01,2025-06-20,2025-07-03
SI103437,2025-05-08,C1014,P3006,5,0.02,269.22,1346.1,26.92,1319.18,2025-06-07,
SI103438,2026-02-02,C1082,P3030,1,0.08,1311.58,1311.58,104.93,1206.65,2026-03-19,2026-04-17
SI103439,2026-04-08,C1072,P3039,6,0.15,380.94,2285.64,342.85,1942.79,2026-04-23,2026-04-26
SI103440,2025-07-06,C1096,P3023,10,0.05,448.2,4482.0,224.1,4257.9,2025-07-21,2025-07-21
SI103441,2025-07-09,C1027,P3032,6,0.02,1742.31,10453.86,209.08,10244.78,2025-08-23,2025-08-23
SI103442,2026-01-23,C1106,P3022,2,0.1,1625.31,3250.62,325.06,2925.56,2026-02-22,2026-03-18
SI103443,2026-03-05,C1037,P3042,11,0.1,2136.42,23500.62,2350.06,21150.56,2026-04-19,2026-04-19
SI103444,2025-10-11,C1087,P3043,10,0.15,3207.57,32075.7,4811.35,27264.35,2025-11-10,2025-12-02
SI103445,2025-08-25,C1071,P3057,6,0.02,339.43,2036.58,40.73,1995.85,2025-09-24,2025-09-28
SI103446,2025-07-13,C1076,P3045,8,0.02,2906.1,23248.8,464.98,22783.82,2025-08-27,
SI103447,2025-10-14,C1025,P3009,6,0.08,939.78,5638.68,451.09,5187.59,2025-11-28,2025-12-08
SI103448,2025-05-16,C1067,P3031,4,0.08,1098.22,4392.88,351.43,4041.45,2025-06-15,2025-06-21
SI103449,2025-06-20,C1090,P3007,4,0.05,3525.77,14103.08,705.15,13397.93,2025-07-20,2025-07-20
SI103450,2025-06-08,C1004,P3009,9,0.08,939.78,8458.02,676.64,7781.38,2025-07-08,2025-07-13
SI103451,2025-07-20,C1106,P3013,6,0.02,791.6,4749.6,94.99,4654.61,2025-08-19,2025-08-19
SI103452,2026-05-02,C1100,P3058,8,0.05,226.7,1813.6,90.68,1722.92,2026-05-17,2026-06-02
SI103453,2026-05-19,C1079,P3003,8,0.08,3501.32,28010.56,2240.84,25769.72,2026-06-18,2026-06-30
SI103454,2026-01-06,C1096,P3035,7,0.05,1580.55,11063.85,553.19,10510.66,2026-01-21,
SI103455,2025-04-13,C1093,P3033,3,0.08,246.53,739.59,59.17,680.42,2025-04-28,2025-05-07
SI103456,2025-05-05,C1074,P3021,10,0.05,308.88,3088.8,154.44,2934.36,2025-07-04,2025-07-13
SI103457,2025-11-09,C1085,P3031,1,0.05,1098.22,1098.22,54.91,1043.31,2026-01-08,
SI103458,2026-04-03,C1118,P3052,5,0.05,1201.09,6005.45,300.27,5705.18,2026-05-03,2026-05-16
SI103459,2025-08-18,C1016,P3034,10,0.05,1214.64,12146.4,607.32,11539.08,2025-09-17,2025-09-30
SI103460,2025-07-16,C1111,P3032,10,0.0,1742.31,17423.1,0.0,17423.1,2025-08-15,
SI103461,2026-02-27,C1019,P3057,2,0.08,339.43,678.86,54.31,624.55,2026-03-29,2026-03-29
SI103462,2025-06-20,C1029,P3035,10,0.15,1580.55,15805.5,2370.82,13434.68,2025-07-20,2025-07-20
SI103463,2026-01-17,C1116,P3015,2,0.05,3965.84,7931.68,396.58,7535.1,2026-02-16,2026-03-19
SI103464,2025-06-22,C1051,P3056,7,0.0,1862.7,13038.9,0.0,13038.9,2025-07-07,2025-07-07
SI103465,2026-03-29,C1018,P3032,11,0.2,1742.31,19165.41,3833.08,15332.33,2026-05-13,2026-06-12
SI103466,2025-12-16,C1058,P3006,3,0.02,269.22,807.66,16.15,791.51,2026-01-15,2026-02-07
SI103467,2026-05-09,C1044,P3045,8,0.02,2906.1,23248.8,464.98,22783.82,2026-05-24,2026-06-07
SI103468,2025-01-04,C1016,P3021,9,0.05,308.88,2779.92,139.0,2640.92,2025-02-03,2025-02-21
SI103469,2025-04-03,C1065,P3033,8,0.1,246.53,1972.24,197.22,1775.02,2025-05-18,2025-06-05
SI103470,2025-01-06,C1112,P3032,6,0.05,1742.31,10453.86,522.69,9931.17,2025-02-20,2025-03-25
SI103471,2025-10-15,C1002,P3052,5,0.08,1201.09,6005.45,480.44,5525.01,2025-12-14,2025-12-14
SI103472,2025-05-26,C1056,P3019,3,0.05,2731.93,8195.79,409.79,7786.0,2025-06-25,2025-06-27
SI103473,2026-02-28,C1079,P3033,3,0.0,246.53,739.59,0.0,739.59,2026-03-30,2026-04-20
SI103474,2026-04-02,C1103,P3028,7,0.05,925.58,6479.06,323.95,6155.11,2026-05-02,2026-05-21
SI103475,2025-07-21,C1028,P3031,5,0.1,1098.22,5491.1,549.11,4941.99,2025-09-04,2025-09-19
SI103476,2025-07-31,C1065,P3021,6,0.08,308.88,1853.28,148.26,1705.02,2025-09-14,2025-10-19
SI103477,2025-01-06,C1005,P3054,6,0.0,1517.45,9104.7,0.0,9104.7,2025-01-21,
SI103478,2026-01-11,C1106,P3034,9,0.02,1214.64,10931.76,218.64,10713.12,2026-02-10,2026-02-10
SI103479,2026-03-23,C1022,P3015,1,0.08,3965.84,3965.84,317.27,3648.57,2026-05-22,2026-05-31
SI103480,2025-04-16,C1117,P3014,8,0.1,1012.57,8100.56,810.06,7290.5,2025-05-01,2025-05-03
SI103481,2026-02-05,C1100,P3019,10,0.05,2731.93,27319.3,1365.96,25953.34,2026-02-20,2026-03-07
SI103482,2025-04-06,C1110,P3043,5,0.08,3207.57,16037.85,1283.03,14754.82,2025-05-06,2025-05-06
SI103483,2026-01-23,C1013,P3015,6,0.02,3965.84,23795.04,475.9,23319.14,2026-03-09,2026-03-17
SI103484,2026-03-28,C1065,P3006,6,0.05,269.22,1615.32,80.77,1534.55,2026-05-12,2026-05-18
SI103485,2026-02-20,C1016,P3052,1,0.0,1201.09,1201.09,0.0,1201.09,2026-03-22,
SI103486,2026-05-19,C1119,P3009,3,0.1,939.78,2819.34,281.93,2537.41,2026-07-18,
SI103487,2026-03-30,C1105,P3037,6,0.05,1078.42,6470.52,323.53,6146.99,2026-04-29,2026-05-06
SI103488,2025-10-18,C1086,P3020,11,0.1,3394.02,37334.22,3733.42,33600.8,2025-12-02,2025-12-20
SI103489,2026-06-18,C1064,P3034,11,0.08,1214.64,13361.04,1068.88,12292.16,2026-07-18,2026-07-27
SI103490,2025-07-12,C1032,P3038,9,0.1,595.11,5355.99,535.6,4820.39,2025-08-26,2025-09-01
SI103491,2025-05-30,C1080,P3026,6,0.05,2009.9,12059.4,602.97,11456.43,2025-06-29,2025-07-05
SI103492,2026-05-30,C1051,P3018,6,0.02,2434.61,14607.66,292.15,14315.51,2026-06-14,2026-06-14
SI103493,2026-01-28,C1079,P3028,1,0.2,925.58,925.58,185.12,740.46,2026-02-27,2026-03-14
SI103494,2025-11-12,C1058,P3055,9,0.08,2802.87,25225.83,2018.07,23207.76,2025-12-12,2025-12-16
SI103495,2025-03-17,C1046,P3051,4,0.1,3798.59,15194.36,1519.44,13674.92,2025-04-01,2025-04-05
SI103496,2025-09-27,C1052,P3009,2,0.0,939.78,1879.56,0.0,1879.56,2025-10-12,2025-10-25
SI103497,2025-08-13,C1106,P3032,1,0.05,1742.31,1742.31,87.12,1655.19,2025-09-12,2025-09-12
SI103498,2026-06-14,C1117,P3059,3,0.1,578.62,1735.86,173.59,1562.27,2026-06-29,2026-07-26
SI103499,2025-04-23,C1063,P3053,3,0.0,2275.72,6827.16,0.0,6827.16,2025-05-23,2025-05-31
SI103500,2025-09-08,C1076,P3056,5,0.08,1862.7,9313.5,745.08,8568.42,2025-10-23,2025-10-23
SI103501,2025-08-21,C1060,P3059,1,0.05,578.62,578.62,28.93,549.69,2025-09-05,2025-09-16
SI103502,2025-03-24,C1065,P3006,7,0.0,269.22,1884.54,0.0,1884.54,2025-05-08,2025-05-17
SI103503,2025-05-05,C1117,P3014,1,0.02,1012.57,1012.57,20.25,992.32,2025-05-20,2025-05-23
SI103504,2025-06-24,C1081,P3028,4,0.05,925.58,3702.32,185.12,3517.2,2025-07-24,2025-07-27
SI103505,2025-03-10,C1105,P3058,6,0.0,226.7,1360.2,0.0,1360.2,2025-04-09,2025-05-09
SI103506,2025-02-16,C1055,P3024,1,0.08,1395.29,1395.29,111.62,1283.67,2025-03-03,2025-03-15
SI103507,2025-09-13,C1115,P3013,7,0.02,791.6,5541.2,110.82,5430.38,2025-09-28,2025-10-03
SI103508,2025-01-30,C1057,P3043,10,0.05,3207.57,32075.7,1603.78,30471.92,2025-03-16,2025-03-31
SI103509,2025-10-08,C1114,P3012,7,0.15,626.03,4382.21,657.33,3724.88,2025-11-07,2025-11-18
SI103510,2025-08-25,C1092,P3051,3,0.05,3798.59,11395.77,569.79,10825.98,2025-10-09,2025-10-09
SI103511,2025-09-05,C1071,P3019,4,0.05,2731.93,10927.72,546.39,10381.33,2025-10-05,2025-10-05
SI103512,2026-01-03,C1073,P3021,6,0.1,308.88,1853.28,185.33,1667.95,2026-01-18,2026-02-24
SI103513,2026-05-10,C1086,P3027,11,0.15,1582.59,17408.49,2611.27,14797.22,2026-06-24,2026-06-26
SI103514,2025-01-25,C1026,P3058,7,0.0,226.7,1586.9,0.0,1586.9,2025-03-11,2025-03-17
SI103515,2026-05-05,C1117,P3019,4,0.05,2731.93,10927.72,546.39,10381.33,2026-05-20,2026-06-04
SI103516,2026-05-09,C1012,P3024,10,0.08,1395.29,13952.9,1116.23,12836.67,2026-06-08,
SI103517,2025-11-10,C1071,P3026,11,0.05,2009.9,22108.9,1105.45,21003.45,2025-12-10,2025-12-14
SI103518,2026-01-10,C1046,P3045,9,0.1,2906.1,26154.9,2615.49,23539.41,2026-01-25,2026-01-25
SI103519,2025-01-25,C1047,P3028,9,0.2,925.58,8330.22,1666.04,6664.18,2025-02-24,
SI103520,2025-11-30,C1079,P3046,9,0.2,2017.69,18159.21,3631.84,14527.37,2025-12-30,2026-01-09
SI103521,2025-12-21,C1038,P3056,10,0.02,1862.7,18627.0,372.54,18254.46,2026-01-20,2026-01-20
SI103522,2025-04-26,C1021,P3018,6,0.02,2434.61,14607.66,292.15,14315.51,2025-05-26,2025-05-26
SI103523,2025-02-17,C1014,P3044,2,0.2,450.62,901.24,180.25,720.99,2025-03-19,2025-04-18
SI103524,2025-04-09,C1002,P3036,2,0.05,2524.78,5049.56,252.48,4797.08,2025-06-08,2025-06-11
SI103525,2026-04-04,C1072,P3042,11,0.02,2136.42,23500.62,470.01,23030.61,2026-04-19,2026-04-19
SI103526,2026-06-07,C1109,P3029,4,0.08,1017.07,4068.28,325.46,3742.82,2026-07-07,2026-08-08
SI103527,2026-02-09,C1119,P3017,9,0.05,1213.79,10924.11,546.21,10377.9,2026-04-10,2026-04-13
SI103528,2025-08-02,C1070,P3004,3,0.02,2184.56,6553.68,131.07,6422.61,2025-09-01,2025-09-15
SI103529,2026-05-18,C1101,P3044,6,0.15,450.62,2703.72,405.56,2298.16,2026-06-17,2026-06-26
SI103530,2026-03-24,C1101,P3045,2,0.02,2906.1,5812.2,116.24,5695.96,2026-04-23,2026-04-23
SI103531,2025-09-15,C1033,P3059,1,0.0,578.62,578.62,0.0,578.62,2025-10-30,
SI103532,2025-05-01,C1105,P3029,5,0.02,1017.07,5085.35,101.71,4983.64,2025-05-31,2025-06-09
SI103533,2025-02-23,C1006,P3004,8,0.08,2184.56,17476.48,1398.12,16078.36,2025-04-24,2025-04-25
SI103534,2025-11-27,C1116,P3010,10,0.02,2279.96,22799.6,455.99,22343.61,2025-12-27,2026-01-01
SI103535,2025-08-29,C1090,P3025,10,0.05,802.15,8021.5,401.08,7620.42,2025-09-28,2025-10-11
SI103536,2026-06-14,C1103,P3031,2,0.08,1098.22,2196.44,175.72,2020.72,2026-07-14,2026-08-10
SI103537,2026-04-28,C1105,P3003,10,0.15,3501.32,35013.2,5251.98,29761.22,2026-05-28,2026-06-22
SI103538,2025-07-06,C1037,P3047,9,0.02,722.13,6499.17,129.98,6369.19,2025-08-20,2025-09-04
SI103539,2025-09-19,C1014,P3002,8,0.1,3041.97,24335.76,2433.58,21902.18,2025-10-19,2025-10-28
SI103540,2025-12-30,C1037,P3057,3,0.02,339.43,1018.29,20.37,997.92,2026-02-13,2026-02-13
SI103541,2026-05-06,C1008,P3025,1,0.08,802.15,802.15,64.17,737.98,2026-07-05,2026-07-29
SI103542,2026-03-07,C1103,P3049,4,0.05,2738.46,10953.84,547.69,10406.15,2026-04-06,2026-04-15
SI103543,2025-08-27,C1077,P3006,8,0.0,269.22,2153.76,0.0,2153.76,2025-09-26,2025-09-26
SI103544,2025-10-31,C1013,P3026,3,0.08,2009.9,6029.7,482.38,5547.32,2025-12-15,2026-01-01
SI103545,2025-10-25,C1040,P3008,10,0.02,3538.95,35389.5,707.79,34681.71,2025-12-09,2025-12-09
SI103546,2025-03-17,C1107,P3035,2,0.02,1580.55,3161.1,63.22,3097.88,2025-04-16,2025-04-16
SI103547,2025-11-29,C1092,P3027,7,0.05,1582.59,11078.13,553.91,10524.22,2026-01-13,2026-02-01
SI103548,2026-04-19,C1058,P3025,4,0.08,802.15,3208.6,256.69,2951.91,2026-05-19,2026-05-30
SI103549,2025-10-10,C1018,P3018,6,0.02,2434.61,14607.66,292.15,14315.51,2025-11-24,2025-12-11
SI103550,2025-03-13,C1057,P3054,5,0.02,1517.45,7587.25,151.74,7435.51,2025-04-27,2025-04-27
SI103551,2025-09-20,C1083,P3001,2,0.0,1380.63,2761.26,0.0,2761.26,2025-11-04,2025-11-19
SI103552,2025-01-12,C1038,P3048,10,0.05,1671.29,16712.9,835.65,15877.25,2025-02-11,2025-02-11
SI103553,2025-05-21,C1032,P3039,2,0.05,380.94,761.88,38.09,723.79,2025-07-05,
SI103554,2025-01-17,C1086,P3003,9,0.02,3501.32,31511.88,630.24,30881.64,2025-03-03,2025-03-03
SI103555,2025-03-04,C1066,P3055,11,0.0,2802.87,30831.57,0.0,30831.57,2025-05-03,
SI103556,2025-09-10,C1077,P3004,10,0.05,2184.56,21845.6,1092.28,20753.32,2025-10-10,2025-10-10
SI103557,2026-04-10,C1087,P3041,2,0.1,1655.7,3311.4,331.14,2980.26,2026-05-10,2026-05-13
SI103558,2026-01-11,C1025,P3037,8,0.08,1078.42,8627.36,690.19,7937.17,2026-02-25,
SI103559,2026-06-04,C1092,P3051,8,0.15,3798.59,30388.72,4558.31,25830.41,2026-07-19,2026-07-19
SI103560,2025-03-31,C1058,P3015,1,0.0,3965.84,3965.84,0.0,3965.84,2025-04-30,2025-04-30
SI103561,2025-06-24,C1075,P3008,1,0.2,3538.95,3538.95,707.79,2831.16,2025-08-08,2025-08-08
SI103562,2025-03-17,C1033,P3038,4,0.05,595.11,2380.44,119.02,2261.42,2025-05-01,2025-05-15
SI103563,2026-02-04,C1088,P3050,2,0.2,1957.91,3915.82,783.16,3132.66,2026-03-06,2026-04-01
SI103564,2025-03-12,C1066,P3019,1,0.02,2731.93,2731.93,54.64,2677.29,2025-05-11,2025-06-09
SI103565,2025-06-29,C1030,P3056,9,0.05,1862.7,16764.3,838.22,15926.08,2025-07-29,2025-08-16
SI103566,2025-05-04,C1081,P3047,3,0.05,722.13,2166.39,108.32,2058.07,2025-06-03,2025-06-19
SI103567,2026-01-16,C1104,P3026,1,0.05,2009.9,2009.9,100.5,1909.4,2026-02-15,2026-03-06
SI103568,2025-10-20,C1034,P3039,2,0.15,380.94,761.88,114.28,647.6,2025-12-19,2026-01-03
SI103569,2025-07-14,C1102,P3010,8,0.1,2279.96,18239.68,1823.97,16415.71,2025-08-13,2025-08-21
SI103570,2025-08-16,C1086,P3038,5,0.2,595.11,2975.55,595.11,2380.44,2025-09-30,
SI103571,2026-03-07,C1069,P3014,11,0.08,1012.57,11138.27,891.06,10247.21,2026-04-21,2026-05-12
SI103572,2026-03-12,C1048,P3049,7,0.05,2738.46,19169.22,958.46,18210.76,2026-04-11,2026-04-14
SI103573,2026-04-06,C1040,P3041,6,0.0,1655.7,9934.2,0.0,9934.2,2026-05-21,2026-05-21
SI103574,2025-01-21,C1051,P3019,1,0.2,2731.93,2731.93,546.39,2185.54,2025-02-05,2025-02-20
SI103575,2025-03-05,C1080,P3030,6,0.08,1311.58,7869.48,629.56,7239.92,2025-04-04,2025-04-08
SI103576,2025-06-14,C1013,P3005,11,0.08,1385.35,15238.85,1219.11,14019.74,2025-07-29,2025-07-29
SI103577,2025-01-27,C1090,P3055,7,0.05,2802.87,19620.09,981.0,18639.09,2025-02-26,2025-03-02
SI103578,2025-11-07,C1031,P3031,4,0.08,1098.22,4392.88,351.43,4041.45,2025-12-22,2026-01-08
SI103579,2025-10-12,C1116,P3007,8,0.2,3525.77,28206.16,5641.23,22564.93,2025-11-11,2025-11-11
SI103580,2025-10-08,C1039,P3019,8,0.02,2731.93,21855.44,437.11,21418.33,2025-11-22,2025-11-22
SI103581,2025-06-13,C1063,P3031,7,0.05,1098.22,7687.54,384.38,7303.16,2025-07-13,2025-07-13
SI103582,2025-08-12,C1048,P3052,11,0.02,1201.09,13211.99,264.24,12947.75,2025-09-11,2025-09-11
SI103583,2025-05-26,C1087,P3058,2,0.1,226.7,453.4,45.34,408.06,2025-06-25,2025-07-05
SI103584,2025-01-30,C1048,P3039,6,0.0,380.94,2285.64,0.0,2285.64,2025-03-01,2025-03-18
SI103585,2025-02-14,C1061,P3024,6,0.0,1395.29,8371.74,0.0,8371.74,2025-03-01,2025-03-10
SI103586,2026-04-16,C1012,P3034,7,0.05,1214.64,8502.48,425.12,8077.36,2026-05-16,2026-05-16
SI103587,2025-02-03,C1078,P3057,6,0.05,339.43,2036.58,101.83,1934.75,2025-03-05,2025-03-18
SI103588,2026-03-03,C1056,P3023,2,0.05,448.2,896.4,44.82,851.58,2026-04-02,2026-04-02
SI103589,2025-08-09,C1018,P3048,8,0.0,1671.29,13370.32,0.0,13370.32,2025-09-23,2025-09-25
SI103590,2026-06-18,C1027,P3045,4,0.2,2906.1,11624.4,2324.88,9299.52,2026-08-02,2026-08-18
SI103591,2026-01-02,C1028,P3040,9,0.2,2880.96,25928.64,5185.73,20742.91,2026-02-16,2026-02-16
SI103592,2025-04-26,C1082,P3006,8,0.05,269.22,2153.76,107.69,2046.07,2025-06-10,2025-07-02
SI103593,2025-08-27,C1080,P3038,3,0.1,595.11,1785.33,178.53,1606.8,2025-09-26,2025-10-06
SI103594,2025-12-01,C1052,P3041,3,0.08,1655.7,4967.1,397.37,4569.73,2025-12-16,2025-12-28
SI103595,2026-03-17,C1016,P3036,8,0.02,2524.78,20198.24,403.96,19794.28,2026-04-16,
SI103596,2025-05-28,C1077,P3027,2,0.02,1582.59,3165.18,63.3,3101.88,2025-06-27,2025-07-02
SI103597,2025-01-09,C1058,P3011,9,0.05,335.11,3015.99,150.8,2865.19,2025-02-08,2025-02-13
SI103598,2025-10-15,C1093,P3005,4,0.05,1385.35,5541.4,277.07,5264.33,2025-10-30,2025-11-16
SI103599,2026-01-23,C1009,P3057,6,0.05,339.43,2036.58,101.83,1934.75,2026-03-24,2026-03-29
SI103600,2025-02-19,C1026,P3017,3,0.1,1213.79,3641.37,364.14,3277.23,2025-04-05,2025-04-05
SI103601,2026-06-01,C1028,P3052,3,0.05,1201.09,3603.27,180.16,3423.11,2026-07-16,2026-07-26
SI103602,2025-10-05,C1105,P3007,3,0.08,3525.77,10577.31,846.18,9731.13,2025-11-04,2025-11-04
SI103603,2025-10-27,C1077,P3027,11,0.02,1582.59,17408.49,348.17,17060.32,2025-11-26,2025-12-13
SI103604,2025-05-15,C1036,P3047,10,0.08,722.13,7221.3,577.7,6643.6,2025-06-14,2025-07-01
SI103605,2025-05-27,C1009,P3057,2,0.05,339.43,678.86,33.94,644.92,2025-07-26,2025-09-01
SI103606,2026-05-05,C1047,P3015,8,0.08,3965.84,31726.72,2538.14,29188.58,2026-06-04,
SI103607,2026-04-23,C1078,P3046,9,0.1,2017.69,18159.21,1815.92,16343.29,2026-05-23,2026-06-16
SI103608,2025-06-08,C1051,P3013,8,0.1,791.6,6332.8,633.28,5699.52,2025-06-23,2025-06-26
SI103609,2026-01-19,C1076,P3011,10,0.05,335.11,3351.1,167.56,3183.54,2026-03-05,2026-03-05
SI103610,2025-06-12,C1117,P3060,3,0.08,157.9,473.7,37.9,435.8,2025-06-27,2025-07-18
SI103611,2026-03-17,C1057,P3045,7,0.2,2906.1,20342.7,4068.54,16274.16,2026-05-01,2026-05-21
SI103612,2025-07-08,C1032,P3026,11,0.08,2009.9,22108.9,1768.71,20340.19,2025-08-22,2025-08-29
SI103613,2026-02-19,C1102,P3022,10,0.02,1625.31,16253.1,325.06,15928.04,2026-03-21,2026-03-28
SI103614,2025-12-05,C1067,P3028,2,0.08,925.58,1851.16,148.09,1703.07,2026-01-04,2026-01-16
SI103615,2025-06-30,C1057,P3024,4,0.0,1395.29,5581.16,0.0,5581.16,2025-08-14,2025-08-14
SI103616,2025-10-15,C1054,P3029,6,0.15,1017.07,6102.42,915.36,5187.06,2025-11-14,2025-11-18
SI103617,2025-07-06,C1116,P3009,11,0.05,939.78,10337.58,516.88,9820.7,2025-08-05,
SI103618,2025-05-18,C1016,P3042,5,0.05,2136.42,10682.1,534.1,10148.0,2025-06-17,2025-06-20
SI103619,2025-05-10,C1062,P3004,9,0.0,2184.56,19661.04,0.0,19661.04,2025-06-09,2025-06-24
SI103620,2025-07-13,C1084,P3049,10,0.05,2738.46,27384.6,1369.23,26015.37,2025-08-12,2025-08-18
SI103621,2025-11-12,C1096,P3046,4,0.15,2017.69,8070.76,1210.61,6860.15,2025-11-27,2025-12-30
SI103622,2025-05-24,C1056,P3056,5,0.0,1862.7,9313.5,0.0,9313.5,2025-06-23,2025-07-01
SI103623,2025-01-16,C1023,P3018,4,0.05,2434.61,9738.44,486.92,9251.52,2025-01-31,2025-02-22
SI103624,2025-10-29,C1017,P3043,8,0.15,3207.57,25660.56,3849.08,21811.48,2025-12-28,2025-12-28
SI103625,2026-02-27,C1080,P3016,8,0.05,2713.06,21704.48,1085.22,20619.26,2026-03-29,2026-04-26
SI103626,2025-09-02,C1038,P3033,3,0.05,246.53,739.59,36.98,702.61,2025-10-02,2025-10-07
SI103627,2025-04-17,C1072,P3029,1,0.08,1017.07,1017.07,81.37,935.7,2025-05-02,2025-05-15
SI103628,2025-03-29,C1083,P3039,6,0.05,380.94,2285.64,114.28,2171.36,2025-05-13,
SI103629,2025-05-09,C1030,P3060,2,0.02,157.9,315.8,6.32,309.48,2025-06-08,2025-06-09
SI103630,2025-12-07,C1058,P3010,2,0.0,2279.96,4559.92,0.0,4559.92,2026-01-06,2026-01-08
SI103631,2025-01-04,C1098,P3009,3,0.08,939.78,2819.34,225.55,2593.79,2025-02-18,2025-02-18
SI103632,2025-11-23,C1078,P3059,8,0.15,578.62,4628.96,694.34,3934.62,2025-12-23,2026-01-10
SI103633,2026-02-14,C1022,P3031,3,0.0,1098.22,3294.66,0.0,3294.66,2026-04-15,2026-04-30
SI103634,2025-11-02,C1108,P3028,7,0.02,925.58,6479.06,129.58,6349.48,2025-11-17,2025-11-17
SI103635,2025-08-13,C1017,P3060,10,0.05,157.9,1579.0,78.95,1500.05,2025-10-12,2025-10-24
SI103636,2025-12-14,C1015,P3057,10,0.1,339.43,3394.3,339.43,3054.87,2026-01-13,2026-01-13
SI103637,2025-11-17,C1114,P3003,9,0.02,3501.32,31511.88,630.24,30881.64,2025-12-17,2025-12-31
SI103638,2025-06-30,C1048,P3054,8,0.15,1517.45,12139.6,1820.94,10318.66,2025-07-30,2025-08-17
SI103639,2026-01-21,C1032,P3055,1,0.0,2802.87,2802.87,0.0,2802.87,2026-03-07,2026-03-15
SI103640,2025-04-18,C1077,P3014,7,0.2,1012.57,7087.99,1417.6,5670.39,2025-05-18,2025-05-18
SI103641,2026-06-15,C1085,P3058,7,0.08,226.7,1586.9,126.95,1459.95,2026-08-14,
SI103642,2026-02-14,C1113,P3025,8,0.08,802.15,6417.2,513.38,5903.82,2026-03-31,2026-04-09
SI103643,2025-10-23,C1040,P3015,10,0.05,3965.84,39658.4,1982.92,37675.48,2025-12-07,2025-12-07
SI103644,2025-06-20,C1097,P3002,5,0.1,3041.97,15209.85,1520.98,13688.87,2025-08-04,2025-08-04
SI103645,2025-11-27,C1057,P3024,10,0.02,1395.29,13952.9,279.06,13673.84,2026-01-11,2026-01-29
SI103646,2026-05-08,C1058,P3014,9,0.0,1012.57,9113.13,0.0,9113.13,2026-06-07,2026-07-03
SI103647,2025-07-14,C1091,P3048,9,0.05,1671.29,15041.61,752.08,14289.53,2025-08-13,2025-08-26
SI103648,2025-01-12,C1099,P3007,8,0.15,3525.77,28206.16,4230.92,23975.24,2025-02-11,2025-02-11
SI103649,2025-07-14,C1016,P3036,6,0.1,2524.78,15148.68,1514.87,13633.81,2025-08-13,2025-09-04
SI103650,2026-05-05,C1028,P3050,6,0.05,1957.91,11747.46,587.37,11160.09,2026-06-19,
SI103651,2025-07-01,C1098,P3024,1,0.08,1395.29,1395.29,111.62,1283.67,2025-08-15,2025-08-16
SI103652,2025-11-12,C1111,P3027,6,0.02,1582.59,9495.54,189.91,9305.63,2025-12-12,2025-12-17
SI103653,2025-01-30,C1001,P3037,4,0.15,1078.42,4313.68,647.05,3666.63,2025-03-31,2025-04-23
SI103654,2025-04-06,C1041,P3038,4,0.1,595.11,2380.44,238.04,2142.4,2025-05-21,2025-06-03
SI103655,2026-01-16,C1048,P3030,2,0.08,1311.58,2623.16,209.85,2413.31,2026-02-15,2026-02-15
SI103656,2026-03-20,C1031,P3027,11,0.05,1582.59,17408.49,870.42,16538.07,2026-05-04,2026-05-20
SI103657,2025-10-25,C1036,P3039,4,0.2,380.94,1523.76,304.75,1219.01,2025-11-24,2025-12-08
SI103658,2025-12-27,C1108,P3015,5,0.15,3965.84,19829.2,2974.38,16854.82,2026-01-11,2026-01-11
SI103659,2026-01-09,C1033,P3026,5,0.08,2009.9,10049.5,803.96,9245.54,2026-02-23,2026-03-01
SI103660,2025-10-30,C1033,P3001,5,0.05,1380.63,6903.15,345.16,6557.99,2025-12-14,2025-12-14
SI103661,2026-02-25,C1103,P3056,4,0.08,1862.7,7450.8,596.06,6854.74,2026-03-27,2026-04-06
SI103662,2025-09-03,C1082,P3004,1,0.08,2184.56,2184.56,174.76,2009.8,2025-10-18,2025-10-27
SI103663,2025-08-25,C1023,P3029,10,0.05,1017.07,10170.7,508.54,9662.16,2025-09-09,2025-09-22
SI103664,2026-06-18,C1060,P3057,8,0.05,339.43,2715.44,135.77,2579.67,2026-07-03,2026-07-17
SI103665,2025-07-04,C1087,P3001,3,0.05,1380.63,4141.89,207.09,3934.8,2025-08-03,2025-08-13
SI103666,2026-04-13,C1079,P3043,2,0.08,3207.57,6415.14,513.21,5901.93,2026-05-13,2026-05-24
SI103667,2025-12-29,C1090,P3050,9,0.05,1957.91,17621.19,881.06,16740.13,2026-01-28,2026-01-28
SI103668,2025-10-10,C1030,P3046,7,0.02,2017.69,14123.83,282.48,13841.35,2025-11-09,2025-12-06
SI103669,2025-12-02,C1089,P3022,9,0.1,1625.31,14627.79,1462.78,13165.01,2026-01-01,2026-01-06
SI103670,2025-06-11,C1045,P3011,2,0.08,335.11,670.22,53.62,616.6,2025-07-11,2025-07-14
SI103671,2025-06-09,C1080,P3010,9,0.0,2279.96,20519.64,0.0,20519.64,2025-07-09,2025-07-15
SI103672,2026-04-19,C1039,P3059,10,0.05,578.62,5786.2,289.31,5496.89,2026-06-03,2026-06-20
SI103673,2025-11-18,C1112,P3017,9,0.15,1213.79,10924.11,1638.62,9285.49,2026-01-02,2026-01-17
SI103674,2025-01-12,C1045,P3036,11,0.1,2524.78,27772.58,2777.26,24995.32,2025-02-11,2025-02-11
SI103675,2026-02-28,C1078,P3056,9,0.05,1862.7,16764.3,838.22,15926.08,2026-03-30,2026-04-13
SI103676,2025-03-14,C1081,P3047,10,0.15,722.13,7221.3,1083.2,6138.1,2025-04-13,2025-04-29
SI103677,2025-07-20,C1012,P3026,10,0.0,2009.9,20099.0,0.0,20099.0,2025-08-19,
SI103678,2026-06-06,C1093,P3048,4,0.2,1671.29,6685.16,1337.03,5348.13,2026-06-21,2026-07-21
SI103679,2026-05-20,C1032,P3021,10,0.02,308.88,3088.8,61.78,3027.02,2026-07-04,2026-07-13
SI103680,2025-02-08,C1056,P3013,3,0.0,791.6,2374.8,0.0,2374.8,2025-03-10,2025-03-10
SI103681,2025-03-01,C1024,P3009,6,0.05,939.78,5638.68,281.93,5356.75,2025-03-31,2025-04-21
SI103682,2025-11-17,C1116,P3011,3,0.05,335.11,1005.33,50.27,955.06,2025-12-17,2026-01-19
SI103683,2026-03-11,C1013,P3011,11,0.08,335.11,3686.21,294.9,3391.31,2026-04-25,
SI103684,2026-02-12,C1120,P3006,9,0.1,269.22,2422.98,242.3,2180.68,2026-03-14,2026-03-28
SI103685,2026-01-21,C1020,P3001,3,0.15,1380.63,4141.89,621.28,3520.61,2026-02-05,2026-02-22
SI103686,2025-03-19,C1079,P3054,2,0.05,1517.45,3034.9,151.74,2883.16,2025-04-18,2025-05-03
SI103687,2025-07-13,C1056,P3006,8,0.05,269.22,2153.76,107.69,2046.07,2025-08-12,2025-09-05
SI103688,2025-10-12,C1053,P3013,6,0.02,791.6,4749.6,94.99,4654.61,2025-11-26,2025-11-29
SI103689,2026-06-11,C1068,P3022,8,0.0,1625.31,13002.48,0.0,13002.48,2026-07-11,2026-07-17
SI103690,2026-06-08,C1054,P3056,7,0.08,1862.7,13038.9,1043.11,11995.79,2026-07-08,2026-07-15
SI103691,2025-06-05,C1034,P3031,3,0.0,1098.22,3294.66,0.0,3294.66,2025-08-04,
SI103692,2025-12-06,C1028,P3022,8,0.1,1625.31,13002.48,1300.25,11702.23,2026-01-20,2026-01-29
SI103693,2025-05-05,C1050,P3037,10,0.08,1078.42,10784.2,862.74,9921.46,2025-06-04,2025-06-04
SI103694,2025-10-07,C1002,P3047,1,0.02,722.13,722.13,14.44,707.69,2025-12-06,2025-12-12
SI103695,2025-05-08,C1111,P3027,1,0.08,1582.59,1582.59,126.61,1455.98,2025-06-07,2025-06-07
SI103696,2025-11-10,C1094,P3050,10,0.02,1957.91,19579.1,391.58,19187.52,2025-11-25,2025-11-25
SI103697,2025-11-28,C1026,P3052,8,0.05,1201.09,9608.72,480.44,9128.28,2026-01-12,2026-01-23
SI103698,2025-05-30,C1051,P3014,9,0.1,1012.57,9113.13,911.31,8201.82,2025-06-14,2025-06-16
SI103699,2026-03-30,C1047,P3047,10,0.05,722.13,7221.3,361.07,6860.23,2026-04-29,2026-05-10
SI103700,2025-02-05,C1026,P3058,6,0.02,226.7,1360.2,27.2,1333.0,2025-03-22,2025-03-24
SI103701,2026-02-24,C1084,P3005,5,0.1,1385.35,6926.75,692.68,6234.07,2026-03-26,2026-04-10
SI103702,2025-01-22,C1106,P3058,2,0.02,226.7,453.4,9.07,444.33,2025-02-21,
SI103703,2025-07-25,C1092,P3036,11,0.1,2524.78,27772.58,2777.26,24995.32,2025-09-08,2025-09-08
SI103704,2025-12-22,C1120,P3032,9,0.05,1742.31,15680.79,784.04,14896.75,2026-01-21,2026-01-27
SI103705,2026-03-16,C1084,P3034,6,0.05,1214.64,7287.84,364.39,6923.45,2026-04-15,2026-04-15
SI103706,2025-04-06,C1075,P3007,8,0.15,3525.77,28206.16,4230.92,23975.24,2025-05-21,
SI103707,2025-06-13,C1074,P3042,9,0.08,2136.42,19227.78,1538.22,17689.56,2025-08-12,2025-08-12
SI103708,2025-05-28,C1061,P3048,9,0.0,1671.29,15041.61,0.0,15041.61,2025-06-12,2025-06-12
SI103709,2026-06-14,C1023,P3010,8,0.05,2279.96,18239.68,911.98,17327.7,2026-06-29,2026-06-29
SI103710,2025-10-21,C1037,P3050,10,0.15,1957.91,19579.1,2936.86,16642.24,2025-12-05,2025-12-05
SI103711,2025-07-14,C1041,P3017,8,0.0,1213.79,9710.32,0.0,9710.32,2025-08-28,
SI103712,2026-04-25,C1052,P3030,3,0.08,1311.58,3934.74,314.78,3619.96,2026-05-10,2026-05-29
SI103713,2025-05-03,C1083,P3021,3,0.1,308.88,926.64,92.66,833.98,2025-06-17,2025-06-17
SI103714,2026-02-04,C1109,P3060,2,0.08,157.9,315.8,25.26,290.54,2026-03-06,
SI103715,2026-03-28,C1082,P3013,1,0.1,791.6,791.6,79.16,712.44,2026-05-12,2026-05-12
SI103716,2025-04-14,C1049,P3001,4,0.1,1380.63,5522.52,552.25,4970.27,2025-05-14,2025-05-14
SI103717,2026-04-07,C1027,P3001,2,0.08,1380.63,2761.26,220.9,2540.36,2026-05-22,2026-06-07
SI103718,2026-01-31,C1006,P3047,2,0.1,722.13,1444.26,144.43,1299.83,2026-04-01,2026-05-03
SI103719,2025-12-03,C1074,P3033,11,0.08,246.53,2711.83,216.95,2494.88,2026-02-01,2026-02-01
SI103720,2025-05-22,C1066,P3038,11,0.05,595.11,6546.21,327.31,6218.9,2025-07-21,2025-07-21
SI103721,2025-11-13,C1024,P3025,5,0.05,802.15,4010.75,200.54,3810.21,2025-12-13,2025-12-21
SI103722,2026-06-11,C1038,P3026,4,0.08,2009.9,8039.6,643.17,7396.43,2026-07-11,2026-07-26
SI103723,2026-02-05,C1028,P3013,1,0.15,791.6,791.6,118.74,672.86,2026-03-22,2026-03-31
SI103724,2025-11-06,C1028,P3059,9,0.05,578.62,5207.58,260.38,4947.2,2025-12-21,
SI103725,2026-05-10,C1117,P3028,4,0.05,925.58,3702.32,185.12,3517.2,2026-05-25,2026-05-25
SI103726,2025-04-19,C1109,P3033,5,0.15,246.53,1232.65,184.9,1047.75,2025-05-19,2025-05-23
SI103727,2026-01-07,C1114,P3037,7,0.08,1078.42,7548.94,603.92,6945.02,2026-02-06,2026-02-08
SI103728,2025-07-25,C1103,P3041,2,0.02,1655.7,3311.4,66.23,3245.17,2025-08-24,2025-08-25
SI103729,2025-02-12,C1066,P3030,8,0.08,1311.58,10492.64,839.41,9653.23,2025-04-13,2025-04-13
SI103730,2025-09-02,C1061,P3057,11,0.2,339.43,3733.73,746.75,2986.98,2025-09-17,2025-09-17
SI103731,2025-10-14,C1046,P3049,2,0.1,2738.46,5476.92,547.69,4929.23,2025-10-29,2025-11-22
SI103732,2025-12-21,C1069,P3048,11,0.1,1671.29,18384.19,1838.42,16545.77,2026-02-04,2026-02-08
SI103733,2026-04-21,C1114,P3008,10,0.02,3538.95,35389.5,707.79,34681.71,2026-05-21,2026-05-31
SI103734,2025-03-24,C1075,P3049,5,0.15,2738.46,13692.3,2053.84,11638.46,2025-05-08,2025-05-12
SI103735,2025-04-20,C1074,P3047,2,0.08,722.13,1444.26,115.54,1328.72,2025-06-19,2025-06-23
SI103736,2025-07-09,C1043,P3056,2,0.15,1862.7,3725.4,558.81,3166.59,2025-08-08,2025-08-11
SI103737,2025-09-08,C1059,P3001,4,0.05,1380.63,5522.52,276.13,5246.39,2025-10-08,2025-10-08
SI103738,2025-10-18,C1002,P3012,4,0.0,626.03,2504.12,0.0,2504.12,2025-12-17,2025-12-17
SI103739,2025-07-20,C1015,P3005,8,0.05,1385.35,11082.8,554.14,10528.66,2025-08-19,2025-08-27
SI103740,2025-11-22,C1103,P3024,6,0.02,1395.29,8371.74,167.43,8204.31,2025-12-22,2025-12-28
SI103741,2026-05-26,C1105,P3006,10,0.08,269.22,2692.2,215.38,2476.82,2026-06-25,2026-07-08
SI103742,2026-02-13,C1037,P3025,8,0.2,802.15,6417.2,1283.44,5133.76,2026-03-30,2026-04-10
SI103743,2026-05-23,C1071,P3001,7,0.08,1380.63,9664.41,773.15,8891.26,2026-06-22,2026-06-22
SI103744,2025-03-13,C1020,P3025,10,0.15,802.15,8021.5,1203.22,6818.28,2025-03-28,2025-04-12
SI103745,2025-09-04,C1098,P3001,4,0.05,1380.63,5522.52,276.13,5246.39,2025-10-19,2025-10-31
SI103746,2025-12-10,C1035,P3032,2,0.1,1742.31,3484.62,348.46,3136.16,2026-01-09,2026-01-20
SI103747,2025-02-23,C1034,P3042,9,0.15,2136.42,19227.78,2884.17,16343.61,2025-04-24,
SI103748,2026-06-12,C1117,P3042,2,0.08,2136.42,4272.84,341.83,3931.01,2026-06-27,2026-07-21
SI103749,2026-06-16,C1086,P3003,1,0.05,3501.32,3501.32,175.07,3326.25,2026-07-31,2026-08-11
SI103750,2025-07-12,C1031,P3049,8,0.08,2738.46,21907.68,1752.61,20155.07,2025-08-26,2025-09-05
SI103751,2025-02-27,C1087,P3019,10,0.08,2731.93,27319.3,2185.54,25133.76,2025-03-29,2025-04-13
SI103752,2026-03-13,C1019,P3060,9,0.02,157.9,1421.1,28.42,1392.68,2026-04-12,2026-05-01
SI103753,2025-04-21,C1068,P3043,1,0.1,3207.57,3207.57,320.76,2886.81,2025-05-21,
SI103754,2025-05-09,C1024,P3029,7,0.2,1017.07,7119.49,1423.9,5695.59,2025-06-08,2025-06-19
SI103755,2025-11-22,C1084,P3050,2,0.05,1957.91,3915.82,195.79,3720.03,2025-12-22,2025-12-22
SI103756,2025-01-08,C1039,P3002,6,0.08,3041.97,18251.82,1460.15,16791.67,2025-02-22,2025-03-04
SI103757,2025-01-29,C1092,P3009,11,0.1,939.78,10337.58,1033.76,9303.82,2025-03-15,
SI103758,2025-04-22,C1054,P3056,5,0.08,1862.7,9313.5,745.08,8568.42,2025-05-22,2025-05-22
SI103759,2025-05-11,C1039,P3017,1,0.08,1213.79,1213.79,97.1,1116.69,2025-06-25,2025-07-20
SI103760,2025-07-07,C1017,P3060,2,0.15,157.9,315.8,47.37,268.43,2025-09-05,2025-09-22
SI103761,2026-04-20,C1019,P3046,2,0.05,2017.69,4035.38,201.77,3833.61,2026-05-20,2026-05-25
SI103762,2025-12-30,C1118,P3036,10,0.0,2524.78,25247.8,0.0,25247.8,2026-01-29,2026-02-03
SI103763,2025-07-23,C1048,P3017,10,0.15,1213.79,12137.9,1820.68,10317.22,2025-08-22,2025-08-29
SI103764,2025-07-31,C1035,P3049,6,0.08,2738.46,16430.76,1314.46,15116.3,2025-08-30,2025-09-29
SI103765,2025-10-03,C1032,P3012,11,0.15,626.03,6886.33,1032.95,5853.38,2025-11-17,2025-11-18
SI103766,2025-03-14,C1047,P3060,1,0.02,157.9,157.9,3.16,154.74,2025-04-13,2025-04-21
SI103767,2025-08-31,C1110,P3020,11,0.0,3394.02,37334.22,0.0,37334.22,2025-09-30,2025-09-30
SI103768,2025-04-12,C1047,P3050,4,0.15,1957.91,7831.64,1174.75,6656.89,2025-05-12,2025-05-12
SI103769,2025-06-20,C1064,P3003,10,0.02,3501.32,35013.2,700.26,34312.94,2025-07-20,2025-07-20
SI103770,2025-07-07,C1046,P3043,11,0.1,3207.57,35283.27,3528.33,31754.94,2025-07-22,2025-07-31
SI103771,2026-03-17,C1103,P3057,5,0.1,339.43,1697.15,169.72,1527.43,2026-04-16,2026-04-22
SI103772,2025-03-27,C1035,P3050,2,0.08,1957.91,3915.82,313.27,3602.55,2025-04-26,2025-04-29
SI103773,2026-04-21,C1094,P3004,2,0.02,2184.56,4369.12,87.38,4281.74,2026-05-06,2026-05-17
SI103774,2025-02-21,C1017,P3017,7,0.08,1213.79,8496.53,679.72,7816.81,2025-04-22,2025-04-30
SI103775,2025-04-21,C1042,P3050,7,0.15,1957.91,13705.37,2055.81,11649.56,2025-05-21,2025-05-22
SI103776,2025-02-12,C1111,P3037,6,0.05,1078.42,6470.52,323.53,6146.99,2025-03-14,2025-03-14
SI103777,2025-07-30,C1029,P3046,1,0.05,2017.69,2017.69,100.88,1916.81,2025-08-29,2025-09-15
SI103778,2025-07-19,C1070,P3042,3,0.05,2136.42,6409.26,320.46,6088.8,2025-08-18,2025-08-18
SI103779,2025-01-26,C1017,P3015,9,0.0,3965.84,35692.56,0.0,35692.56,2025-03-27,2025-04-01
SI103780,2025-10-26,C1081,P3033,10,0.15,246.53,2465.3,369.8,2095.5,2025-11-25,2025-12-11
SI103781,2025-03-18,C1014,P3016,1,0.15,2713.06,2713.06,406.96,2306.1,2025-04-17,2025-04-17
SI103782,2025-05-17,C1024,P3011,2,0.2,335.11,670.22,134.04,536.18,2025-06-16,2025-06-19
SI103783,2025-01-20,C1057,P3055,8,0.08,2802.87,22422.96,1793.84,20629.12,2025-03-06,
SI103784,2026-03-16,C1050,P3020,7,0.1,3394.02,23758.14,2375.81,21382.33,2026-04-15,2026-05-19
SI103785,2025-07-30,C1057,P3038,9,0.02,595.11,5355.99,107.12,5248.87,2025-09-13,2025-10-07
SI103786,2026-03-11,C1101,P3024,10,0.08,1395.29,13952.9,1116.23,12836.67,2026-04-10,
SI103787,2025-07-26,C1061,P3054,4,0.08,1517.45,6069.8,485.58,5584.22,2025-08-10,2025-08-10
SI103788,2026-03-15,C1104,P3016,4,0.15,2713.06,10852.24,1627.84,9224.4,2026-04-14,2026-05-07
SI103789,2025-02-11,C1039,P3030,7,0.1,1311.58,9181.06,918.11,8262.95,2025-03-28,2025-04-08
SI103790,2026-02-15,C1055,P3034,1,0.15,1214.64,1214.64,182.2,1032.44,2026-03-02,2026-03-07
SI103791,2026-06-07,C1096,P3001,10,0.15,1380.63,13806.3,2070.94,11735.36,2026-06-22,2026-06-22
SI103792,2026-03-03,C1036,P3024,9,0.15,1395.29,12557.61,1883.64,10673.97,2026-04-02,2026-04-02
SI103793,2025-10-02,C1114,P3024,2,0.0,1395.29,2790.58,0.0,2790.58,2025-11-01,2025-11-11
SI103794,2026-03-24,C1037,P3009,1,0.15,939.78,939.78,140.97,798.81,2026-05-08,2026-05-18
SI103795,2026-01-04,C1112,P3022,7,0.08,1625.31,11377.17,910.17,10467.0,2026-02-18,2026-03-22
SI103796,2025-08-08,C1014,P3012,6,0.05,626.03,3756.18,187.81,3568.37,2025-09-07,2025-09-07
SI103797,2025-08-20,C1027,P3017,3,0.0,1213.79,3641.37,0.0,3641.37,2025-10-04,2025-10-20
SI103798,2025-11-24,C1083,P3025,1,0.08,802.15,802.15,64.17,737.98,2026-01-08,2026-01-14
SI103799,2026-03-19,C1031,P3028,5,0.05,925.58,4627.9,231.4,4396.5,2026-05-03,2026-05-15
SI103800,2025-02-21,C1110,P3015,10,0.05,3965.84,39658.4,1982.92,37675.48,2025-03-23,2025-03-27
SI103801,2026-01-11,C1073,P3030,4,0.08,1311.58,5246.32,419.71,4826.61,2026-01-26,2026-02-14
SI103802,2025-09-20,C1102,P3051,5,0.15,3798.59,18992.95,2848.94,16144.01,2025-10-20,2025-10-24
SI103803,2025-09-24,C1081,P3027,1,0.1,1582.59,1582.59,158.26,1424.33,2025-10-24,2025-10-28
SI103804,2025-12-25,C1083,P3022,1,0.05,1625.31,1625.31,81.27,1544.04,2026-02-08,
SI103805,2025-11-13,C1044,P3010,5,0.05,2279.96,11399.8,569.99,10829.81,2025-11-28,2026-01-04
SI103806,2025-11-20,C1068,P3058,6,0.02,226.7,1360.2,27.2,1333.0,2025-12-20,2025-12-20
SI103807,2026-02-25,C1048,P3031,5,0.05,1098.22,5491.1,274.56,5216.54,2026-03-27,2026-03-27
SI103808,2025-02-15,C1057,P3027,2,0.0,1582.59,3165.18,0.0,3165.18,2025-04-01,2025-04-02
SI103809,2025-09-26,C1075,P3012,9,0.2,626.03,5634.27,1126.85,4507.42,2025-11-10,2026-01-06
SI103810,2026-01-16,C1022,P3046,5,0.08,2017.69,10088.45,807.08,9281.37,2026-03-17,
SI103811,2025-04-28,C1004,P3031,11,0.02,1098.22,12080.42,241.61,11838.81,2025-05-28,2025-05-31
SI103812,2025-04-26,C1081,P3032,11,0.05,1742.31,19165.41,958.27,18207.14,2025-05-26,2025-06-26
SI103813,2025-09-17,C1072,P3032,5,0.08,1742.31,8711.55,696.92,8014.63,2025-10-02,2025-11-06
SI103814,2025-03-16,C1046,P3041,10,0.08,1655.7,16557.0,1324.56,15232.44,2025-03-31,
SI103815,2026-04-25,C1059,P3059,9,0.0,578.62,5207.58,0.0,5207.58,2026-05-25,2026-06-10
SI103816,2025-11-01,C1034,P3045,3,0.2,2906.1,8718.3,1743.66,6974.64,2025-12-31,2025-12-31
SI103817,2025-01-07,C1011,P3035,5,0.05,1580.55,7902.75,395.14,7507.61,2025-02-06,2025-02-06
SI103818,2026-01-01,C1031,P3053,5,0.0,2275.72,11378.6,0.0,11378.6,2026-02-15,2026-03-03
SI103819,2026-06-07,C1011,P3046,2,0.0,2017.69,4035.38,0.0,4035.38,2026-07-07,2026-08-01
SI103820,2025-12-14,C1120,P3021,11,0.08,308.88,3397.68,271.81,3125.87,2026-01-13,2026-01-13
SI103821,2026-03-14,C1118,P3010,4,0.02,2279.96,9119.84,182.4,8937.44,2026-04-13,2026-04-13
SI103822,2025-08-03,C1056,P3016,11,0.0,2713.06,29843.66,0.0,29843.66,2025-09-02,2025-09-02
SI103823,2026-03-05,C1038,P3007,11,0.05,3525.77,38783.47,1939.17,36844.3,2026-04-04,2026-04-29
SI103824,2026-05-13,C1117,P3004,2,0.08,2184.56,4369.12,349.53,4019.59,2026-05-28,2026-06-06
SI103825,2026-06-24,C1021,P3027,5,0.0,1582.59,7912.95,0.0,7912.95,2026-07-24,2026-07-25
SI103826,2026-01-02,C1110,P3052,10,0.05,1201.09,12010.9,600.54,11410.36,2026-02-01,2026-02-09
SI103827,2025-11-09,C1094,P3055,2,0.05,2802.87,5605.74,280.29,5325.45,2025-11-24,2025-11-24
SI103828,2026-06-22,C1010,P3025,10,0.02,802.15,8021.5,160.43,7861.07,2026-08-06,2026-09-12
SI103829,2025-02-23,C1026,P3031,9,0.05,1098.22,9883.98,494.2,9389.78,2025-04-09,2025-05-09
SI103830,2026-06-25,C1091,P3011,10,0.0,335.11,3351.1,0.0,3351.1,2026-07-25,2026-07-25
SI103831,2026-04-12,C1008,P3048,6,0.0,1671.29,10027.74,0.0,10027.74,2026-06-11,2026-06-20
SI103832,2025-06-13,C1103,P3020,8,0.05,3394.02,27152.16,1357.61,25794.55,2025-07-13,2025-07-21
SI103833,2025-11-30,C1008,P3036,9,0.02,2524.78,22723.02,454.46,22268.56,2026-01-29,2026-02-03
SI103834,2026-07-01,C1060,P3054,8,0.0,1517.45,12139.6,0.0,12139.6,2026-07-16,
SI103835,2025-12-14,C1072,P3054,5,0.05,1517.45,7587.25,379.36,7207.89,2025-12-29,2026-01-07
SI103836,2025-09-30,C1119,P3055,5,0.15,2802.87,14014.35,2102.15,11912.2,2025-11-29,2025-11-29
SI103837,2026-02-18,C1034,P3017,6,0.1,1213.79,7282.74,728.27,6554.47,2026-04-19,2026-05-06
SI103838,2026-05-15,C1016,P3045,1,0.1,2906.1,2906.1,290.61,2615.49,2026-06-14,2026-06-20
SI103839,2025-04-03,C1105,P3011,11,0.15,335.11,3686.21,552.93,3133.28,2025-05-03,2025-05-03
SI103840,2025-03-20,C1013,P3030,8,0.2,1311.58,10492.64,2098.53,8394.11,2025-05-04,2025-06-01
SI103841,2025-08-05,C1087,P3035,2,0.1,1580.55,3161.1,316.11,2844.99,2025-09-04,2025-09-07
SI103842,2025-12-24,C1076,P3041,6,0.08,1655.7,9934.2,794.74,9139.46,2026-02-07,2026-02-14
SI103843,2026-05-22,C1091,P3038,9,0.05,595.11,5355.99,267.8,5088.19,2026-06-21,
SI103844,2025-06-30,C1022,P3022,3,0.02,1625.31,4875.93,97.52,4778.41,2025-08-29,2025-09-01
SI103845,2025-09-03,C1096,P3053,2,0.08,2275.72,4551.44,364.12,4187.32,2025-09-18,
SI103846,2025-09-01,C1113,P3043,10,0.2,3207.57,32075.7,6415.14,25660.56,2025-10-16,2025-10-16
SI103847,2026-05-21,C1027,P3048,5,0.05,1671.29,8356.45,417.82,7938.63,2026-07-05,2026-08-05
SI103848,2026-02-26,C1064,P3051,11,0.1,3798.59,41784.49,4178.45,37606.04,2026-03-28,2026-03-28
SI103849,2025-11-16,C1002,P3027,9,0.05,1582.59,14243.31,712.17,13531.14,2026-01-15,2026-01-15
SI103850,2025-03-28,C1109,P3037,6,0.05,1078.42,6470.52,323.53,6146.99,2025-04-27,2025-05-19
SI103851,2025-08-05,C1097,P3046,8,0.05,2017.69,16141.52,807.08,15334.44,2025-09-19,2025-09-19
SI103852,2026-05-05,C1026,P3049,8,0.05,2738.46,21907.68,1095.38,20812.3,2026-06-19,2026-06-19
SI103853,2026-06-03,C1092,P3035,7,0.05,1580.55,11063.85,553.19,10510.66,2026-07-18,2026-07-18
SI103854,2025-10-05,C1083,P3004,5,0.1,2184.56,10922.8,1092.28,9830.52,2025-11-19,2025-12-10
SI103855,2025-06-18,C1107,P3016,2,0.15,2713.06,5426.12,813.92,4612.2,2025-07-18,2025-07-18
SI103856,2025-11-26,C1069,P3016,10,0.15,2713.06,27130.6,4069.59,23061.01,2026-01-10,2026-01-10
SI103857,2026-03-17,C1097,P3021,10,0.02,308.88,3088.8,61.78,3027.02,2026-05-01,2026-05-11
SI103858,2026-01-26,C1084,P3026,5,0.15,2009.9,10049.5,1507.42,8542.08,2026-02-25,2026-03-19
SI103859,2026-05-11,C1030,P3057,7,0.05,339.43,2376.01,118.8,2257.21,2026-06-10,2026-07-01
SI103860,2026-01-16,C1109,P3036,7,0.05,2524.78,17673.46,883.67,16789.79,2026-02-15,2026-02-15
SI103861,2025-11-02,C1008,P3019,11,0.1,2731.93,30051.23,3005.12,27046.11,2026-01-01,2026-01-24
SI103862,2026-05-28,C1038,P3058,2,0.05,226.7,453.4,22.67,430.73,2026-06-27,2026-07-10
SI103863,2025-07-07,C1061,P3017,7,0.0,1213.79,8496.53,0.0,8496.53,2025-07-22,2025-07-25
SI103864,2026-05-31,C1081,P3045,6,0.05,2906.1,17436.6,871.83,16564.77,2026-06-30,2026-07-28
SI103865,2026-03-03,C1108,P3026,7,0.1,2009.9,14069.3,1406.93,12662.37,2026-03-18,2026-03-18
SI103866,2026-05-17,C1065,P3022,11,0.05,1625.31,17878.41,893.92,16984.49,2026-07-01,2026-07-10
SI103867,2025-09-17,C1067,P3055,8,0.08,2802.87,22422.96,1793.84,20629.12,2025-10-17,2025-11-07
SI103868,2026-05-28,C1046,P3058,4,0.08,226.7,906.8,72.54,834.26,2026-06-12,2026-06-20
SI103869,2025-03-12,C1090,P3056,1,0.1,1862.7,1862.7,186.27,1676.43,2025-04-11,2025-04-14
SI103870,2026-04-23,C1095,P3028,8,0.15,925.58,7404.64,1110.7,6293.94,2026-05-08,2026-05-08
SI103871,2025-06-27,C1072,P3001,8,0.05,1380.63,11045.04,552.25,10492.79,2025-07-12,2025-07-29
SI103872,2026-04-02,C1043,P3044,3,0.02,450.62,1351.86,27.04,1324.82,2026-05-02,2026-05-27
SI103873,2025-07-08,C1059,P3036,3,0.05,2524.78,7574.34,378.72,7195.62,2025-08-07,2025-08-09
SI103874,2025-10-18,C1046,P3043,5,0.05,3207.57,16037.85,801.89,15235.96,2025-11-02,2025-11-18
SI103875,2026-06-04,C1072,P3037,3,0.08,1078.42,3235.26,258.82,2976.44,2026-06-19,2026-07-29
SI103876,2025-10-19,C1035,P3002,5,0.0,3041.97,15209.85,0.0,15209.85,2025-11-18,2025-12-11
SI103877,2025-10-10,C1039,P3017,8,0.05,1213.79,9710.32,485.52,9224.8,2025-11-24,2025-11-26
SI103878,2026-06-28,C1092,P3040,1,0.1,2880.96,2880.96,288.1,2592.86,2026-08-12,2026-09-04
SI103879,2026-01-12,C1051,P3038,2,0.08,595.11,1190.22,95.22,1095.0,2026-01-27,2026-01-30
SI103880,2025-06-05,C1004,P3021,2,0.1,308.88,617.76,61.78,555.98,2025-07-05,2025-07-05
SI103881,2026-05-23,C1080,P3009,4,0.1,939.78,3759.12,375.91,3383.21,2026-06-22,2026-06-23
SI103882,2026-02-17,C1077,P3013,9,0.1,791.6,7124.4,712.44,6411.96,2026-03-19,2026-04-09
SI103883,2026-06-12,C1084,P3011,2,0.08,335.11,670.22,53.62,616.6,2026-07-12,2026-07-14
SI103884,2025-12-21,C1051,P3016,11,0.05,2713.06,29843.66,1492.18,28351.48,2026-01-05,2026-01-20
SI103885,2025-07-06,C1005,P3016,9,0.2,2713.06,24417.54,4883.51,19534.03,2025-07-21,2025-07-30
SI103886,2025-01-31,C1055,P3059,7,0.08,578.62,4050.34,324.03,3726.31,2025-02-15,2025-02-15
SI103887,2025-09-17,C1101,P3002,10,0.02,3041.97,30419.7,608.39,29811.31,2025-10-17,2025-10-20
SI103888,2026-02-25,C1020,P3042,8,0.05,2136.42,17091.36,854.57,16236.79,2026-03-12,2026-03-24
SI103889,2026-06-13,C1024,P3044,1,0.08,450.62,450.62,36.05,414.57,2026-07-13,2026-07-13
SI103890,2025-10-31,C1036,P3008,5,0.15,3538.95,17694.75,2654.21,15040.54,2025-11-30,2026-01-01
SI103891,2025-02-08,C1034,P3043,9,0.02,3207.57,28868.13,577.36,28290.77,2025-04-09,2025-04-14
SI103892,2026-05-04,C1109,P3042,4,0.0,2136.42,8545.68,0.0,8545.68,2026-06-03,2026-06-03
SI103893,2026-06-26,C1112,P3013,2,0.15,791.6,1583.2,237.48,1345.72,2026-08-10,2026-09-05
SI103894,2025-10-05,C1054,P3057,6,0.15,339.43,2036.58,305.49,1731.09,2025-11-04,2025-11-04
SI103895,2025-07-22,C1034,P3017,2,0.05,1213.79,2427.58,121.38,2306.2,2025-09-20,2025-09-20
SI103896,2025-03-07,C1083,P3039,3,0.05,380.94,1142.82,57.14,1085.68,2025-04-21,2025-05-07
SI103897,2025-04-18,C1017,P3024,8,0.08,1395.29,11162.32,892.99,10269.33,2025-06-17,2025-06-29
SI103898,2025-09-25,C1005,P3003,3,0.05,3501.32,10503.96,525.2,9978.76,2025-10-10,2025-11-04
SI103899,2025-08-10,C1089,P3030,2,0.15,1311.58,2623.16,393.47,2229.69,2025-09-09,2025-09-14
SI103900,2026-06-14,C1018,P3052,6,0.0,1201.09,7206.54,0.0,7206.54,2026-07-29,2026-08-02
SI103901,2025-03-31,C1055,P3013,3,0.0,791.6,2374.8,0.0,2374.8,2025-04-15,2025-04-24
SI103902,2025-09-12,C1053,P3019,1,0.02,2731.93,2731.93,54.64,2677.29,2025-10-27,2025-11-13
SI103903,2026-03-31,C1050,P3007,3,0.05,3525.77,10577.31,528.87,10048.44,2026-04-30,
SI103904,2025-09-10,C1072,P3009,6,0.0,939.78,5638.68,0.0,5638.68,2025-09-25,2025-10-03
SI103905,2025-09-14,C1091,P3019,3,0.0,2731.93,8195.79,0.0,8195.79,2025-10-14,2025-10-15
SI103906,2026-01-18,C1079,P3045,9,0.1,2906.1,26154.9,2615.49,23539.41,2026-02-17,
SI103907,2026-03-18,C1045,P3054,7,0.02,1517.45,10622.15,212.44,10409.71,2026-04-17,
SI103908,2025-03-31,C1013,P3040,5,0.15,2880.96,14404.8,2160.72,12244.08,2025-05-15,2025-05-17
SI103909,2026-01-25,C1016,P3022,2,0.05,1625.31,3250.62,162.53,3088.09,2026-02-24,2026-03-14
SI103910,2025-02-13,C1086,P3018,9,0.08,2434.61,21911.49,1752.92,20158.57,2025-03-30,2025-03-30
SI103911,2025-01-19,C1084,P3023,5,0.02,448.2,2241.0,44.82,2196.18,2025-02-18,2025-03-02
SI103912,2025-04-11,C1013,P3002,7,0.02,3041.97,21293.79,425.88,20867.91,2025-05-26,2025-06-04
SI103913,2025-12-23,C1020,P3050,9,0.08,1957.91,17621.19,1409.7,16211.49,2026-01-07,2026-01-07
SI103914,2026-06-26,C1066,P3050,4,0.08,1957.91,7831.64,626.53,7205.11,2026-08-25,2026-09-09
SI103915,2025-02-02,C1099,P3011,9,0.1,335.11,3015.99,301.6,2714.39,2025-03-04,2025-03-06
SI103916,2025-08-17,C1047,P3031,1,0.1,1098.22,1098.22,109.82,988.4,2025-09-16,2025-09-23
SI103917,2026-06-08,C1119,P3033,6,0.08,246.53,1479.18,118.33,1360.85,2026-08-07,2026-08-22
SI103918,2025-06-04,C1019,P3014,2,0.05,1012.57,2025.14,101.26,1923.88,2025-07-04,
SI103919,2026-02-27,C1045,P3016,8,0.15,2713.06,21704.48,3255.67,18448.81,2026-03-29,2026-03-29
SI103920,2025-09-03,C1037,P3011,5,0.08,335.11,1675.55,134.04,1541.51,2025-10-18,2025-10-21
SI103921,2026-02-09,C1054,P3033,3,0.2,246.53,739.59,147.92,591.67,2026-03-11,2026-04-14
SI103922,2026-06-25,C1006,P3007,2,0.1,3525.77,7051.54,705.15,6346.39,2026-08-24,2026-09-06
SI103923,2025-06-10,C1014,P3031,8,0.0,1098.22,8785.76,0.0,8785.76,2025-07-10,2025-07-13
SI103924,2025-04-27,C1004,P3048,7,0.05,1671.29,11699.03,584.95,11114.08,2025-05-27,2025-05-30
SI103925,2025-09-28,C1086,P3046,9,0.08,2017.69,18159.21,1452.74,16706.47,2025-11-12,2025-11-19
SI103926,2026-05-02,C1115,P3047,8,0.1,722.13,5777.04,577.7,5199.34,2026-05-17,2026-06-25
SI103927,2025-06-21,C1055,P3014,11,0.08,1012.57,11138.27,891.06,10247.21,2025-07-06,2025-08-11
SI103928,2025-10-01,C1103,P3028,4,0.1,925.58,3702.32,370.23,3332.09,2025-10-31,2025-11-11
SI103929,2025-09-16,C1100,P3053,2,0.05,2275.72,4551.44,227.57,4323.87,2025-10-01,2025-10-01
SI103930,2025-05-15,C1034,P3043,2,0.02,3207.57,6415.14,128.3,6286.84,2025-07-14,2025-08-05
SI103931,2026-02-26,C1027,P3016,2,0.0,2713.06,5426.12,0.0,5426.12,2026-04-12,2026-05-05
SI103932,2026-02-25,C1007,P3019,11,0.08,2731.93,30051.23,2404.1,27647.13,2026-03-27,2026-04-14
SI103933,2025-07-05,C1003,P3017,6,0.08,1213.79,7282.74,582.62,6700.12,2025-09-03,2025-09-26
SI103934,2025-12-30,C1047,P3059,7,0.05,578.62,4050.34,202.52,3847.82,2026-01-29,2026-02-15
SI103935,2026-01-13,C1097,P3026,6,0.08,2009.9,12059.4,964.75,11094.65,2026-02-27,2026-02-27
SI103936,2026-06-07,C1002,P3006,2,0.0,269.22,538.44,0.0,538.44,2026-08-06,2026-08-06
SI103937,2025-07-15,C1106,P3043,4,0.0,3207.57,12830.28,0.0,12830.28,2025-08-14,
SI103938,2025-04-08,C1080,P3049,3,0.08,2738.46,8215.38,657.23,7558.15,2025-05-08,2025-05-28
SI103939,2025-01-22,C1025,P3009,11,0.05,939.78,10337.58,516.88,9820.7,2025-03-08,2025-03-10
SI103940,2026-03-26,C1060,P3050,4,0.08,1957.91,7831.64,626.53,7205.11,2026-04-10,2026-04-10
SI103941,2025-06-21,C1079,P3017,5,0.1,1213.79,6068.95,606.9,5462.05,2025-07-21,
SI103942,2026-01-18,C1024,P3031,7,0.15,1098.22,7687.54,1153.13,6534.41,2026-02-17,2026-02-24
SI103943,2025-05-14,C1015,P3012,9,0.02,626.03,5634.27,112.69,5521.58,2025-06-13,2025-06-13
SI103944,2026-03-02,C1095,P3023,11,0.05,448.2,4930.2,246.51,4683.69,2026-03-17,2026-03-17
SI103945,2025-01-25,C1014,P3054,2,0.1,1517.45,3034.9,303.49,2731.41,2025-02-24,2025-02-28
SI103946,2026-05-18,C1054,P3054,8,0.1,1517.45,12139.6,1213.96,10925.64,2026-06-17,
SI103947,2025-07-04,C1078,P3005,3,0.1,1385.35,4156.05,415.6,3740.45,2025-08-03,2025-08-24
SI103948,2025-03-26,C1006,P3043,9,0.02,3207.57,28868.13,577.36,28290.77,2025-05-25,
SI103949,2025-05-24,C1078,P3036,10,0.02,2524.78,25247.8,504.96,24742.84,2025-06-23,2025-06-23
SI103950,2026-02-16,C1081,P3059,4,0.08,578.62,2314.48,185.16,2129.32,2026-03-18,2026-03-18
SI103951,2025-08-12,C1018,P3036,3,0.1,2524.78,7574.34,757.43,6816.91,2025-09-26,2025-09-26
SI103952,2025-08-08,C1020,P3003,10,0.05,3501.32,35013.2,1750.66,33262.54,2025-08-23,2025-09-01
SI103953,2025-06-28,C1115,P3058,6,0.0,226.7,1360.2,0.0,1360.2,2025-07-13,2025-07-29
SI103954,2026-03-09,C1062,P3024,10,0.08,1395.29,13952.9,1116.23,12836.67,2026-04-08,2026-04-29
SI103955,2025-09-22,C1081,P3055,9,0.05,2802.87,25225.83,1261.29,23964.54,2025-10-22,2025-10-22
SI103956,2026-03-05,C1080,P3057,7,0.02,339.43,2376.01,47.52,2328.49,2026-04-04,2026-04-25
SI103957,2026-02-20,C1040,P3017,4,0.02,1213.79,4855.16,97.1,4758.06,2026-04-06,2026-04-06
SI103958,2026-03-29,C1039,P3039,3,0.05,380.94,1142.82,57.14,1085.68,2026-05-13,2026-05-13
SI103959,2025-07-16,C1052,P3026,10,0.08,2009.9,20099.0,1607.92,18491.08,2025-07-31,2025-07-31
SI103960,2025-02-22,C1032,P3004,4,0.05,2184.56,8738.24,436.91,8301.33,2025-04-08,2025-04-20
SI103961,2026-04-25,C1108,P3055,3,0.0,2802.87,8408.61,0.0,8408.61,2026-05-10,2026-05-30
SI103962,2026-03-19,C1073,P3045,3,0.0,2906.1,8718.3,0.0,8718.3,2026-04-03,2026-04-03
SI103963,2025-11-26,C1027,P3012,9,0.05,626.03,5634.27,281.71,5352.56,2026-01-10,2026-01-10
SI103964,2025-09-08,C1110,P3001,4,0.08,1380.63,5522.52,441.8,5080.72,2025-10-08,2025-10-08
SI103965,2025-05-03,C1052,P3021,9,0.0,308.88,2779.92,0.0,2779.92,2025-05-18,2025-05-18
SI103966,2026-01-22,C1097,P3019,10,0.08,2731.93,27319.3,2185.54,25133.76,2026-03-08,2026-03-13
SI103967,2025-12-05,C1063,P3021,5,0.0,308.88,1544.4,0.0,1544.4,2026-01-04,2026-01-08
SI103968,2025-12-14,C1074,P3052,7,0.02,1201.09,8407.63,168.15,8239.48,2026-02-12,2026-03-10
SI103969,2025-01-29,C1063,P3018,5,0.02,2434.61,12173.05,243.46,11929.59,2025-02-28,2025-03-04
SI103970,2025-02-04,C1017,P3043,1,0.0,3207.57,3207.57,0.0,3207.57,2025-04-05,
SI103971,2026-06-02,C1113,P3052,2,0.08,1201.09,2402.18,192.17,2210.01,2026-07-17,2026-07-17
SI103972,2026-01-31,C1049,P3003,11,0.05,3501.32,38514.52,1925.73,36588.79,2026-03-02,2026-03-26
SI103973,2025-10-21,C1100,P3049,5,0.1,2738.46,13692.3,1369.23,12323.07,2025-11-05,
SI103974,2025-12-15,C1081,P3044,6,0.0,450.62,2703.72,0.0,2703.72,2026-01-14,2026-02-05
SI103975,2025-05-27,C1082,P3032,7,0.02,1742.31,12196.17,243.92,11952.25,2025-07-11,2025-07-13
SI103976,2025-03-08,C1116,P3010,2,0.05,2279.96,4559.92,228.0,4331.92,2025-04-07,
SI103977,2026-06-04,C1023,P3040,10,0.1,2880.96,28809.6,2880.96,25928.64,2026-06-19,2026-06-28
SI103978,2025-05-02,C1098,P3015,9,0.05,3965.84,35692.56,1784.63,33907.93,2025-06-16,2025-07-05
SI103979,2025-12-06,C1072,P3005,6,0.05,1385.35,8312.1,415.6,7896.5,2025-12-21,2025-12-21
SI103980,2025-06-24,C1013,P3004,2,0.05,2184.56,4369.12,218.46,4150.66,2025-08-08,2025-09-09
SI103981,2026-03-27,C1023,P3058,2,0.0,226.7,453.4,0.0,453.4,2026-04-11,2026-04-11
SI103982,2025-05-16,C1057,P3028,3,0.15,925.58,2776.74,416.51,2360.23,2025-06-30,2025-07-07
SI103983,2025-01-16,C1062,P3053,1,0.08,2275.72,2275.72,182.06,2093.66,2025-02-15,2025-03-01
SI103984,2025-11-29,C1054,P3052,9,0.1,1201.09,10809.81,1080.98,9728.83,2025-12-29,2025-12-29
SI103985,2025-07-14,C1020,P3051,10,0.08,3798.59,37985.9,3038.87,34947.03,2025-07-29,2025-07-29
SI103986,2026-05-11,C1086,P3053,11,0.05,2275.72,25032.92,1251.65,23781.27,2026-06-25,2026-07-09
SI103987,2025-01-09,C1111,P3004,4,0.0,2184.56,8738.24,0.0,8738.24,2025-02-08,2025-02-18
SI103988,2025-11-30,C1052,P3015,5,0.08,3965.84,19829.2,1586.34,18242.86,2025-12-15,2025-12-29
SI103989,2025-11-29,C1023,P3017,7,0.02,1213.79,8496.53,169.93,8326.6,2025-12-14,2025-12-26
SI103990,2025-11-23,C1105,P3044,1,0.05,450.62,450.62,22.53,428.09,2025-12-23,
SI103991,2025-01-15,C1035,P3003,3,0.08,3501.32,10503.96,840.32,9663.64,2025-02-14,2025-03-12
SI103992,2025-08-14,C1067,P3010,3,0.1,2279.96,6839.88,683.99,6155.89,2025-09-13,2025-09-18
SI103993,2026-03-01,C1034,P3047,2,0.08,722.13,1444.26,115.54,1328.72,2026-04-30,2026-04-30
SI103994,2026-02-12,C1033,P3042,8,0.08,2136.42,17091.36,1367.31,15724.05,2026-03-29,
SI103995,2025-04-23,C1046,P3056,5,0.02,1862.7,9313.5,186.27,9127.23,2025-05-08,2025-05-08
SI103996,2026-03-04,C1081,P3023,1,0.05,448.2,448.2,22.41,425.79,2026-04-03,2026-04-15
SI103997,2025-01-01,C1045,P3018,2,0.0,2434.61,4869.22,0.0,4869.22,2025-01-31,2025-02-20
SI103998,2025-09-23,C1019,P3001,1,0.08,1380.63,1380.63,110.45,1270.18,2025-10-23,2025-11-07
SI103999,2026-05-06,C1094,P3035,6,0.2,1580.55,9483.3,1896.66,7586.64,2026-05-21,2026-05-31
SI104000,2025-07-27,C1087,P3053,9,0.02,2275.72,20481.48,409.63,20071.85,2025-08-26,2025-08-26
SI104001,2026-01-04,C1015,P3058,11,0.0,226.7,2493.7,0.0,2493.7,2026-02-03,2026-02-06
SI104002,2025-11-02,C1078,P3031,7,0.05,1098.22,7687.54,384.38,7303.16,2025-12-02,2025-12-02
SI104003,2025-01-12,C1066,P3059,5,0.15,578.62,2893.1,433.96,2459.14,2025-03-13,2025-04-09
SI104004,2025-12-11,C1039,P3044,3,0.08,450.62,1351.86,108.15,1243.71,2026-01-25,2026-01-25
SI104005,2026-04-10,C1113,P3001,8,0.0,1380.63,11045.04,0.0,11045.04,2026-05-25,2026-05-30
SI104006,2026-05-09,C1018,P3003,10,0.2,3501.32,35013.2,7002.64,28010.56,2026-06-23,2026-07-15
SI104007,2026-01-03,C1070,P3003,4,0.1,3501.32,14005.28,1400.53,12604.75,2026-02-02,2026-02-04
SI104008,2026-02-24,C1059,P3037,9,0.02,1078.42,9705.78,194.12,9511.66,2026-03-26,2026-04-20
SI104009,2025-06-20,C1032,P3019,5,0.15,2731.93,13659.65,2048.95,11610.7,2025-08-04,2025-08-04
SI104010,2025-05-14,C1021,P3029,6,0.05,1017.07,6102.42,305.12,5797.3,2025-06-13,2025-06-13
SI104011,2026-03-03,C1040,P3025,5,0.05,802.15,4010.75,200.54,3810.21,2026-04-17,2026-05-01
SI104012,2025-01-25,C1092,P3033,10,0.05,246.53,2465.3,123.27,2342.03,2025-03-11,2025-03-25
SI104013,2026-06-14,C1027,P3036,11,0.1,2524.78,27772.58,2777.26,24995.32,2026-07-29,2026-07-29
SI104014,2025-07-09,C1002,P3029,7,0.08,1017.07,7119.49,569.56,6549.93,2025-09-07,2025-09-07
SI104015,2025-05-21,C1097,P3058,7,0.0,226.7,1586.9,0.0,1586.9,2025-07-05,2025-07-13
SI104016,2025-11-11,C1080,P3026,1,0.2,2009.9,2009.9,401.98,1607.92,2025-12-11,
SI104017,2026-03-20,C1039,P3004,2,0.02,2184.56,4369.12,87.38,4281.74,2026-05-04,2026-05-29
SI104018,2025-11-15,C1086,P3049,7,0.1,2738.46,19169.22,1916.92,17252.3,2025-12-30,2026-01-03
SI104019,2026-03-17,C1056,P3014,8,0.08,1012.57,8100.56,648.04,7452.52,2026-04-16,
SI104020,2025-04-02,C1107,P3050,4,0.02,1957.91,7831.64,156.63,7675.01,2025-05-02,2025-05-02
SI104021,2025-06-28,C1111,P3027,6,0.02,1582.59,9495.54,189.91,9305.63,2025-07-28,2025-08-21
SI104022,2025-02-25,C1013,P3033,11,0.15,246.53,2711.83,406.77,2305.06,2025-04-11,2025-04-11
SI104023,2025-06-04,C1056,P3022,10,0.05,1625.31,16253.1,812.66,15440.44,2025-07-04,2025-07-10
SI104024,2025-04-21,C1066,P3048,3,0.08,1671.29,5013.87,401.11,4612.76,2025-06-20,2025-06-22
SI104025,2025-05-17,C1078,P3003,7,0.05,3501.32,24509.24,1225.46,23283.78,2025-06-16,2025-06-29
SI104026,2025-08-20,C1056,P3023,11,0.1,448.2,4930.2,493.02,4437.18,2025-09-19,2025-10-15
SI104027,2026-04-13,C1102,P3021,3,0.05,308.88,926.64,46.33,880.31,2026-05-13,2026-05-19
SI104028,2026-04-26,C1105,P3041,11,0.05,1655.7,18212.7,910.64,17302.06,2026-05-26,2026-05-26
SI104029,2025-03-09,C1028,P3023,7,0.05,448.2,3137.4,156.87,2980.53,2025-04-23,
SI104030,2025-09-06,C1064,P3004,11,0.15,2184.56,24030.16,3604.52,20425.64,2025-10-06,2025-10-17
SI104031,2025-11-19,C1071,P3021,11,0.05,308.88,3397.68,169.88,3227.8,2025-12-19,
SI104032,2026-06-02,C1082,P3037,8,0.02,1078.42,8627.36,172.55,8454.81,2026-07-17,2026-07-17
SI104033,2026-03-08,C1064,P3043,3,0.15,3207.57,9622.71,1443.41,8179.3,2026-04-07,2026-04-07
SI104034,2026-05-02,C1056,P3031,2,0.1,1098.22,2196.44,219.64,1976.8,2026-06-01,2026-06-06
SI104035,2026-03-05,C1041,P3021,6,0.0,308.88,1853.28,0.0,1853.28,2026-04-19,2026-04-19
SI104036,2025-09-26,C1119,P3026,4,0.2,2009.9,8039.6,1607.92,6431.68,2025-11-25,2025-11-25
SI104037,2026-06-21,C1100,P3041,8,0.08,1655.7,13245.6,1059.65,12185.95,2026-07-06,2026-08-18
SI104038,2025-05-28,C1041,P3058,2,0.02,226.7,453.4,9.07,444.33,2025-07-12,2025-07-30
SI104039,2025-04-28,C1100,P3035,4,0.02,1580.55,6322.2,126.44,6195.76,2025-05-13,2025-05-22
SI104040,2026-01-02,C1108,P3038,2,0.08,595.11,1190.22,95.22,1095.0,2026-01-17,2026-01-24
SI104041,2025-03-07,C1004,P3024,2,0.1,1395.29,2790.58,279.06,2511.52,2025-04-06,2025-04-06
SI104042,2026-01-05,C1057,P3011,2,0.02,335.11,670.22,13.4,656.82,2026-02-19,2026-03-09
SI104043,2025-06-24,C1030,P3041,1,0.02,1655.7,1655.7,33.11,1622.59,2025-07-24,2025-07-25
SI104044,2026-05-10,C1088,P3029,4,0.05,1017.07,4068.28,203.41,3864.87,2026-06-09,2026-06-09
SI104045,2025-04-24,C1084,P3047,2,0.08,722.13,1444.26,115.54,1328.72,2025-05-24,2025-05-24
SI104046,2025-04-21,C1046,P3055,9,0.02,2802.87,25225.83,504.52,24721.31,2025-05-06,2025-06-13
SI104047,2026-03-15,C1056,P3060,9,0.0,157.9,1421.1,0.0,1421.1,2026-04-14,2026-04-14
SI104048,2025-05-27,C1031,P3003,11,0.08,3501.32,38514.52,3081.16,35433.36,2025-07-11,2025-08-02
SI104049,2025-02-04,C1088,P3001,11,0.1,1380.63,15186.93,1518.69,13668.24,2025-03-06,2025-03-17
SI104050,2025-11-05,C1007,P3052,7,0.05,1201.09,8407.63,420.38,7987.25,2025-12-05,2025-12-05
SI104051,2026-06-22,C1090,P3054,6,0.05,1517.45,9104.7,455.24,8649.46,2026-07-22,2026-07-22
SI104052,2025-01-14,C1077,P3019,3,0.05,2731.93,8195.79,409.79,7786.0,2025-02-13,2025-02-13
SI104053,2026-01-09,C1054,P3046,7,0.05,2017.69,14123.83,706.19,13417.64,2026-02-08,2026-03-06
SI104054,2026-03-04,C1008,P3049,1,0.2,2738.46,2738.46,547.69,2190.77,2026-05-03,2026-05-04
SI104055,2025-08-21,C1055,P3022,9,0.1,1625.31,14627.79,1462.78,13165.01,2025-09-05,2025-09-06
SI104056,2026-03-16,C1069,P3014,4,0.02,1012.57,4050.28,81.01,3969.27,2026-04-30,2026-04-30
SI104057,2026-05-17,C1044,P3049,6,0.05,2738.46,16430.76,821.54,15609.22,2026-06-01,2026-06-01
SI104058,2025-10-02,C1013,P3057,6,0.08,339.43,2036.58,162.93,1873.65,2025-11-16,2025-11-26
SI104059,2025-03-17,C1093,P3059,11,0.08,578.62,6364.82,509.19,5855.63,2025-04-01,
SI104060,2026-03-15,C1020,P3014,3,0.05,1012.57,3037.71,151.89,2885.82,2026-03-30,2026-04-09
SI104061,2025-10-16,C1078,P3044,4,0.1,450.62,1802.48,180.25,1622.23,2025-11-15,2025-11-15
SI104062,2026-06-24,C1032,P3016,11,0.1,2713.06,29843.66,2984.37,26859.29,2026-08-08,2026-08-08
SI104063,2025-09-10,C1060,P3033,10,0.05,246.53,2465.3,123.27,2342.03,2025-09-25,2025-09-27
SI104064,2025-05-06,C1050,P3013,3,0.15,791.6,2374.8,356.22,2018.58,2025-06-05,2025-06-08
SI104065,2025-06-26,C1027,P3038,6,0.1,595.11,3570.66,357.07,3213.59,2025-08-10,2025-08-22
SI104066,2025-02-06,C1120,P3049,1,0.1,2738.46,2738.46,273.85,2464.61,2025-03-08,2025-03-08
SI104067,2026-02-14,C1025,P3012,8,0.2,626.03,5008.24,1001.65,4006.59,2026-03-31,2026-05-02
SI104068,2025-05-07,C1052,P3055,8,0.02,2802.87,22422.96,448.46,21974.5,2025-05-22,2025-05-30
SI104069,2026-04-28,C1068,P3051,9,0.02,3798.59,34187.31,683.75,33503.56,2026-05-28,2026-05-31
SI104070,2025-06-17,C1021,P3038,6,0.15,595.11,3570.66,535.6,3035.06,2025-07-17,2025-07-17
SI104071,2025-10-21,C1018,P3039,1,0.1,380.94,380.94,38.09,342.85,2025-12-05,2025-12-17
SI104072,2025-12-09,C1039,P3033,3,0.15,246.53,739.59,110.94,628.65,2026-01-23,2026-01-23
SI104073,2025-11-06,C1015,P3033,1,0.0,246.53,246.53,0.0,246.53,2025-12-06,
SI104074,2026-06-12,C1053,P3029,5,0.08,1017.07,5085.35,406.83,4678.52,2026-07-27,2026-08-20
SI104075,2026-06-24,C1038,P3005,3,0.02,1385.35,4156.05,83.12,4072.93,2026-07-24,
SI104076,2026-02-23,C1048,P3006,2,0.05,269.22,538.44,26.92,511.52,2026-03-25,
SI104077,2026-03-20,C1052,P3031,3,0.02,1098.22,3294.66,65.89,3228.77,2026-04-04,2026-04-21
SI104078,2025-08-24,C1088,P3016,9,0.02,2713.06,24417.54,488.35,23929.19,2025-09-23,2025-09-23
SI104079,2026-03-15,C1072,P3031,11,0.0,1098.22,12080.42,0.0,12080.42,2026-03-30,2026-04-17
SI104080,2025-08-02,C1028,P3025,8,0.08,802.15,6417.2,513.38,5903.82,2025-09-16,
SI104081,2025-03-26,C1085,P3048,3,0.05,1671.29,5013.87,250.69,4763.18,2025-05-25,2025-05-28
SI104082,2025-03-26,C1016,P3046,11,0.0,2017.69,22194.59,0.0,22194.59,2025-04-25,2025-04-28
SI104083,2026-05-04,C1118,P3033,2,0.05,246.53,493.06,24.65,468.41,2026-06-03,2026-07-09
SI104084,2025-03-06,C1016,P3013,5,0.02,791.6,3958.0,79.16,3878.84,2025-04-05,2025-04-28
SI104085,2025-03-05,C1035,P3052,1,0.2,1201.09,1201.09,240.22,960.87,2025-04-04,2025-04-10
SI104086,2025-12-09,C1017,P3010,4,0.05,2279.96,9119.84,455.99,8663.85,2026-02-07,
SI104087,2025-12-18,C1073,P3024,8,0.05,1395.29,11162.32,558.12,10604.2,2026-01-02,
SI104088,2025-06-07,C1099,P3010,1,0.1,2279.96,2279.96,228.0,2051.96,2025-07-07,2025-07-07
SI104089,2026-05-06,C1052,P3041,5,0.08,1655.7,8278.5,662.28,7616.22,2026-05-21,
SI104090,2026-04-08,C1093,P3031,4,0.08,1098.22,4392.88,351.43,4041.45,2026-04-23,2026-04-23
SI104091,2025-08-13,C1103,P3013,6,0.08,791.6,4749.6,379.97,4369.63,2025-09-12,2025-09-12
SI104092,2025-11-09,C1082,P3003,7,0.2,3501.32,24509.24,4901.85,19607.39,2025-12-24,2026-01-08
SI104093,2026-04-11,C1012,P3059,9,0.02,578.62,5207.58,104.15,5103.43,2026-05-11,2026-05-19
SI104094,2025-03-29,C1083,P3050,1,0.2,1957.91,1957.91,391.58,1566.33,2025-05-13,2025-05-14
SI104095,2025-10-30,C1048,P3052,11,0.1,1201.09,13211.99,1321.2,11890.79,2025-11-29,
SI104096,2026-03-11,C1022,P3034,10,0.08,1214.64,12146.4,971.71,11174.69,2026-05-10,2026-05-10
SI104097,2025-05-15,C1120,P3049,4,0.08,2738.46,10953.84,876.31,10077.53,2025-06-14,2025-06-14
SI104098,2025-02-19,C1049,P3028,6,0.08,925.58,5553.48,444.28,5109.2,2025-03-21,
SI104099,2026-03-08,C1052,P3019,10,0.0,2731.93,27319.3,0.0,27319.3,2026-03-23,2026-04-04
SI104100,2025-12-06,C1079,P3023,7,0.02,448.2,3137.4,62.75,3074.65,2026-01-05,2026-01-05
SI104101,2025-12-13,C1001,P3045,7,0.2,2906.1,20342.7,4068.54,16274.16,2026-02-11,2026-02-15
SI104102,2025-12-13,C1066,P3032,8,0.08,1742.31,13938.48,1115.08,12823.4,2026-02-11,2026-02-25
SI104103,2025-09-02,C1064,P3013,10,0.05,791.6,7916.0,395.8,7520.2,2025-10-02,2025-10-20
SI104104,2025-04-19,C1008,P3033,8,0.1,246.53,1972.24,197.22,1775.02,2025-06-18,
SI104105,2026-06-17,C1086,P3034,8,0.08,1214.64,9717.12,777.37,8939.75,2026-08-01,2026-08-09
SI104106,2025-03-31,C1025,P3033,8,0.0,246.53,1972.24,0.0,1972.24,2025-05-15,2025-05-15
SI104107,2025-10-23,C1066,P3056,8,0.1,1862.7,14901.6,1490.16,13411.44,2025-12-22,2026-01-12
SI104108,2025-04-22,C1115,P3005,6,0.1,1385.35,8312.1,831.21,7480.89,2025-05-07,2025-05-09
SI104109,2025-06-26,C1073,P3056,9,0.02,1862.7,16764.3,335.29,16429.01,2025-07-11,2025-07-16
SI104110,2025-12-09,C1073,P3003,3,0.2,3501.32,10503.96,2100.79,8403.17,2025-12-24,2026-01-14
SI104111,2025-04-11,C1077,P3060,6,0.02,157.9,947.4,18.95,928.45,2025-05-11,2025-05-27
SI104112,2026-02-05,C1070,P3007,5,0.05,3525.77,17628.85,881.44,16747.41,2026-03-07,2026-03-13
SI104113,2025-01-28,C1094,P3024,8,0.0,1395.29,11162.32,0.0,11162.32,2025-02-12,2025-03-17
SI104114,2026-06-21,C1079,P3022,4,0.08,1625.31,6501.24,520.1,5981.14,2026-07-21,2026-08-19
SI104115,2025-02-27,C1051,P3045,4,0.05,2906.1,11624.4,581.22,11043.18,2025-03-14,2025-03-16
SI104116,2026-05-13,C1053,P3023,10,0.05,448.2,4482.0,224.1,4257.9,2026-06-27,2026-07-10
SI104117,2025-10-24,C1015,P3030,11,0.1,1311.58,14427.38,1442.74,12984.64,2025-11-23,2025-12-21
SI104118,2025-05-14,C1050,P3060,10,0.0,157.9,1579.0,0.0,1579.0,2025-06-13,2025-06-28
SI104119,2025-11-27,C1071,P3018,5,0.1,2434.61,12173.05,1217.3,10955.75,2025-12-27,2025-12-27
SI104120,2025-09-06,C1075,P3032,11,0.08,1742.31,19165.41,1533.23,17632.18,2025-10-21,2025-10-26
SI104121,2025-03-16,C1104,P3056,6,0.2,1862.7,11176.2,2235.24,8940.96,2025-04-15,2025-04-28
SI104122,2025-06-17,C1038,P3053,11,0.08,2275.72,25032.92,2002.63,23030.29,2025-07-17,2025-08-06
SI104123,2026-05-18,C1040,P3007,4,0.0,3525.77,14103.08,0.0,14103.08,2026-07-02,2026-07-02
SI104124,2025-12-21,C1066,P3033,2,0.0,246.53,493.06,0.0,493.06,2026-02-19,2026-02-23
SI104125,2025-08-13,C1115,P3005,2,0.15,1385.35,2770.7,415.6,2355.1,2025-08-28,2025-09-06
SI104126,2026-06-15,C1112,P3049,3,0.15,2738.46,8215.38,1232.31,6983.07,2026-07-30,2026-08-27
SI104127,2025-05-26,C1039,P3028,2,0.05,925.58,1851.16,92.56,1758.6,2025-07-10,2025-07-24
SI104128,2025-08-29,C1074,P3008,1,0.08,3538.95,3538.95,283.12,3255.83,2025-10-28,2025-11-08
SI104129,2025-12-10,C1108,P3015,8,0.05,3965.84,31726.72,1586.34,30140.38,2025-12-25,2025-12-25
SI104130,2025-02-04,C1017,P3052,5,0.2,1201.09,6005.45,1201.09,4804.36,2025-04-05,2025-04-20
SI104131,2025-01-01,C1007,P3004,10,0.2,2184.56,21845.6,4369.12,17476.48,2025-01-31,2025-02-07
SI104132,2025-06-02,C1118,P3034,1,0.2,1214.64,1214.64,242.93,971.71,2025-07-02,2025-07-16
SI104133,2026-03-05,C1104,P3005,9,0.15,1385.35,12468.15,1870.22,10597.93,2026-04-04,2026-04-09
SI104134,2026-05-23,C1039,P3033,8,0.15,246.53,1972.24,295.84,1676.4,2026-07-07,2026-07-07
SI104135,2025-05-06,C1068,P3057,4,0.02,339.43,1357.72,27.15,1330.57,2025-06-05,2025-06-05
SI104136,2026-05-06,C1035,P3005,8,0.1,1385.35,11082.8,1108.28,9974.52,2026-06-05,2026-07-07
SI104137,2026-04-27,C1051,P3038,10,0.08,595.11,5951.1,476.09,5475.01,2026-05-12,2026-05-13
SI104138,2025-12-11,C1047,P3034,7,0.2,1214.64,8502.48,1700.5,6801.98,2026-01-10,2026-01-15
SI104139,2025-08-09,C1036,P3058,11,0.08,226.7,2493.7,199.5,2294.2,2025-09-08,2025-09-23
SI104140,2025-01-25,C1064,P3026,11,0.0,2009.9,22108.9,0.0,22108.9,2025-02-24,
SI104141,2026-06-12,C1095,P3001,7,0.08,1380.63,9664.41,773.15,8891.26,2026-06-27,2026-06-27
SI104142,2025-07-01,C1089,P3004,1,0.08,2184.56,2184.56,174.76,2009.8,2025-07-31,2025-07-31
SI104143,2026-05-14,C1105,P3039,6,0.02,380.94,2285.64,45.71,2239.93,2026-06-13,2026-06-21
SI104144,2025-02-11,C1013,P3054,4,0.05,1517.45,6069.8,303.49,5766.31,2025-03-28,2025-04-09
SI104145,2026-04-26,C1018,P3026,10,0.08,2009.9,20099.0,1607.92,18491.08,2026-06-10,
SI104146,2026-03-15,C1021,P3033,10,0.05,246.53,2465.3,123.27,2342.03,2026-04-14,2026-04-18
SI104147,2026-02-06,C1112,P3033,10,0.05,246.53,2465.3,123.27,2342.03,2026-03-23,2026-04-05
SI104148,2026-06-30,C1065,P3008,11,0.02,3538.95,38928.45,778.57,38149.88,2026-08-14,2026-08-14
SI104149,2025-12-11,C1100,P3020,2,0.2,3394.02,6788.04,1357.61,5430.43,2025-12-26,2025-12-29
SI104150,2025-02-14,C1114,P3016,10,0.1,2713.06,27130.6,2713.06,24417.54,2025-03-16,2025-03-16
SI104151,2025-01-21,C1008,P3021,7,0.0,308.88,2162.16,0.0,2162.16,2025-03-22,2025-03-22
SI104152,2025-03-11,C1116,P3045,9,0.1,2906.1,26154.9,2615.49,23539.41,2025-04-10,
SI104153,2025-02-17,C1048,P3055,5,0.1,2802.87,14014.35,1401.44,12612.91,2025-03-19,2025-04-06
SI104154,2026-05-06,C1085,P3056,8,0.0,1862.7,14901.6,0.0,14901.6,2026-07-05,2026-07-05
SI104155,2025-10-14,C1043,P3026,5,0.05,2009.9,10049.5,502.48,9547.02,2025-11-13,2025-11-30
SI104156,2025-01-10,C1116,P3023,7,0.08,448.2,3137.4,250.99,2886.41,2025-02-09,2025-02-16
SI104157,2026-06-26,C1053,P3018,7,0.05,2434.61,17042.27,852.11,16190.16,2026-08-10,
SI104158,2025-10-01,C1117,P3031,9,0.1,1098.22,9883.98,988.4,8895.58,2025-10-16,2025-10-16
SI104159,2026-01-16,C1085,P3052,3,0.05,1201.09,3603.27,180.16,3423.11,2026-03-17,2026-04-05
SI104160,2025-11-25,C1027,P3042,1,0.02,2136.42,2136.42,42.73,2093.69,2026-01-09,2026-01-31
SI104161,2026-04-24,C1019,P3012,2,0.2,626.03,1252.06,250.41,1001.65,2026-05-24,2026-05-24
SI104162,2025-01-15,C1023,P3001,6,0.02,1380.63,8283.78,165.68,8118.1,2025-01-30,2025-02-14
SI104163,2026-05-31,C1115,P3042,10,0.08,2136.42,21364.2,1709.14,19655.06,2026-06-15,2026-06-23
SI104164,2025-07-10,C1050,P3009,10,0.02,939.78,9397.8,187.96,9209.84,2025-08-09,2025-08-09
SI104165,2025-06-17,C1051,P3003,9,0.05,3501.32,31511.88,1575.59,29936.29,2025-07-02,2025-07-02
SI104166,2026-06-05,C1043,P3060,3,0.05,157.9,473.7,23.68,450.02,2026-07-05,2026-07-25
SI104167,2025-05-17,C1099,P3051,10,0.02,3798.59,37985.9,759.72,37226.18,2025-06-16,2025-06-16
SI104168,2025-06-03,C1104,P3026,2,0.05,2009.9,4019.8,200.99,3818.81,2025-07-03,2025-07-30
SI104169,2026-01-23,C1116,P3009,11,0.02,939.78,10337.58,206.75,10130.83,2026-02-22,
SI104170,2025-07-28,C1051,P3042,1,0.08,2136.42,2136.42,170.91,1965.51,2025-08-12,2025-09-22
SI104171,2025-09-29,C1106,P3051,2,0.08,3798.59,7597.18,607.77,6989.41,2025-10-29,
SI104172,2025-05-23,C1112,P3016,3,0.0,2713.06,8139.18,0.0,8139.18,2025-07-07,2025-07-19
SI104173,2025-03-10,C1069,P3024,7,0.15,1395.29,9767.03,1465.05,8301.98,2025-04-24,2025-05-12
SI104174,2025-09-04,C1116,P3050,2,0.02,1957.91,3915.82,78.32,3837.5,2025-10-04,2025-10-22
SI104175,2025-09-18,C1041,P3014,5,0.02,1012.57,5062.85,101.26,4961.59,2025-11-02,2025-11-21
SI104176,2025-03-20,C1072,P3003,2,0.08,3501.32,7002.64,560.21,6442.43,2025-04-04,2025-04-20
SI104177,2026-06-09,C1011,P3034,7,0.05,1214.64,8502.48,425.12,8077.36,2026-07-09,2026-07-12
SI104178,2025-11-26,C1080,P3033,10,0.05,246.53,2465.3,123.27,2342.03,2025-12-26,2025-12-26
SI104179,2025-07-08,C1103,P3050,8,0.02,1957.91,15663.28,313.27,15350.01,2025-08-07,2025-08-13
SI104180,2025-04-05,C1111,P3024,8,0.1,1395.29,11162.32,1116.23,10046.09,2025-05-05,2025-05-05
SI104181,2025-01-08,C1088,P3009,8,0.08,939.78,7518.24,601.46,6916.78,2025-02-07,
SI104182,2025-03-08,C1085,P3013,10,0.02,791.6,7916.0,158.32,7757.68,2025-05-07,2025-05-26
SI104183,2026-05-11,C1052,P3002,9,0.05,3041.97,27377.73,1368.89,26008.84,2026-05-26,2026-05-26
SI104184,2025-07-10,C1023,P3007,1,0.1,3525.77,3525.77,352.58,3173.19,2025-07-25,
SI104185,2026-01-01,C1049,P3048,1,0.08,1671.29,1671.29,133.7,1537.59,2026-01-31,2026-02-06
SI104186,2026-06-05,C1038,P3021,10,0.0,308.88,3088.8,0.0,3088.8,2026-07-05,2026-07-09
SI104187,2025-04-27,C1047,P3019,2,0.05,2731.93,5463.86,273.19,5190.67,2025-05-27,2025-06-11
SI104188,2025-09-24,C1072,P3025,11,0.02,802.15,8823.65,176.47,8647.18,2025-10-09,2025-11-12
SI104189,2026-04-30,C1007,P3047,6,0.05,722.13,4332.78,216.64,4116.14,2026-05-30,2026-05-30
SI104190,2026-05-24,C1066,P3022,1,0.15,1625.31,1625.31,243.8,1381.51,2026-07-23,2026-07-23
SI104191,2025-10-25,C1094,P3011,5,0.05,335.11,1675.55,83.78,1591.77,2025-11-09,2025-11-09
SI104192,2025-06-13,C1077,P3033,5,0.05,246.53,1232.65,61.63,1171.02,2025-07-13,2025-07-13
SI104193,2026-01-11,C1062,P3032,4,0.15,1742.31,6969.24,1045.39,5923.85,2026-02-10,2026-02-20
SI104194,2025-09-25,C1087,P3021,11,0.08,308.88,3397.68,271.81,3125.87,2025-10-25,2025-11-02
SI104195,2025-03-15,C1029,P3039,5,0.08,380.94,1904.7,152.38,1752.32,2025-04-14,2025-04-26
SI104196,2026-05-23,C1038,P3020,1,0.02,3394.02,3394.02,67.88,3326.14,2026-06-22,
SI104197,2025-03-14,C1101,P3008,11,0.08,3538.95,38928.45,3114.28,35814.17,2025-04-13,2025-04-25
SI104198,2025-11-04,C1084,P3042,11,0.08,2136.42,23500.62,1880.05,21620.57,2025-12-04,2026-01-07
SI104199,2025-07-18,C1033,P3037,6,0.05,1078.42,6470.52,323.53,6146.99,2025-09-01,
SI104200,2025-05-10,C1029,P3009,7,0.2,939.78,6578.46,1315.69,5262.77,2025-06-09,2025-06-10
SI104201,2026-05-02,C1114,P3025,8,0.15,802.15,6417.2,962.58,5454.62,2026-06-01,2026-07-06
SI104202,2025-05-31,C1079,P3025,2,0.1,802.15,1604.3,160.43,1443.87,2025-06-30,2025-06-30
SI104203,2025-07-25,C1023,P3033,7,0.08,246.53,1725.71,138.06,1587.65,2025-08-09,2025-08-14
SI104204,2025-06-28,C1106,P3002,6,0.05,3041.97,18251.82,912.59,17339.23,2025-07-28,2025-08-06
SI104205,2025-07-16,C1003,P3019,9,0.02,2731.93,24587.37,491.75,24095.62,2025-09-14,2025-09-22
SI104206,2025-03-30,C1101,P3046,8,0.05,2017.69,16141.52,807.08,15334.44,2025-04-29,2025-05-07
SI104207,2026-03-10,C1120,P3020,11,0.1,3394.02,37334.22,3733.42,33600.8,2026-04-09,2026-04-19
SI104208,2025-07-02,C1093,P3042,4,0.05,2136.42,8545.68,427.28,8118.4,2025-07-17,2025-07-23
SI104209,2025-07-28,C1045,P3041,9,0.15,1655.7,14901.3,2235.19,12666.11,2025-08-27,2025-08-27
SI104210,2026-05-08,C1008,P3042,1,0.02,2136.42,2136.42,42.73,2093.69,2026-07-07,2026-07-16
SI104211,2025-05-10,C1086,P3029,11,0.05,1017.07,11187.77,559.39,10628.38,2025-06-24,2025-07-01
SI104212,2025-01-13,C1117,P3006,6,0.08,269.22,1615.32,129.23,1486.09,2025-01-28,2025-02-08
SI104213,2025-04-16,C1029,P3017,8,0.05,1213.79,9710.32,485.52,9224.8,2025-05-16,2025-06-03
SI104214,2026-01-10,C1002,P3060,11,0.15,157.9,1736.9,260.54,1476.36,2026-03-11,2026-03-20
SI104215,2025-04-09,C1105,P3025,11,0.2,802.15,8823.65,1764.73,7058.92,2025-05-09,2025-05-09
SI104216,2025-07-11,C1113,P3038,4,0.0,595.11,2380.44,0.0,2380.44,2025-08-25,2025-08-25
SI104217,2025-11-21,C1050,P3004,2,0.02,2184.56,4369.12,87.38,4281.74,2025-12-21,2026-01-09
SI104218,2026-04-12,C1109,P3030,11,0.02,1311.58,14427.38,288.55,14138.83,2026-05-12,2026-05-31
SI104219,2026-01-02,C1065,P3020,2,0.08,3394.02,6788.04,543.04,6245.0,2026-02-16,2026-02-23
SI104220,2025-11-14,C1108,P3003,10,0.05,3501.32,35013.2,1750.66,33262.54,2025-11-29,2025-11-29
SI104221,2025-05-24,C1020,P3023,1,0.1,448.2,448.2,44.82,403.38,2025-06-08,2025-07-14
SI104222,2026-01-19,C1052,P3051,5,0.05,3798.59,18992.95,949.65,18043.3,2026-02-03,2026-02-17
SI104223,2025-08-04,C1085,P3018,6,0.08,2434.61,14607.66,1168.61,13439.05,2025-10-03,
SI104224,2025-12-27,C1037,P3026,4,0.1,2009.9,8039.6,803.96,7235.64,2026-02-10,2026-03-07
SI104225,2025-11-20,C1072,P3056,4,0.08,1862.7,7450.8,596.06,6854.74,2025-12-05,2025-12-18
SI104226,2025-01-15,C1027,P3036,5,0.08,2524.78,12623.9,1009.91,11613.99,2025-03-01,2025-03-02
SI104227,2025-08-05,C1047,P3008,5,0.0,3538.95,17694.75,0.0,17694.75,2025-09-04,2025-09-22
SI104228,2026-05-07,C1099,P3017,9,0.05,1213.79,10924.11,546.21,10377.9,2026-06-06,2026-06-22
SI104229,2026-07-01,C1006,P3031,8,0.08,1098.22,8785.76,702.86,8082.9,2026-08-30,
SI104230,2025-07-02,C1060,P3037,9,0.05,1078.42,9705.78,485.29,9220.49,2025-07-17,2025-07-17
SI104231,2025-09-27,C1045,P3045,3,0.15,2906.1,8718.3,1307.74,7410.56,2025-10-27,2025-10-27
SI104232,2026-04-12,C1044,P3057,3,0.15,339.43,1018.29,152.74,865.55,2026-04-27,2026-04-27
SI104233,2026-06-03,C1083,P3033,1,0.1,246.53,246.53,24.65,221.88,2026-07-18,2026-09-01
SI104234,2026-06-26,C1018,P3027,10,0.05,1582.59,15825.9,791.3,15034.6,2026-08-10,2026-08-14
SI104235,2026-04-12,C1120,P3045,6,0.08,2906.1,17436.6,1394.93,16041.67,2026-05-12,2026-05-18
SI104236,2025-11-01,C1065,P3004,4,0.05,2184.56,8738.24,436.91,8301.33,2025-12-16,2025-12-27
SI104237,2025-05-24,C1025,P3022,11,0.02,1625.31,17878.41,357.57,17520.84,2025-07-08,2025-07-08
SI104238,2025-04-21,C1027,P3026,8,0.05,2009.9,16079.2,803.96,15275.24,2025-06-05,2025-06-20
SI104239,2025-08-20,C1007,P3032,2,0.0,1742.31,3484.62,0.0,3484.62,2025-09-19,2025-09-19
SI104240,2026-05-15,C1044,P3024,11,0.05,1395.29,15348.19,767.41,14580.78,2026-05-30,2026-06-21
SI104241,2025-09-30,C1106,P3046,2,0.05,2017.69,4035.38,201.77,3833.61,2025-10-30,2025-10-31
SI104242,2025-06-22,C1029,P3035,7,0.2,1580.55,11063.85,2212.77,8851.08,2025-07-22,
SI104243,2025-01-07,C1095,P3037,5,0.05,1078.42,5392.1,269.6,5122.5,2025-01-22,
SI104244,2025-06-04,C1044,P3032,1,0.15,1742.31,1742.31,261.35,1480.96,2025-06-19,2025-06-19
SI104245,2026-06-06,C1107,P3007,7,0.02,3525.77,24680.39,493.61,24186.78,2026-07-06,2026-07-28
SI104246,2026-06-30,C1036,P3033,7,0.02,246.53,1725.71,34.51,1691.2,2026-07-30,2026-08-04
SI104247,2026-07-02,C1019,P3031,10,0.05,1098.22,10982.2,549.11,10433.09,2026-08-01,2026-08-11
SI104248,2026-06-02,C1006,P3055,6,0.08,2802.87,16817.22,1345.38,15471.84,2026-08-01,2026-08-08
SI104249,2025-08-03,C1025,P3012,4,0.0,626.03,2504.12,0.0,2504.12,2025-09-17,
SI104250,2025-05-14,C1031,P3011,8,0.02,335.11,2680.88,53.62,2627.26,2025-06-28,2025-07-02
SI104251,2025-10-12,C1009,P3024,11,0.05,1395.29,15348.19,767.41,14580.78,2025-12-11,2025-12-23
SI104252,2025-05-06,C1084,P3008,2,0.05,3538.95,7077.9,353.9,6724.0,2025-06-05,2025-06-05
SI104253,2026-03-15,C1074,P3032,2,0.08,1742.31,3484.62,278.77,3205.85,2026-05-14,2026-05-26
SI104254,2025-06-01,C1037,P3057,2,0.05,339.43,678.86,33.94,644.92,2025-07-16,2025-07-17
SI104255,2025-11-27,C1027,P3038,3,0.02,595.11,1785.33,35.71,1749.62,2026-01-11,2026-01-15
SI104256,2026-06-22,C1013,P3060,6,0.15,157.9,947.4,142.11,805.29,2026-08-06,2026-08-09
SI104257,2026-01-18,C1041,P3022,1,0.05,1625.31,1625.31,81.27,1544.04,2026-03-04,
SI104258,2025-04-25,C1066,P3034,11,0.1,1214.64,13361.04,1336.1,12024.94,2025-06-24,2025-07-03
SI104259,2026-04-27,C1114,P3019,2,0.1,2731.93,5463.86,546.39,4917.47,2026-05-27,2026-06-07
SI104260,2025-10-11,C1085,P3052,10,0.2,1201.09,12010.9,2402.18,9608.72,2025-12-10,2025-12-10
SI104261,2025-03-16,C1097,P3020,2,0.05,3394.02,6788.04,339.4,6448.64,2025-04-30,2025-05-05
SI104262,2025-06-15,C1024,P3056,1,0.08,1862.7,1862.7,149.02,1713.68,2025-07-15,2025-07-16
SI104263,2025-07-08,C1117,P3014,3,0.05,1012.57,3037.71,151.89,2885.82,2025-07-23,2025-09-01
SI104264,2025-03-19,C1044,P3033,10,0.08,246.53,2465.3,197.22,2268.08,2025-04-03,2025-04-09
SI104265,2025-01-21,C1106,P3010,7,0.05,2279.96,15959.72,797.99,15161.73,2025-02-20,2025-02-20
SI104266,2025-07-03,C1098,P3016,1,0.05,2713.06,2713.06,135.65,2577.41,2025-08-17,2025-08-30
SI104267,2025-08-10,C1060,P3004,7,0.15,2184.56,15291.92,2293.79,12998.13,2025-08-25,2025-09-04
SI104268,2025-11-24,C1009,P3027,5,0.0,1582.59,7912.95,0.0,7912.95,2026-01-23,2026-01-23
SI104269,2025-06-28,C1002,P3028,9,0.15,925.58,8330.22,1249.53,7080.69,2025-08-27,2025-08-28
SI104270,2025-04-22,C1119,P3043,2,0.15,3207.57,6415.14,962.27,5452.87,2025-06-21,2025-06-22
SI104271,2025-02-28,C1056,P3016,1,0.05,2713.06,2713.06,135.65,2577.41,2025-03-30,2025-04-15
SI104272,2025-11-23,C1030,P3059,9,0.05,578.62,5207.58,260.38,4947.2,2025-12-23,2026-01-19
SI104273,2025-07-10,C1022,P3052,8,0.05,1201.09,9608.72,480.44,9128.28,2025-09-08,2025-09-19
SI104274,2025-07-19,C1110,P3033,10,0.2,246.53,2465.3,493.06,1972.24,2025-08-18,2025-08-18
SI104275,2025-11-08,C1075,P3048,6,0.0,1671.29,10027.74,0.0,10027.74,2025-12-23,2025-12-30
SI104276,2025-02-04,C1119,P3019,5,0.08,2731.93,13659.65,1092.77,12566.88,2025-04-05,2025-04-22
SI104277,2026-01-14,C1107,P3021,8,0.08,308.88,2471.04,197.68,2273.36,2026-02-13,2026-02-13
SI104278,2026-01-22,C1081,P3022,8,0.15,1625.31,13002.48,1950.37,11052.11,2026-02-21,2026-03-19
SI104279,2025-08-25,C1100,P3009,5,0.1,939.78,4698.9,469.89,4229.01,2025-09-09,2025-09-20
SI104280,2026-06-03,C1013,P3009,7,0.08,939.78,6578.46,526.28,6052.18,2026-07-18,2026-07-18
SI104281,2025-10-10,C1071,P3009,1,0.0,939.78,939.78,0.0,939.78,2025-11-09,2025-11-10
SI104282,2025-01-01,C1016,P3027,4,0.05,1582.59,6330.36,316.52,6013.84,2025-01-31,2025-01-31
SI104283,2026-04-09,C1097,P3017,2,0.02,1213.79,2427.58,48.55,2379.03,2026-05-24,2026-06-10
SI104284,2025-08-18,C1045,P3044,10,0.15,450.62,4506.2,675.93,3830.27,2025-09-17,2025-09-17
SI104285,2025-06-21,C1065,P3057,3,0.1,339.43,1018.29,101.83,916.46,2025-08-05,2025-08-17
SI104286,2025-03-28,C1011,P3045,1,0.1,2906.1,2906.1,290.61,2615.49,2025-04-27,2025-05-03
SI104287,2025-05-03,C1070,P3008,11,0.08,3538.95,38928.45,3114.28,35814.17,2025-06-02,2025-06-06
SI104288,2025-10-25,C1020,P3016,11,0.05,2713.06,29843.66,1492.18,28351.48,2025-11-09,2025-12-19
SI104289,2026-04-29,C1099,P3018,2,0.02,2434.61,4869.22,97.38,4771.84,2026-05-29,2026-05-29
SI104290,2025-06-14,C1108,P3059,1,0.05,578.62,578.62,28.93,549.69,2025-06-29,2025-07-01
SI104291,2026-01-18,C1063,P3033,8,0.02,246.53,1972.24,39.44,1932.8,2026-02-17,2026-02-17
SI104292,2025-07-28,C1101,P3001,4,0.1,1380.63,5522.52,552.25,4970.27,2025-08-27,2025-08-27
SI104293,2026-03-08,C1105,P3012,3,0.02,626.03,1878.09,37.56,1840.53,2026-04-07,2026-04-07
SI104294,2026-01-24,C1090,P3006,1,0.08,269.22,269.22,21.54,247.68,2026-02-23,2026-02-27
SI104295,2025-08-12,C1012,P3041,2,0.08,1655.7,3311.4,264.91,3046.49,2025-09-11,2025-09-11
SI104296,2025-01-03,C1062,P3055,3,0.05,2802.87,8408.61,420.43,7988.18,2025-02-02,2025-02-15
SI104297,2026-01-07,C1094,P3005,3,0.02,1385.35,4156.05,83.12,4072.93,2026-01-22,2026-01-24
SI104298,2026-03-22,C1092,P3059,6,0.05,578.62,3471.72,173.59,3298.13,2026-05-06,2026-05-07
SI104299,2025-04-26,C1091,P3016,10,0.05,2713.06,27130.6,1356.53,25774.07,2025-05-26,
SI104300,2025-09-27,C1042,P3018,8,0.08,2434.61,19476.88,1558.15,17918.73,2025-10-27,2025-10-30
SI104301,2026-03-23,C1083,P3049,6,0.0,2738.46,16430.76,0.0,16430.76,2026-05-07,2026-05-07
SI104302,2026-01-03,C1069,P3018,2,0.1,2434.61,4869.22,486.92,4382.3,2026-02-17,2026-02-17
SI104303,2025-09-10,C1058,P3001,2,0.1,1380.63,2761.26,276.13,2485.13,2025-10-10,2025-10-24
SI104304,2025-11-13,C1005,P3019,7,0.02,2731.93,19123.51,382.47,18741.04,2025-11-28,
SI104305,2026-02-19,C1105,P3054,1,0.08,1517.45,1517.45,121.4,1396.05,2026-03-21,2026-03-21
SI104306,2025-04-05,C1027,P3008,1,0.08,3538.95,3538.95,283.12,3255.83,2025-05-20,2025-05-28
SI104307,2025-01-24,C1028,P3003,7,0.1,3501.32,24509.24,2450.92,22058.32,2025-03-10,2025-03-17
SI104308,2025-02-19,C1026,P3058,9,0.02,226.7,2040.3,40.81,1999.49,2025-04-05,2025-04-05
SI104309,2026-05-17,C1091,P3025,5,0.02,802.15,4010.75,80.22,3930.53,2026-06-16,2026-06-28
SI104310,2026-05-13,C1116,P3058,11,0.02,226.7,2493.7,49.87,2443.83,2026-06-12,2026-06-21
SI104311,2025-12-01,C1049,P3005,1,0.05,1385.35,1385.35,69.27,1316.08,2025-12-31,2026-01-06
SI104312,2025-03-20,C1106,P3055,5,0.1,2802.87,14014.35,1401.44,12612.91,2025-04-19,
SI104313,2025-01-27,C1021,P3040,11,0.1,2880.96,31690.56,3169.06,28521.5,2025-02-26,2025-02-26
SI104314,2025-09-28,C1001,P3019,1,0.15,2731.93,2731.93,409.79,2322.14,2025-11-27,2025-11-29
SI104315,2025-09-04,C1118,P3018,10,0.0,2434.61,24346.1,0.0,24346.1,2025-10-04,
SI104316,2026-01-22,C1092,P3050,9,0.0,1957.91,17621.19,0.0,17621.19,2026-03-08,
SI104317,2025-12-27,C1112,P3053,4,0.08,2275.72,9102.88,728.23,8374.65,2026-02-10,2026-02-23
SI104318,2026-05-03,C1058,P3031,9,0.05,1098.22,9883.98,494.2,9389.78,2026-06-02,2026-06-15
SI104319,2025-12-18,C1079,P3033,2,0.05,246.53,493.06,24.65,468.41,2026-01-17,2026-01-17
SI104320,2025-09-13,C1055,P3047,7,0.08,722.13,5054.91,404.39,4650.52,2025-09-28,2025-11-03
SI104321,2025-08-10,C1081,P3018,2,0.0,2434.61,4869.22,0.0,4869.22,2025-09-09,2025-10-23
SI104322,2025-01-01,C1026,P3057,4,0.08,339.43,1357.72,108.62,1249.1,2025-02-15,2025-02-16
SI104323,2026-06-30,C1084,P3039,6,0.05,380.94,2285.64,114.28,2171.36,2026-07-30,2026-08-10
SI104324,2026-03-22,C1025,P3016,2,0.08,2713.06,5426.12,434.09,4992.03,2026-05-06,2026-05-06
SI104325,2025-03-20,C1077,P3016,2,0.1,2713.06,5426.12,542.61,4883.51,2025-04-19,2025-04-19
SI104326,2025-08-24,C1033,P3047,2,0.02,722.13,1444.26,28.89,1415.37,2025-10-08,2025-10-13
SI104327,2025-11-30,C1089,P3038,3,0.15,595.11,1785.33,267.8,1517.53,2025-12-30,2025-12-30
SI104328,2025-12-15,C1072,P3041,5,0.08,1655.7,8278.5,662.28,7616.22,2025-12-30,2026-02-13
SI104329,2025-04-08,C1069,P3007,9,0.15,3525.77,31731.93,4759.79,26972.14,2025-05-23,
SI104330,2025-03-23,C1006,P3014,6,0.02,1012.57,6075.42,121.51,5953.91,2025-05-22,2025-06-05
SI104331,2026-05-17,C1023,P3043,9,0.08,3207.57,28868.13,2309.45,26558.68,2026-06-01,2026-06-05
SI104332,2026-04-22,C1116,P3053,10,0.05,2275.72,22757.2,1137.86,21619.34,2026-05-22,2026-05-22
SI104333,2025-01-14,C1030,P3048,5,0.1,1671.29,8356.45,835.65,7520.8,2025-02-13,2025-02-13
SI104334,2026-01-27,C1078,P3025,11,0.08,802.15,8823.65,705.89,8117.76,2026-02-26,2026-03-26
SI104335,2025-12-13,C1054,P3032,6,0.05,1742.31,10453.86,522.69,9931.17,2026-01-12,2026-01-31
SI104336,2025-11-06,C1087,P3038,10,0.15,595.11,5951.1,892.67,5058.43,2025-12-06,2025-12-17
SI104337,2026-01-21,C1011,P3022,8,0.05,1625.31,13002.48,650.12,12352.36,2026-02-20,2026-03-03
SI104338,2025-07-28,C1031,P3059,3,0.02,578.62,1735.86,34.72,1701.14,2025-09-11,2025-09-15
SI104339,2025-12-23,C1006,P3016,2,0.08,2713.06,5426.12,434.09,4992.03,2026-02-21,2026-02-21
SI104340,2025-04-04,C1011,P3052,3,0.08,1201.09,3603.27,288.26,3315.01,2025-05-04,2025-05-25
SI104341,2025-04-03,C1077,P3029,9,0.05,1017.07,9153.63,457.68,8695.95,2025-05-03,2025-05-05
SI104342,2025-12-06,C1012,P3016,6,0.05,2713.06,16278.36,813.92,15464.44,2026-01-05,
SI104343,2026-03-21,C1118,P3012,10,0.2,626.03,6260.3,1252.06,5008.24,2026-04-20,2026-05-01
SI104344,2025-01-22,C1066,P3017,4,0.1,1213.79,4855.16,485.52,4369.64,2025-03-23,2025-04-15
SI104345,2025-10-18,C1053,P3037,10,0.0,1078.42,10784.2,0.0,10784.2,2025-12-02,2025-12-10
SI104346,2026-04-30,C1099,P3027,3,0.02,1582.59,4747.77,94.96,4652.81,2026-05-30,2026-05-30
SI104347,2025-11-02,C1119,P3025,2,0.2,802.15,1604.3,320.86,1283.44,2026-01-01,2026-01-15
SI104348,2025-05-08,C1036,P3013,4,0.1,791.6,3166.4,316.64,2849.76,2025-06-07,2025-07-07
SI104349,2025-09-30,C1017,P3008,9,0.15,3538.95,31850.55,4777.58,27072.97,2025-11-29,2025-11-29
SI104350,2026-03-18,C1028,P3056,4,0.05,1862.7,7450.8,372.54,7078.26,2026-05-02,2026-05-03
SI104351,2026-05-18,C1092,P3005,5,0.1,1385.35,6926.75,692.68,6234.07,2026-07-02,2026-07-05
SI104352,2025-05-10,C1022,P3012,8,0.08,626.03,5008.24,400.66,4607.58,2025-07-09,2025-08-12
SI104353,2025-05-12,C1102,P3041,2,0.05,1655.7,3311.4,165.57,3145.83,2025-06-11,2025-07-27
SI104354,2026-04-27,C1007,P3003,11,0.08,3501.32,38514.52,3081.16,35433.36,2026-05-27,2026-06-04
SI104355,2026-01-25,C1015,P3035,3,0.08,1580.55,4741.65,379.33,4362.32,2026-02-24,2026-03-21
SI104356,2025-11-21,C1096,P3033,6,0.05,246.53,1479.18,73.96,1405.22,2025-12-06,2025-12-12
SI104357,2025-03-10,C1011,P3057,7,0.1,339.43,2376.01,237.6,2138.41,2025-04-09,2025-04-18
SI104358,2026-03-24,C1024,P3022,4,0.1,1625.31,6501.24,650.12,5851.12,2026-04-23,2026-05-21
SI104359,2026-06-12,C1067,P3050,1,0.15,1957.91,1957.91,293.69,1664.22,2026-07-12,2026-07-28
SI104360,2025-06-14,C1030,P3056,7,0.1,1862.7,13038.9,1303.89,11735.01,2025-07-14,2025-07-14
SI104361,2026-05-03,C1070,P3044,9,0.05,450.62,4055.58,202.78,3852.8,2026-06-02,
SI104362,2026-03-02,C1066,P3009,1,0.05,939.78,939.78,46.99,892.79,2026-05-01,2026-05-01
SI104363,2025-09-22,C1061,P3041,1,0.1,1655.7,1655.7,165.57,1490.13,2025-10-07,2025-10-08
SI104364,2025-12-08,C1078,P3018,1,0.05,2434.61,2434.61,121.73,2312.88,2026-01-07,2026-01-07
SI104365,2025-10-05,C1041,P3050,10,0.02,1957.91,19579.1,391.58,19187.52,2025-11-19,2025-11-24
SI104366,2026-03-15,C1082,P3029,7,0.05,1017.07,7119.49,355.97,6763.52,2026-04-29,2026-04-30
SI104367,2025-06-06,C1051,P3039,11,0.02,380.94,4190.34,83.81,4106.53,2025-06-21,2025-07-06
SI104368,2026-02-26,C1044,P3027,9,0.08,1582.59,14243.31,1139.46,13103.85,2026-03-13,2026-03-29
SI104369,2025-09-08,C1095,P3036,3,0.05,2524.78,7574.34,378.72,7195.62,2025-09-23,2025-09-23
SI104370,2026-06-14,C1013,P3045,8,0.02,2906.1,23248.8,464.98,22783.82,2026-07-29,2026-07-29
SI104371,2025-11-23,C1090,P3017,9,0.2,1213.79,10924.11,2184.82,8739.29,2025-12-23,2026-01-06
SI104372,2025-04-07,C1108,P3056,3,0.1,1862.7,5588.1,558.81,5029.29,2025-04-22,2025-04-22
SI104373,2026-05-28,C1012,P3034,3,0.1,1214.64,3643.92,364.39,3279.53,2026-06-27,2026-07-05
SI104374,2025-08-04,C1082,P3046,1,0.08,2017.69,2017.69,161.42,1856.27,2025-09-18,2025-09-19
SI104375,2025-05-12,C1009,P3003,2,0.1,3501.32,7002.64,700.26,6302.38,2025-07-11,2025-07-23
SI104376,2025-09-17,C1113,P3005,7,0.1,1385.35,9697.45,969.75,8727.7,2025-11-01,2025-11-03
SI104377,2025-05-05,C1085,P3014,3,0.08,1012.57,3037.71,243.02,2794.69,2025-07-04,2025-08-26
SI104378,2025-03-23,C1048,P3003,7,0.2,3501.32,24509.24,4901.85,19607.39,2025-04-22,2025-05-15
SI104379,2025-10-10,C1049,P3023,5,0.02,448.2,2241.0,44.82,2196.18,2025-11-09,2025-11-10
SI104380,2025-02-28,C1053,P3039,10,0.2,380.94,3809.4,761.88,3047.52,2025-04-14,
SI104381,2026-06-28,C1056,P3030,8,0.05,1311.58,10492.64,524.63,9968.01,2026-07-28,2026-09-01
SI104382,2025-06-10,C1040,P3050,5,0.08,1957.91,9789.55,783.16,9006.39,2025-07-25,2025-07-25
SI104383,2025-10-11,C1107,P3045,3,0.02,2906.1,8718.3,174.37,8543.93,2025-11-10,2025-11-13
SI104384,2025-04-16,C1024,P3023,9,0.08,448.2,4033.8,322.7,3711.1,2025-05-16,2025-05-20
SI104385,2025-04-15,C1098,P3027,7,0.08,1582.59,11078.13,886.25,10191.88,2025-05-30,2025-06-03
SI104386,2026-03-15,C1072,P3054,5,0.2,1517.45,7587.25,1517.45,6069.8,2026-03-30,2026-03-30
SI104387,2025-08-16,C1108,P3010,7,0.2,2279.96,15959.72,3191.94,12767.78,2025-08-31,
SI104388,2025-11-14,C1117,P3025,11,0.2,802.15,8823.65,1764.73,7058.92,2025-11-29,2025-11-29
SI104389,2026-04-09,C1033,P3013,10,0.05,791.6,7916.0,395.8,7520.2,2026-05-24,2026-07-02
SI104390,2026-04-17,C1023,P3016,9,0.2,2713.06,24417.54,4883.51,19534.03,2026-05-02,2026-05-02
SI104391,2025-02-25,C1077,P3041,5,0.05,1655.7,8278.5,413.92,7864.58,2025-03-27,2025-04-01
SI104392,2025-01-13,C1054,P3034,7,0.15,1214.64,8502.48,1275.37,7227.11,2025-02-12,2025-02-12
SI104393,2026-03-16,C1053,P3055,11,0.02,2802.87,30831.57,616.63,30214.94,2026-04-30,2026-04-30
SI104394,2025-01-18,C1049,P3037,9,0.05,1078.42,9705.78,485.29,9220.49,2025-02-17,2025-02-17
SI104395,2025-04-23,C1078,P3022,1,0.2,1625.31,1625.31,325.06,1300.25,2025-05-23,2025-05-23
SI104396,2025-08-17,C1078,P3017,4,0.2,1213.79,4855.16,971.03,3884.13,2025-09-16,2025-10-26
SI104397,2025-06-20,C1080,P3023,1,0.08,448.2,448.2,35.86,412.34,2025-07-20,2025-07-24
SI104398,2025-10-22,C1049,P3054,8,0.1,1517.45,12139.6,1213.96,10925.64,2025-11-21,
SI104399,2025-07-08,C1102,P3036,3,0.02,2524.78,7574.34,151.49,7422.85,2025-08-07,2025-08-07
SI104400,2026-03-02,C1060,P3049,2,0.1,2738.46,5476.92,547.69,4929.23,2026-03-17,2026-03-27
SI104401,2025-03-20,C1103,P3009,4,0.08,939.78,3759.12,300.73,3458.39,2025-04-19,2025-04-19
SI104402,2025-07-01,C1090,P3052,11,0.0,1201.09,13211.99,0.0,13211.99,2025-07-31,2025-07-31
SI104403,2026-05-14,C1090,P3002,3,0.0,3041.97,9125.91,0.0,9125.91,2026-06-13,2026-06-13
SI104404,2025-03-12,C1065,P3032,11,0.0,1742.31,19165.41,0.0,19165.41,2025-04-26,2025-05-24
SI104405,2025-09-05,C1032,P3056,5,0.1,1862.7,9313.5,931.35,8382.15,2025-10-20,
SI104406,2025-05-26,C1079,P3050,8,0.02,1957.91,15663.28,313.27,15350.01,2025-06-25,2025-07-07
SI104407,2025-10-23,C1116,P3053,10,0.05,2275.72,22757.2,1137.86,21619.34,2025-11-22,
SI104408,2026-04-15,C1021,P3059,8,0.05,578.62,4628.96,231.45,4397.51,2026-05-15,2026-06-08
SI104409,2026-05-21,C1018,P3022,11,0.08,1625.31,17878.41,1430.27,16448.14,2026-07-05,2026-07-11
SI104410,2025-07-12,C1094,P3043,7,0.08,3207.57,22452.99,1796.24,20656.75,2025-07-27,2025-08-10
SI104411,2025-03-09,C1060,P3013,8,0.08,791.6,6332.8,506.62,5826.18,2025-03-24,2025-04-15
SI104412,2026-05-09,C1013,P3008,5,0.05,3538.95,17694.75,884.74,16810.01,2026-06-23,2026-06-23
SI104413,2025-02-21,C1024,P3059,10,0.05,578.62,5786.2,289.31,5496.89,2025-03-23,2025-04-03
SI104414,2025-12-29,C1030,P3001,10,0.05,1380.63,13806.3,690.32,13115.98,2026-01-28,2026-02-21
SI104415,2026-04-19,C1002,P3017,11,0.15,1213.79,13351.69,2002.75,11348.94,2026-06-18,2026-06-30
SI104416,2026-06-05,C1083,P3012,11,0.05,626.03,6886.33,344.32,6542.01,2026-07-20,2026-07-28
SI104417,2026-03-07,C1111,P3004,6,0.02,2184.56,13107.36,262.15,12845.21,2026-04-06,2026-04-06
SI104418,2025-10-25,C1108,P3053,8,0.1,2275.72,18205.76,1820.58,16385.18,2025-11-09,2025-11-24
SI104419,2026-03-11,C1111,P3013,1,0.05,791.6,791.6,39.58,752.02,2026-04-10,2026-04-10
SI104420,2025-07-17,C1025,P3031,6,0.15,1098.22,6589.32,988.4,5600.92,2025-08-31,2025-10-01
SI104421,2025-05-08,C1050,P3041,6,0.05,1655.7,9934.2,496.71,9437.49,2025-06-07,2025-06-24
SI104422,2026-06-16,C1014,P3059,11,0.08,578.62,6364.82,509.19,5855.63,2026-07-16,2026-08-06
SI104423,2026-02-15,C1006,P3007,5,0.0,3525.77,17628.85,0.0,17628.85,2026-04-16,2026-05-02
SI104424,2025-03-06,C1076,P3023,4,0.05,448.2,1792.8,89.64,1703.16,2025-04-20,2025-04-28
SI104425,2025-08-29,C1084,P3024,1,0.05,1395.29,1395.29,69.76,1325.53,2025-09-28,2025-10-11
SI104426,2026-01-04,C1087,P3005,11,0.1,1385.35,15238.85,1523.89,13714.96,2026-02-03,2026-02-03
SI104427,2026-06-20,C1030,P3005,10,0.2,1385.35,13853.5,2770.7,11082.8,2026-07-20,
SI104428,2026-01-19,C1030,P3017,11,0.05,1213.79,13351.69,667.58,12684.11,2026-02-18,2026-02-18
SI104429,2026-03-07,C1038,P3030,8,0.1,1311.58,10492.64,1049.26,9443.38,2026-04-06,2026-04-27
SI104430,2025-03-24,C1058,P3009,6,0.08,939.78,5638.68,451.09,5187.59,2025-04-23,2025-04-23
SI104431,2025-10-13,C1094,P3006,3,0.2,269.22,807.66,161.53,646.13,2025-10-28,2025-10-28
SI104432,2026-06-18,C1041,P3025,3,0.1,802.15,2406.45,240.64,2165.81,2026-08-02,2026-08-02
SI104433,2026-04-04,C1094,P3019,6,0.0,2731.93,16391.58,0.0,16391.58,2026-04-19,2026-04-30
SI104434,2025-07-31,C1057,P3016,7,0.08,2713.06,18991.42,1519.31,17472.11,2025-09-14,2025-10-28
SI104435,2025-05-06,C1036,P3021,8,0.08,308.88,2471.04,197.68,2273.36,2025-06-05,2025-06-16
SI104436,2026-02-17,C1064,P3002,5,0.0,3041.97,15209.85,0.0,15209.85,2026-03-19,2026-04-22
SI104437,2026-05-14,C1113,P3010,10,0.02,2279.96,22799.6,455.99,22343.61,2026-06-28,2026-07-09
SI104438,2026-03-01,C1098,P3016,6,0.15,2713.06,16278.36,2441.75,13836.61,2026-04-15,
SI104439,2026-06-27,C1016,P3037,1,0.15,1078.42,1078.42,161.76,916.66,2026-07-27,2026-08-12
SI104440,2025-06-07,C1088,P3015,6,0.1,3965.84,23795.04,2379.5,21415.54,2025-07-07,2025-07-12
SI104441,2025-04-22,C1078,P3013,9,0.2,791.6,7124.4,1424.88,5699.52,2025-05-22,2025-05-22
SI104442,2026-02-06,C1090,P3013,10,0.1,791.6,7916.0,791.6,7124.4,2026-03-08,2026-03-08
SI104443,2025-05-02,C1072,P3032,4,0.0,1742.31,6969.24,0.0,6969.24,2025-05-17,2025-05-27
SI104444,2025-09-30,C1014,P3045,10,0.05,2906.1,29061.0,1453.05,27607.95,2025-10-30,2025-10-30
SI104445,2025-10-21,C1031,P3047,1,0.0,722.13,722.13,0.0,722.13,2025-12-05,2025-12-05
SI104446,2026-02-02,C1066,P3046,11,0.0,2017.69,22194.59,0.0,22194.59,2026-04-03,
SI104447,2026-04-16,C1112,P3008,9,0.02,3538.95,31850.55,637.01,31213.54,2026-05-31,2026-06-01
SI104448,2025-07-26,C1068,P3043,4,0.05,3207.57,12830.28,641.51,12188.77,2025-08-25,2025-09-08
SI104449,2025-04-20,C1065,P3018,2,0.15,2434.61,4869.22,730.38,4138.84,2025-06-04,2025-06-04
SI104450,2026-03-16,C1055,P3056,1,0.15,1862.7,1862.7,279.4,1583.3,2026-03-31,2026-04-18
SI104451,2025-10-05,C1084,P3036,3,0.08,2524.78,7574.34,605.95,6968.39,2025-11-04,2025-12-05
SI104452,2026-04-27,C1078,P3026,7,0.15,2009.9,14069.3,2110.4,11958.9,2026-05-27,2026-06-08
SI104453,2025-04-24,C1040,P3010,11,0.05,2279.96,25079.56,1253.98,23825.58,2025-06-08,2025-06-26
SI104454,2026-04-22,C1025,P3031,10,0.15,1098.22,10982.2,1647.33,9334.87,2026-06-06,2026-06-15
SI104455,2025-11-17,C1025,P3033,2,0.05,246.53,493.06,24.65,468.41,2026-01-01,2026-01-06
SI104456,2025-06-28,C1003,P3029,9,0.05,1017.07,9153.63,457.68,8695.95,2025-08-27,2025-09-06
SI104457,2025-08-07,C1069,P3005,11,0.15,1385.35,15238.85,2285.83,12953.02,2025-09-21,2025-09-22
SI104458,2026-06-12,C1102,P3013,2,0.05,791.6,1583.2,79.16,1504.04,2026-07-12,2026-07-13
SI104459,2026-05-07,C1118,P3001,5,0.05,1380.63,6903.15,345.16,6557.99,2026-06-06,2026-06-06
SI104460,2025-03-02,C1026,P3023,8,0.05,448.2,3585.6,179.28,3406.32,2025-04-16,2025-04-29
SI104461,2025-02-23,C1040,P3040,10,0.08,2880.96,28809.6,2304.77,26504.83,2025-04-09,2025-04-15
SI104462,2026-06-22,C1038,P3003,8,0.2,3501.32,28010.56,5602.11,22408.45,2026-07-22,2026-08-03
SI104463,2025-03-06,C1038,P3003,3,0.0,3501.32,10503.96,0.0,10503.96,2025-04-05,2025-04-05
SI104464,2025-06-20,C1068,P3007,2,0.15,3525.77,7051.54,1057.73,5993.81,2025-07-20,2025-08-14
SI104465,2025-09-30,C1007,P3036,9,0.0,2524.78,22723.02,0.0,22723.02,2025-10-30,
SI104466,2026-06-19,C1094,P3035,3,0.05,1580.55,4741.65,237.08,4504.57,2026-07-04,2026-07-23
SI104467,2026-01-26,C1030,P3015,8,0.02,3965.84,31726.72,634.53,31092.19,2026-02-25,2026-03-07
SI104468,2025-11-23,C1120,P3040,2,0.1,2880.96,5761.92,576.19,5185.73,2025-12-23,2026-01-19
SI104469,2025-04-18,C1019,P3003,3,0.0,3501.32,10503.96,0.0,10503.96,2025-05-18,2025-05-18
SI104470,2025-06-11,C1103,P3029,1,0.08,1017.07,1017.07,81.37,935.7,2025-07-11,2025-07-19
SI104471,2026-03-28,C1035,P3030,11,0.05,1311.58,14427.38,721.37,13706.01,2026-04-27,2026-04-27
SI104472,2025-07-25,C1104,P3039,6,0.02,380.94,2285.64,45.71,2239.93,2025-08-24,2025-08-27
SI104473,2025-01-16,C1033,P3018,7,0.1,2434.61,17042.27,1704.23,15338.04,2025-03-02,
SI104474,2025-11-23,C1033,P3011,4,0.02,335.11,1340.44,26.81,1313.63,2026-01-07,2026-02-03
SI104475,2025-01-02,C1078,P3043,1,0.02,3207.57,3207.57,64.15,3143.42,2025-02-01,2025-02-20
SI104476,2025-01-10,C1038,P3049,3,0.05,2738.46,8215.38,410.77,7804.61,2025-02-09,
SI104477,2026-03-10,C1010,P3060,9,0.08,157.9,1421.1,113.69,1307.41,2026-04-24,2026-04-24
SI104478,2025-05-05,C1057,P3038,5,0.08,595.11,2975.55,238.04,2737.51,2025-06-19,
SI104479,2025-03-22,C1028,P3040,6,0.0,2880.96,17285.76,0.0,17285.76,2025-05-06,2025-05-12
SI104480,2026-04-30,C1078,P3001,4,0.02,1380.63,5522.52,110.45,5412.07,2026-05-30,2026-06-15
SI104481,2025-05-30,C1100,P3029,1,0.05,1017.07,1017.07,50.85,966.22,2025-06-14,2025-06-21
SI104482,2025-12-06,C1038,P3010,5,0.05,2279.96,11399.8,569.99,10829.81,2026-01-05,2026-01-09
SI104483,2025-05-09,C1016,P3028,5,0.15,925.58,4627.9,694.18,3933.72,2025-06-08,2025-06-14
SI104484,2026-03-14,C1021,P3057,5,0.1,339.43,1697.15,169.72,1527.43,2026-04-13,2026-04-13
SI104485,2026-05-16,C1092,P3031,6,0.08,1098.22,6589.32,527.15,6062.17,2026-06-30,2026-06-30
SI104486,2025-02-27,C1097,P3019,11,0.05,2731.93,30051.23,1502.56,28548.67,2025-04-13,2025-04-21
SI104487,2025-07-17,C1006,P3003,2,0.08,3501.32,7002.64,560.21,6442.43,2025-09-15,2025-09-30
SI104488,2025-07-30,C1041,P3036,1,0.15,2524.78,2524.78,378.72,2146.06,2025-09-13,2025-10-02
SI104489,2025-02-14,C1015,P3043,2,0.08,3207.57,6415.14,513.21,5901.93,2025-03-16,2025-03-20
SI104490,2025-04-07,C1108,P3015,10,0.1,3965.84,39658.4,3965.84,35692.56,2025-04-22,2025-05-01
SI104491,2025-10-06,C1003,P3033,6,0.1,246.53,1479.18,147.92,1331.26,2025-12-05,2025-12-24
SI104492,2026-06-19,C1043,P3041,5,0.08,1655.7,8278.5,662.28,7616.22,2026-07-19,2026-08-24
SI104493,2026-02-14,C1047,P3043,5,0.05,3207.57,16037.85,801.89,15235.96,2026-03-16,2026-03-27
SI104494,2026-04-06,C1099,P3051,6,0.1,3798.59,22791.54,2279.15,20512.39,2026-05-06,2026-05-14
SI104495,2026-01-26,C1014,P3045,10,0.02,2906.1,29061.0,581.22,28479.78,2026-02-25,2026-03-17
SI104496,2025-02-13,C1066,P3026,7,0.1,2009.9,14069.3,1406.93,12662.37,2025-04-14,2025-04-14
SI104497,2025-01-27,C1029,P3016,9,0.1,2713.06,24417.54,2441.75,21975.79,2025-02-26,2025-02-26
SI104498,2025-04-07,C1004,P3036,7,0.1,2524.78,17673.46,1767.35,15906.11,2025-05-07,2025-05-22
SI104499,2026-07-02,C1026,P3033,2,0.05,246.53,493.06,24.65,468.41,2026-08-16,2026-08-30
SI104500,2025-08-07,C1115,P3020,6,0.02,3394.02,20364.12,407.28,19956.84,2025-08-22,2025-08-22
SI104501,2025-07-04,C1012,P3013,9,0.0,791.6,7124.4,0.0,7124.4,2025-08-03,2025-08-03
SI104502,2025-03-10,C1002,P3033,7,0.1,246.53,1725.71,172.57,1553.14,2025-05-09,2025-05-30
SI104503,2025-05-10,C1017,P3005,2,0.15,1385.35,2770.7,415.6,2355.1,2025-07-09,2025-07-17
SI104504,2025-11-30,C1035,P3037,3,0.08,1078.42,3235.26,258.82,2976.44,2025-12-30,2026-01-11
SI104505,2025-06-03,C1010,P3014,8,0.02,1012.57,8100.56,162.01,7938.55,2025-07-18,2025-07-18
SI104506,2026-07-01,C1112,P3027,11,0.15,1582.59,17408.49,2611.27,14797.22,2026-08-15,2026-08-26
SI104507,2025-03-20,C1086,P3023,9,0.2,448.2,4033.8,806.76,3227.04,2025-05-04,2025-05-04
SI104508,2026-02-17,C1105,P3014,4,0.05,1012.57,4050.28,202.51,3847.77,2026-03-19,2026-03-19
SI104509,2026-06-30,C1043,P3040,9,0.08,2880.96,25928.64,2074.29,23854.35,2026-07-30,2026-08-10
SI104510,2025-06-18,C1021,P3004,2,0.1,2184.56,4369.12,436.91,3932.21,2025-07-18,2025-08-05
SI104511,2026-05-30,C1015,P3039,11,0.1,380.94,4190.34,419.03,3771.31,2026-06-29,2026-06-30
SI104512,2025-11-10,C1035,P3052,5,0.2,1201.09,6005.45,1201.09,4804.36,2025-12-10,2025-12-10
SI104513,2025-02-01,C1112,P3019,11,0.0,2731.93,30051.23,0.0,30051.23,2025-03-18,2025-04-08
SI104514,2025-10-14,C1085,P3047,2,0.08,722.13,1444.26,115.54,1328.72,2025-12-13,2025-12-15
SI104515,2025-02-12,C1085,P3054,11,0.08,1517.45,16691.95,1335.36,15356.59,2025-04-13,2025-05-07
SI104516,2025-01-01,C1085,P3004,1,0.15,2184.56,2184.56,327.68,1856.88,2025-03-02,2025-03-23
SI104517,2025-09-27,C1060,P3030,5,0.15,1311.58,6557.9,983.68,5574.22,2025-10-12,2025-11-02
SI104518,2025-06-29,C1044,P3019,2,0.2,2731.93,5463.86,1092.77,4371.09,2025-07-14,2025-07-14
SI104519,2026-06-02,C1096,P3031,7,0.05,1098.22,7687.54,384.38,7303.16,2026-06-17,2026-06-29
SI104520,2025-04-13,C1119,P3031,8,0.1,1098.22,8785.76,878.58,7907.18,2025-06-12,2025-06-12
SI104521,2025-01-10,C1005,P3009,2,0.05,939.78,1879.56,93.98,1785.58,2025-01-25,2025-01-28
SI104522,2025-03-31,C1103,P3053,7,0.05,2275.72,15930.04,796.5,15133.54,2025-04-30,2025-04-30
SI104523,2025-08-14,C1073,P3013,4,0.02,791.6,3166.4,63.33,3103.07,2025-08-29,2025-09-04
SI104524,2025-05-06,C1117,P3014,1,0.1,1012.57,1012.57,101.26,911.31,2025-05-21,2025-05-26
SI104525,2025-07-28,C1018,P3055,11,0.2,2802.87,30831.57,6166.31,24665.26,2025-09-11,2025-09-25
SI104526,2025-04-07,C1021,P3060,3,0.02,157.9,473.7,9.47,464.23,2025-05-07,2025-05-20
SI104527,2025-03-15,C1072,P3046,11,0.0,2017.69,22194.59,0.0,22194.59,2025-03-30,2025-04-09
SI104528,2025-07-10,C1108,P3054,1,0.1,1517.45,1517.45,151.74,1365.71,2025-07-25,2025-08-02
SI104529,2025-02-25,C1116,P3010,5,0.08,2279.96,11399.8,911.98,10487.82,2025-03-27,2025-03-30
SI104530,2025-02-01,C1098,P3048,8,0.2,1671.29,13370.32,2674.06,10696.26,2025-03-18,2025-04-18
SI104531,2026-06-11,C1074,P3031,1,0.02,1098.22,1098.22,21.96,1076.26,2026-08-10,2026-08-24
SI104532,2025-10-11,C1051,P3037,9,0.0,1078.42,9705.78,0.0,9705.78,2025-10-26,2025-10-26
SI104533,2026-05-09,C1041,P3023,3,0.05,448.2,1344.6,67.23,1277.37,2026-06-23,2026-07-09
SI104534,2025-07-06,C1024,P3027,5,0.0,1582.59,7912.95,0.0,7912.95,2025-08-05,2025-08-16
SI104535,2026-05-13,C1104,P3006,9,0.02,269.22,2422.98,48.46,2374.52,2026-06-12,2026-06-15
SI104536,2026-03-18,C1024,P3026,5,0.02,2009.9,10049.5,200.99,9848.51,2026-04-17,2026-05-02
SI104537,2025-05-10,C1120,P3002,9,0.02,3041.97,27377.73,547.55,26830.18,2025-06-09,2025-06-09
SI104538,2025-10-19,C1096,P3045,10,0.0,2906.1,29061.0,0.0,29061.0,2025-11-03,2025-11-03
SI104539,2025-04-24,C1120,P3013,8,0.2,791.6,6332.8,1266.56,5066.24,2025-05-24,2025-05-24
SI104540,2025-07-18,C1097,P3051,7,0.05,3798.59,26590.13,1329.51,25260.62,2025-09-01,2025-09-11
SI104541,2025-01-13,C1038,P3050,11,0.05,1957.91,21537.01,1076.85,20460.16,2025-02-12,2025-02-12
SI104542,2025-09-28,C1044,P3060,1,0.15,157.9,157.9,23.68,134.22,2025-10-13,2025-10-13
SI104543,2025-08-03,C1057,P3019,4,0.08,2731.93,10927.72,874.22,10053.5,2025-09-17,
SI104544,2026-03-20,C1120,P3001,9,0.08,1380.63,12425.67,994.05,11431.62,2026-04-19,2026-04-19
SI104545,2026-05-27,C1115,P3040,10,0.08,2880.96,28809.6,2304.77,26504.83,2026-06-11,2026-06-11
SI104546,2026-03-23,C1059,P3032,8,0.1,1742.31,13938.48,1393.85,12544.63,2026-04-22,2026-04-22
SI104547,2025-03-15,C1113,P3022,4,0.15,1625.31,6501.24,975.19,5526.05,2025-04-29,2025-05-30
SI104548,2026-06-21,C1034,P3048,1,0.08,1671.29,1671.29,133.7,1537.59,2026-08-20,2026-09-07
SI104549,2025-04-11,C1075,P3029,10,0.15,1017.07,10170.7,1525.6,8645.1,2025-05-26,2025-05-26
SI104550,2025-06-25,C1095,P3002,4,0.08,3041.97,12167.88,973.43,11194.45,2025-07-10,
SI104551,2026-03-03,C1082,P3040,3,0.05,2880.96,8642.88,432.14,8210.74,2026-04-17,2026-04-17
SI104552,2025-04-27,C1023,P3038,6,0.15,595.11,3570.66,535.6,3035.06,2025-05-12,
SI104553,2025-06-15,C1086,P3048,11,0.08,1671.29,18384.19,1470.74,16913.45,2025-07-30,2025-08-22
SI104554,2025-02-10,C1043,P3055,5,0.15,2802.87,14014.35,2102.15,11912.2,2025-03-12,2025-03-13
SI104555,2026-03-05,C1082,P3011,5,0.0,335.11,1675.55,0.0,1675.55,2026-04-19,2026-04-19
SI104556,2025-12-10,C1040,P3017,2,0.05,1213.79,2427.58,121.38,2306.2,2026-01-24,2026-01-29
SI104557,2026-02-28,C1047,P3055,3,0.2,2802.87,8408.61,1681.72,6726.89,2026-03-30,2026-03-30
SI104558,2026-01-01,C1041,P3051,11,0.02,3798.59,41784.49,835.69,40948.8,2026-02-15,2026-03-14
SI104559,2025-04-30,C1047,P3043,6,0.2,3207.57,19245.42,3849.08,15396.34,2025-05-30,2025-05-30
SI104560,2025-08-17,C1103,P3060,2,0.2,157.9,315.8,63.16,252.64,2025-09-16,
SI104561,2025-05-10,C1020,P3008,4,0.15,3538.95,14155.8,2123.37,12032.43,2025-05-25,2025-05-25
SI104562,2025-12-18,C1077,P3022,2,0.08,1625.31,3250.62,260.05,2990.57,2026-01-17,2026-01-17
SI104563,2025-11-14,C1109,P3004,9,0.08,2184.56,19661.04,1572.88,18088.16,2025-12-14,2025-12-14
SI104564,2025-12-03,C1065,P3011,3,0.15,335.11,1005.33,150.8,854.53,2026-01-17,2026-01-25
SI104565,2025-09-30,C1116,P3008,10,0.1,3538.95,35389.5,3538.95,31850.55,2025-10-30,2025-11-02
SI104566,2025-04-27,C1068,P3009,10,0.08,939.78,9397.8,751.82,8645.98,2025-05-27,2025-06-08
SI104567,2026-01-03,C1024,P3026,6,0.2,2009.9,12059.4,2411.88,9647.52,2026-02-02,2026-02-11
SI104568,2025-04-04,C1100,P3002,1,0.08,3041.97,3041.97,243.36,2798.61,2025-04-19,2025-04-19
SI104569,2025-06-17,C1036,P3016,11,0.2,2713.06,29843.66,5968.73,23874.93,2025-07-17,2025-07-17
SI104570,2025-12-07,C1045,P3031,10,0.0,1098.22,10982.2,0.0,10982.2,2026-01-06,2026-01-06
SI104571,2025-06-01,C1002,P3006,3,0.02,269.22,807.66,16.15,791.51,2025-07-31,2025-08-23
SI104572,2025-10-01,C1028,P3053,8,0.05,2275.72,18205.76,910.29,17295.47,2025-11-15,2025-11-26
SI104573,2026-05-11,C1026,P3021,5,0.05,308.88,1544.4,77.22,1467.18,2026-06-25,2026-07-18
SI104574,2025-04-11,C1023,P3026,8,0.1,2009.9,16079.2,1607.92,14471.28,2025-04-26,2025-05-08
SI104575,2025-03-23,C1079,P3059,2,0.02,578.62,1157.24,23.14,1134.1,2025-04-22,2025-04-25
SI104576,2026-06-13,C1036,P3019,7,0.2,2731.93,19123.51,3824.7,15298.81,2026-07-13,2026-07-13
SI104577,2025-03-14,C1091,P3028,9,0.05,925.58,8330.22,416.51,7913.71,2025-04-13,2025-04-19
SI104578,2025-01-14,C1006,P3008,7,0.05,3538.95,24772.65,1238.63,23534.02,2025-03-15,2025-03-18
SI104579,2026-03-09,C1035,P3014,3,0.05,1012.57,3037.71,151.89,2885.82,2026-04-08,
SI104580,2025-06-06,C1103,P3024,7,0.08,1395.29,9767.03,781.36,8985.67,2025-07-06,2025-07-29
SI104581,2025-05-12,C1038,P3048,8,0.0,1671.29,13370.32,0.0,13370.32,2025-06-11,2025-06-11
SI104582,2025-12-04,C1035,P3044,1,0.02,450.62,450.62,9.01,441.61,2026-01-03,2026-01-20
SI104583,2026-02-08,C1100,P3037,3,0.1,1078.42,3235.26,323.53,2911.73,2026-02-23,2026-02-26
SI104584,2026-01-11,C1074,P3056,5,0.02,1862.7,9313.5,186.27,9127.23,2026-03-12,2026-03-12
SI104585,2025-04-17,C1094,P3026,6,0.02,2009.9,12059.4,241.19,11818.21,2025-05-02,2025-05-11
SI104586,2025-09-22,C1053,P3031,3,0.1,1098.22,3294.66,329.47,2965.19,2025-11-06,2025-11-06
SI104587,2025-07-24,C1105,P3056,4,0.0,1862.7,7450.8,0.0,7450.8,2025-08-23,
SI104588,2025-03-20,C1038,P3051,5,0.05,3798.59,18992.95,949.65,18043.3,2025-04-19,2025-05-02
SI104589,2025-06-04,C1093,P3032,3,0.0,1742.31,5226.93,0.0,5226.93,2025-06-19,2025-07-03
SI104590,2025-09-04,C1116,P3050,4,0.05,1957.91,7831.64,391.58,7440.06,2025-10-04,2025-10-06
SI104591,2026-06-15,C1059,P3041,5,0.08,1655.7,8278.5,662.28,7616.22,2026-07-15,2026-07-15
SI104592,2026-06-22,C1043,P3002,2,0.0,3041.97,6083.94,0.0,6083.94,2026-07-22,2026-08-10
SI104593,2025-06-03,C1103,P3025,10,0.15,802.15,8021.5,1203.22,6818.28,2025-07-03,2025-07-03
SI104594,2025-06-03,C1114,P3052,9,0.15,1201.09,10809.81,1621.47,9188.34,2025-07-03,2025-07-07
SI104595,2025-04-02,C1004,P3044,10,0.0,450.62,4506.2,0.0,4506.2,2025-05-02,2025-05-04
SI104596,2026-03-09,C1005,P3002,8,0.2,3041.97,24335.76,4867.15,19468.61,2026-03-24,2026-03-24
SI104597,2025-12-04,C1068,P3042,6,0.05,2136.42,12818.52,640.93,12177.59,2026-01-03,2026-01-03
SI104598,2026-04-25,C1100,P3001,10,0.0,1380.63,13806.3,0.0,13806.3,2026-05-10,2026-05-13
SI104599,2025-05-11,C1045,P3036,11,0.0,2524.78,27772.58,0.0,27772.58,2025-06-10,2025-06-10
SI104600,2026-03-26,C1080,P3057,3,0.05,339.43,1018.29,50.91,967.38,2026-04-25,2026-04-25
SI104601,2025-09-30,C1025,P3012,11,0.08,626.03,6886.33,550.91,6335.42,2025-11-14,2025-11-26
SI104602,2025-06-26,C1078,P3009,2,0.05,939.78,1879.56,93.98,1785.58,2025-07-26,2025-08-17
SI104603,2025-02-18,C1011,P3036,7,0.1,2524.78,17673.46,1767.35,15906.11,2025-03-20,2025-04-03
SI104604,2025-12-21,C1029,P3041,8,0.08,1655.7,13245.6,1059.65,12185.95,2026-01-20,2026-02-07
SI104605,2025-11-04,C1034,P3028,10,0.05,925.58,9255.8,462.79,8793.01,2026-01-03,2026-01-06
SI104606,2025-02-15,C1086,P3038,1,0.1,595.11,595.11,59.51,535.6,2025-04-01,2025-04-20
SI104607,2025-10-29,C1014,P3033,6,0.2,246.53,1479.18,295.84,1183.34,2025-11-28,2025-11-28
SI104608,2026-02-12,C1120,P3042,7,0.0,2136.42,14954.94,0.0,14954.94,2026-03-14,2026-03-26
SI104609,2025-07-08,C1024,P3046,9,0.05,2017.69,18159.21,907.96,17251.25,2025-08-07,2025-08-07
SI104610,2025-05-09,C1059,P3022,3,0.05,1625.31,4875.93,243.8,4632.13,2025-06-08,2025-06-29
SI104611,2026-06-21,C1039,P3025,2,0.05,802.15,1604.3,80.22,1524.08,2026-08-05,2026-08-05
SI104612,2025-09-23,C1026,P3018,5,0.08,2434.61,12173.05,973.84,11199.21,2025-11-07,2025-12-03
SI104613,2025-04-28,C1043,P3006,10,0.05,269.22,2692.2,134.61,2557.59,2025-05-28,2025-06-18
SI104614,2026-04-09,C1036,P3018,1,0.08,2434.61,2434.61,194.77,2239.84,2026-05-09,2026-05-12
SI104615,2025-05-24,C1039,P3052,6,0.08,1201.09,7206.54,576.52,6630.02,2025-07-08,2025-07-08
SI104616,2026-03-18,C1061,P3016,9,0.08,2713.06,24417.54,1953.4,22464.14,2026-04-02,2026-04-08
SI104617,2025-07-19,C1016,P3015,10,0.0,3965.84,39658.4,0.0,39658.4,2025-08-18,2025-08-20
SI104618,2025-06-06,C1102,P3048,9,0.05,1671.29,15041.61,752.08,14289.53,2025-07-06,2025-07-06
SI104619,2026-05-02,C1059,P3008,7,0.05,3538.95,24772.65,1238.63,23534.02,2026-06-01,2026-06-09
SI104620,2025-05-14,C1096,P3013,11,0.05,791.6,8707.6,435.38,8272.22,2025-05-29,2025-05-29
SI104621,2025-05-28,C1006,P3055,7,0.15,2802.87,19620.09,2943.01,16677.08,2025-07-27,2025-07-27
SI104622,2025-12-02,C1098,P3043,8,0.05,3207.57,25660.56,1283.03,24377.53,2026-01-16,
SI104623,2025-03-12,C1056,P3060,10,0.0,157.9,1579.0,0.0,1579.0,2025-04-11,2025-04-25
SI104624,2025-08-21,C1008,P3057,2,0.05,339.43,678.86,33.94,644.92,2025-10-20,2025-10-31
SI104625,2025-11-30,C1094,P3007,6,0.1,3525.77,21154.62,2115.46,19039.16,2025-12-15,2025-12-22
SI104626,2025-03-31,C1027,P3017,5,0.1,1213.79,6068.95,606.9,5462.05,2025-05-15,2025-05-15
SI104627,2025-11-30,C1071,P3050,5,0.05,1957.91,9789.55,489.48,9300.07,2025-12-30,2026-01-05
SI104628,2025-07-18,C1027,P3032,3,0.02,1742.31,5226.93,104.54,5122.39,2025-09-01,2025-09-13
SI104629,2025-06-10,C1089,P3022,3,0.05,1625.31,4875.93,243.8,4632.13,2025-07-10,2025-07-10
SI104630,2026-06-22,C1120,P3055,6,0.08,2802.87,16817.22,1345.38,15471.84,2026-07-22,2026-08-17
SI104631,2025-05-01,C1046,P3051,10,0.2,3798.59,37985.9,7597.18,30388.72,2025-05-16,2025-05-19
SI104632,2025-10-28,C1041,P3057,10,0.08,339.43,3394.3,271.54,3122.76,2025-12-12,2026-01-02
SI104633,2026-03-12,C1079,P3013,7,0.08,791.6,5541.2,443.3,5097.9,2026-04-11,2026-04-24
SI104634,2025-03-09,C1025,P3047,1,0.05,722.13,722.13,36.11,686.02,2025-04-23,2025-05-03
SI104635,2026-04-04,C1086,P3023,3,0.05,448.2,1344.6,67.23,1277.37,2026-05-19,2026-05-19
SI104636,2026-05-29,C1018,P3054,1,0.1,1517.45,1517.45,151.74,1365.71,2026-07-13,2026-07-19
SI104637,2026-02-02,C1012,P3029,10,0.05,1017.07,10170.7,508.54,9662.16,2026-03-04,2026-03-27
SI104638,2025-10-13,C1087,P3022,3,0.2,1625.31,4875.93,975.19,3900.74,2025-11-12,2025-11-14
SI104639,2025-05-20,C1051,P3001,5,0.05,1380.63,6903.15,345.16,6557.99,2025-06-04,2025-06-04
SI104640,2025-10-09,C1109,P3029,9,0.0,1017.07,9153.63,0.0,9153.63,2025-11-08,
SI104641,2026-04-02,C1039,P3048,3,0.08,1671.29,5013.87,401.11,4612.76,2026-05-17,2026-05-20
SI104642,2025-03-28,C1089,P3005,10,0.0,1385.35,13853.5,0.0,13853.5,2025-04-27,2025-05-12
SI104643,2025-03-20,C1010,P3058,10,0.02,226.7,2267.0,45.34,2221.66,2025-05-04,2025-05-04
SI104644,2025-07-24,C1094,P3035,9,0.05,1580.55,14224.95,711.25,13513.7,2025-08-08,2025-08-08
SI104645,2025-12-03,C1074,P3055,1,0.1,2802.87,2802.87,280.29,2522.58,2026-02-01,2026-02-23
SI104646,2025-09-11,C1098,P3010,6,0.05,2279.96,13679.76,683.99,12995.77,2025-10-26,2025-10-27
SI104647,2025-10-31,C1110,P3019,9,0.0,2731.93,24587.37,0.0,24587.37,2025-11-30,
SI104648,2026-01-15,C1077,P3037,5,0.08,1078.42,5392.1,431.37,4960.73,2026-02-14,2026-03-10
SI104649,2025-05-10,C1054,P3007,11,0.05,3525.77,38783.47,1939.17,36844.3,2025-06-09,
SI104650,2025-10-03,C1029,P3046,10,0.15,2017.69,20176.9,3026.54,17150.36,2025-11-02,2025-11-12
SI104651,2025-07-02,C1102,P3035,2,0.05,1580.55,3161.1,158.06,3003.04,2025-08-01,
SI104652,2025-09-25,C1041,P3045,5,0.08,2906.1,14530.5,1162.44,13368.06,2025-11-09,2025-12-04
SI104653,2025-11-18,C1109,P3013,1,0.02,791.6,791.6,15.83,775.77,2025-12-18,
SI104654,2026-05-27,C1009,P3010,9,0.1,2279.96,20519.64,2051.96,18467.68,2026-07-26,2026-08-18
SI104655,2025-03-19,C1063,P3002,10,0.1,3041.97,30419.7,3041.97,27377.73,2025-04-18,2025-04-18
SI104656,2025-12-05,C1077,P3006,10,0.15,269.22,2692.2,403.83,2288.37,2026-01-04,2026-01-17
SI104657,2026-05-24,C1037,P3008,9,0.0,3538.95,31850.55,0.0,31850.55,2026-07-08,2026-07-21
SI104658,2025-08-26,C1014,P3036,6,0.05,2524.78,15148.68,757.43,14391.25,2025-09-25,2025-09-25
SI104659,2025-05-14,C1101,P3025,11,0.08,802.15,8823.65,705.89,8117.76,2025-06-13,2025-07-14
SI104660,2025-07-11,C1073,P3044,9,0.0,450.62,4055.58,0.0,4055.58,2025-07-26,2025-08-15
SI104661,2025-12-22,C1072,P3060,3,0.05,157.9,473.7,23.68,450.02,2026-01-06,2026-01-06
SI104662,2025-10-05,C1039,P3047,4,0.2,722.13,2888.52,577.7,2310.82,2025-11-19,
SI104663,2025-01-18,C1040,P3040,6,0.05,2880.96,17285.76,864.29,16421.47,2025-03-04,
SI104664,2026-06-08,C1054,P3007,4,0.2,3525.77,14103.08,2820.62,11282.46,2026-07-08,2026-07-17
SI104665,2025-06-29,C1003,P3046,1,0.0,2017.69,2017.69,0.0,2017.69,2025-08-28,2025-09-09
SI104666,2025-05-03,C1055,P3023,7,0.08,448.2,3137.4,250.99,2886.41,2025-05-18,2025-05-24
SI104667,2025-09-03,C1120,P3019,5,0.08,2731.93,13659.65,1092.77,12566.88,2025-10-03,2025-11-02
SI104668,2026-01-08,C1111,P3046,8,0.05,2017.69,16141.52,807.08,15334.44,2026-02-07,2026-02-07
SI104669,2025-02-20,C1104,P3022,9,0.2,1625.31,14627.79,2925.56,11702.23,2025-03-22,2025-03-28
SI104670,2025-03-12,C1033,P3013,5,0.02,791.6,3958.0,79.16,3878.84,2025-04-26,2025-04-26
SI104671,2026-04-25,C1096,P3021,8,0.15,308.88,2471.04,370.66,2100.38,2026-05-10,2026-05-10
SI104672,2025-01-19,C1071,P3001,1,0.08,1380.63,1380.63,110.45,1270.18,2025-02-18,2025-02-18
SI104673,2025-03-25,C1019,P3059,1,0.02,578.62,578.62,11.57,567.05,2025-04-24,2025-05-01
SI104674,2025-06-04,C1034,P3019,7,0.15,2731.93,19123.51,2868.53,16254.98,2025-08-03,2025-09-01
SI104675,2025-12-23,C1078,P3060,6,0.05,157.9,947.4,47.37,900.03,2026-01-22,2026-01-22
SI104676,2026-03-19,C1050,P3033,5,0.1,246.53,1232.65,123.27,1109.38,2026-04-18,2026-04-18
SI104677,2025-03-10,C1047,P3004,5,0.05,2184.56,10922.8,546.14,10376.66,2025-04-09,2025-05-11
SI104678,2026-06-07,C1046,P3042,9,0.15,2136.42,19227.78,2884.17,16343.61,2026-06-22,2026-07-22
SI104679,2025-05-23,C1056,P3003,1,0.08,3501.32,3501.32,280.11,3221.21,2025-06-22,2025-07-05
SI104680,2025-07-11,C1057,P3027,8,0.02,1582.59,12660.72,253.21,12407.51,2025-08-25,2025-09-12
SI104681,2026-01-22,C1083,P3052,2,0.08,1201.09,2402.18,192.17,2210.01,2026-03-08,2026-03-17
SI104682,2026-01-13,C1051,P3041,7,0.02,1655.7,11589.9,231.8,11358.1,2026-01-28,2026-01-28
SI104683,2026-06-19,C1054,P3035,6,0.05,1580.55,9483.3,474.16,9009.14,2026-07-19,2026-07-24
SI104684,2025-10-20,C1090,P3028,10,0.02,925.58,9255.8,185.12,9070.68,2025-11-19,2025-12-10
SI104685,2025-01-09,C1081,P3006,2,0.0,269.22,538.44,0.0,538.44,2025-02-08,2025-03-12
SI104686,2025-09-28,C1118,P3006,3,0.02,269.22,807.66,16.15,791.51,2025-10-28,
SI104687,2026-01-22,C1028,P3055,4,0.08,2802.87,11211.48,896.92,10314.56,2026-03-08,2026-03-17
SI104688,2025-04-03,C1019,P3057,7,0.05,339.43,2376.01,118.8,2257.21,2025-05-03,2025-05-14
SI104689,2026-06-13,C1027,P3044,8,0.05,450.62,3604.96,180.25,3424.71,2026-07-28,2026-08-22
SI104690,2025-06-03,C1048,P3023,11,0.02,448.2,4930.2,98.6,4831.6,2025-07-03,2025-07-19
SI104691,2026-02-09,C1116,P3033,2,0.08,246.53,493.06,39.44,453.62,2026-03-11,2026-03-25
SI104692,2025-05-29,C1019,P3016,8,0.08,2713.06,21704.48,1736.36,19968.12,2025-06-28,2025-07-06
SI104693,2025-09-24,C1097,P3024,11,0.05,1395.29,15348.19,767.41,14580.78,2025-11-08,2025-11-30
SI104694,2026-02-26,C1051,P3005,9,0.15,1385.35,12468.15,1870.22,10597.93,2026-03-13,2026-03-23
SI104695,2026-04-17,C1007,P3041,7,0.08,1655.7,11589.9,927.19,10662.71,2026-05-17,2026-06-18
SI104696,2026-07-01,C1029,P3042,1,0.08,2136.42,2136.42,170.91,1965.51,2026-07-31,2026-08-06
SI104697,2026-06-10,C1119,P3013,6,0.05,791.6,4749.6,237.48,4512.12,2026-08-09,2026-08-09
SI104698,2026-05-18,C1043,P3047,8,0.0,722.13,5777.04,0.0,5777.04,2026-06-17,2026-06-17
SI104699,2025-01-14,C1069,P3012,5,0.15,626.03,3130.15,469.52,2660.63,2025-02-28,
SI104700,2025-12-30,C1094,P3005,2,0.1,1385.35,2770.7,277.07,2493.63,2026-01-14,2026-01-23
SI104701,2025-04-29,C1113,P3037,5,0.02,1078.42,5392.1,107.84,5284.26,2025-06-13,2025-06-20
SI104702,2025-08-26,C1107,P3031,8,0.05,1098.22,8785.76,439.29,8346.47,2025-09-25,2025-10-28
SI104703,2026-06-30,C1120,P3028,2,0.08,925.58,1851.16,148.09,1703.07,2026-07-30,2026-08-08
SI104704,2025-06-18,C1058,P3028,1,0.08,925.58,925.58,74.05,851.53,2025-07-18,2025-07-18
SI104705,2026-06-06,C1008,P3030,4,0.15,1311.58,5246.32,786.95,4459.37,2026-08-05,2026-08-05
SI104706,2026-05-31,C1042,P3018,4,0.02,2434.61,9738.44,194.77,9543.67,2026-06-30,2026-07-10
SI104707,2026-02-01,C1076,P3044,9,0.05,450.62,4055.58,202.78,3852.8,2026-03-18,2026-04-24
SI104708,2025-04-16,C1042,P3027,3,0.0,1582.59,4747.77,0.0,4747.77,2025-05-16,2025-05-16
SI104709,2025-03-26,C1013,P3035,4,0.05,1580.55,6322.2,316.11,6006.09,2025-05-10,2025-05-19
SI104710,2025-08-02,C1026,P3026,3,0.0,2009.9,6029.7,0.0,6029.7,2025-09-16,2025-10-06
SI104711,2025-05-01,C1018,P3057,2,0.15,339.43,678.86,101.83,577.03,2025-06-15,2025-07-13
SI104712,2025-05-12,C1042,P3039,4,0.08,380.94,1523.76,121.9,1401.86,2025-06-11,2025-07-02
SI104713,2025-07-16,C1051,P3049,8,0.15,2738.46,21907.68,3286.15,18621.53,2025-07-31,2025-08-14
SI104714,2025-01-19,C1116,P3051,1,0.0,3798.59,3798.59,0.0,3798.59,2025-02-18,2025-02-18
SI104715,2025-01-12,C1113,P3060,8,0.02,157.9,1263.2,25.26,1237.94,2025-02-26,2025-02-26
SI104716,2025-03-22,C1084,P3018,8,0.02,2434.61,19476.88,389.54,19087.34,2025-04-21,2025-05-03
SI104717,2025-11-26,C1016,P3033,3,0.05,246.53,739.59,36.98,702.61,2025-12-26,2026-01-16
SI104718,2026-01-27,C1101,P3025,10,0.1,802.15,8021.5,802.15,7219.35,2026-02-26,2026-02-27
SI104719,2025-11-03,C1003,P3056,10,0.05,1862.7,18627.0,931.35,17695.65,2026-01-02,2026-01-02
SI104720,2025-09-24,C1091,P3031,6,0.02,1098.22,6589.32,131.79,6457.53,2025-10-24,2025-11-13
SI104721,2026-03-23,C1079,P3037,4,0.0,1078.42,4313.68,0.0,4313.68,2026-04-22,
SI104722,2026-03-17,C1098,P3059,1,0.0,578.62,578.62,0.0,578.62,2026-05-01,2026-05-22
SI104723,2025-01-02,C1045,P3060,1,0.1,157.9,157.9,15.79,142.11,2025-02-01,2025-02-23
SI104724,2026-06-04,C1022,P3002,5,0.05,3041.97,15209.85,760.49,14449.36,2026-08-03,2026-08-18
SI104725,2025-11-05,C1104,P3033,8,0.1,246.53,1972.24,197.22,1775.02,2025-12-05,2025-12-14
SI104726,2026-06-06,C1023,P3039,1,0.08,380.94,380.94,30.48,350.46,2026-06-21,2026-06-21
SI104727,2026-04-14,C1059,P3043,2,0.02,3207.57,6415.14,128.3,6286.84,2026-05-14,2026-05-16
SI104728,2025-07-31,C1062,P3043,7,0.02,3207.57,22452.99,449.06,22003.93,2025-08-30,
SI104729,2025-04-22,C1113,P3032,8,0.1,1742.31,13938.48,1393.85,12544.63,2025-06-06,2025-06-06
SI104730,2025-01-08,C1068,P3018,3,0.1,2434.61,7303.83,730.38,6573.45,2025-02-07,2025-02-26
SI104731,2026-04-22,C1115,P3017,11,0.05,1213.79,13351.69,667.58,12684.11,2026-05-07,
SI104732,2026-04-05,C1054,P3034,8,0.0,1214.64,9717.12,0.0,9717.12,2026-05-05,2026-05-05
SI104733,2025-09-10,C1057,P3039,1,0.0,380.94,380.94,0.0,380.94,2025-10-25,2025-11-04
SI104734,2026-06-10,C1105,P3007,9,0.05,3525.77,31731.93,1586.6,30145.33,2026-07-10,2026-08-17
SI104735,2026-03-14,C1023,P3042,2,0.0,2136.42,4272.84,0.0,4272.84,2026-03-29,2026-04-02
SI104736,2025-08-24,C1111,P3054,2,0.02,1517.45,3034.9,60.7,2974.2,2025-09-23,2025-10-09
SI104737,2025-11-02,C1060,P3053,4,0.05,2275.72,9102.88,455.14,8647.74,2025-11-17,2025-11-17
SI104738,2026-04-23,C1073,P3035,10,0.02,1580.55,15805.5,316.11,15489.39,2026-05-08,2026-05-19
SI104739,2025-01-20,C1088,P3030,3,0.0,1311.58,3934.74,0.0,3934.74,2025-02-19,2025-02-25
SI104740,2025-08-04,C1085,P3012,4,0.15,626.03,2504.12,375.62,2128.5,2025-10-03,2025-10-12
SI104741,2025-05-15,C1105,P3035,6,0.08,1580.55,9483.3,758.66,8724.64,2025-06-14,2025-07-02
SI104742,2025-05-09,C1110,P3011,7,0.15,335.11,2345.77,351.87,1993.9,2025-06-08,2025-06-18
SI104743,2026-02-14,C1055,P3044,5,0.05,450.62,2253.1,112.66,2140.44,2026-03-01,2026-03-01
SI104744,2026-02-26,C1117,P3057,2,0.08,339.43,678.86,54.31,624.55,2026-03-13,2026-03-19
SI104745,2025-10-21,C1080,P3004,3,0.02,2184.56,6553.68,131.07,6422.61,2025-11-20,2025-11-30
SI104746,2025-09-03,C1063,P3025,10,0.08,802.15,8021.5,641.72,7379.78,2025-10-03,2025-10-03
SI104747,2025-03-27,C1056,P3048,11,0.02,1671.29,18384.19,367.68,18016.51,2025-04-26,2025-04-30
SI104748,2026-01-10,C1055,P3032,3,0.0,1742.31,5226.93,0.0,5226.93,2026-01-25,2026-01-26
SI104749,2026-03-22,C1025,P3020,5,0.15,3394.02,16970.1,2545.52,14424.58,2026-05-06,2026-05-06
SI104750,2026-01-13,C1026,P3050,11,0.08,1957.91,21537.01,1722.96,19814.05,2026-02-27,2026-03-08
SI104751,2026-01-25,C1049,P3031,5,0.15,1098.22,5491.1,823.67,4667.43,2026-02-24,2026-02-24
SI104752,2025-02-20,C1063,P3004,4,0.05,2184.56,8738.24,436.91,8301.33,2025-03-22,2025-03-30
SI104753,2025-08-30,C1045,P3054,8,0.05,1517.45,12139.6,606.98,11532.62,2025-09-29,
SI104754,2025-10-21,C1073,P3038,6,0.05,595.11,3570.66,178.53,3392.13,2025-11-05,2025-11-20
SI104755,2025-09-23,C1079,P3053,6,0.08,2275.72,13654.32,1092.35,12561.97,2025-10-23,
SI104756,2025-04-30,C1039,P3047,1,0.08,722.13,722.13,57.77,664.36,2025-06-14,
SI104757,2025-09-05,C1097,P3001,6,0.15,1380.63,8283.78,1242.57,7041.21,2025-10-20,2025-10-27
SI104758,2025-03-11,C1065,P3003,3,0.0,3501.32,10503.96,0.0,10503.96,2025-04-25,2025-04-26
SI104759,2025-02-26,C1069,P3037,6,0.08,1078.42,6470.52,517.64,5952.88,2025-04-12,2025-05-15
SI104760,2026-01-17,C1056,P3022,10,0.05,1625.31,16253.1,812.66,15440.44,2026-02-16,2026-02-25
SI104761,2025-02-08,C1009,P3017,11,0.02,1213.79,13351.69,267.03,13084.66,2025-04-09,2025-04-14
SI104762,2026-03-19,C1108,P3014,6,0.05,1012.57,6075.42,303.77,5771.65,2026-04-03,2026-04-05
SI104763,2025-01-18,C1070,P3041,2,0.05,1655.7,3311.4,165.57,3145.83,2025-02-17,2025-03-02
SI104764,2025-12-18,C1028,P3035,1,0.02,1580.55,1580.55,31.61,1548.94,2026-02-01,2026-02-11
SI104765,2025-10-25,C1045,P3058,11,0.02,226.7,2493.7,49.87,2443.83,2025-11-24,2025-11-27
SI104766,2025-10-10,C1026,P3013,3,0.05,791.6,2374.8,118.74,2256.06,2025-11-24,2025-11-27
SI104767,2025-04-20,C1028,P3035,5,0.05,1580.55,7902.75,395.14,7507.61,2025-06-04,2025-06-09
SI104768,2025-06-29,C1040,P3043,4,0.05,3207.57,12830.28,641.51,12188.77,2025-08-13,2025-09-09
SI104769,2026-06-28,C1015,P3002,7,0.02,3041.97,21293.79,425.88,20867.91,2026-07-28,2026-08-05
SI104770,2025-01-25,C1006,P3056,4,0.0,1862.7,7450.8,0.0,7450.8,2025-03-26,2025-04-07
SI104771,2025-02-26,C1027,P3047,8,0.2,722.13,5777.04,1155.41,4621.63,2025-04-12,2025-04-12
SI104772,2025-06-29,C1038,P3013,7,0.2,791.6,5541.2,1108.24,4432.96,2025-07-29,
SI104773,2025-08-20,C1068,P3051,10,0.05,3798.59,37985.9,1899.3,36086.6,2025-09-19,2025-10-06
SI104774,2025-12-09,C1075,P3054,9,0.2,1517.45,13657.05,2731.41,10925.64,2026-01-23,2026-02-14
SI104775,2026-04-22,C1085,P3016,1,0.08,2713.06,2713.06,217.04,2496.02,2026-06-21,2026-06-21
SI104776,2026-03-31,C1064,P3018,5,0.0,2434.61,12173.05,0.0,12173.05,2026-04-30,
SI104777,2025-08-20,C1030,P3007,4,0.0,3525.77,14103.08,0.0,14103.08,2025-09-19,2025-09-26
SI104778,2025-10-16,C1082,P3045,6,0.15,2906.1,17436.6,2615.49,14821.11,2025-11-30,
SI104779,2025-08-01,C1099,P3036,1,0.08,2524.78,2524.78,201.98,2322.8,2025-08-31,2025-09-12
SI104780,2025-09-15,C1003,P3041,6,0.15,1655.7,9934.2,1490.13,8444.07,2025-11-14,2025-12-10
SI104781,2026-06-14,C1062,P3030,1,0.15,1311.58,1311.58,196.74,1114.84,2026-07-14,2026-07-20
SI104782,2025-08-17,C1012,P3042,1,0.05,2136.42,2136.42,106.82,2029.6,2025-09-16,2025-09-16
SI104783,2025-08-14,C1091,P3041,8,0.0,1655.7,13245.6,0.0,13245.6,2025-09-13,
SI104784,2026-03-11,C1117,P3007,2,0.02,3525.77,7051.54,141.03,6910.51,2026-03-26,2026-04-07
SI104785,2026-02-06,C1030,P3015,10,0.0,3965.84,39658.4,0.0,39658.4,2026-03-08,2026-03-13
SI104786,2025-03-29,C1085,P3060,6,0.02,157.9,947.4,18.95,928.45,2025-05-28,2025-05-28
SI104787,2026-06-26,C1038,P3040,6,0.05,2880.96,17285.76,864.29,16421.47,2026-07-26,2026-07-26
SI104788,2025-11-05,C1085,P3019,6,0.0,2731.93,16391.58,0.0,16391.58,2026-01-04,2026-01-10
SI104789,2025-12-09,C1060,P3043,8,0.02,3207.57,25660.56,513.21,25147.35,2025-12-24,2025-12-28
SI104790,2026-03-12,C1038,P3037,4,0.05,1078.42,4313.68,215.68,4098.0,2026-04-11,
SI104791,2025-06-26,C1104,P3002,3,0.05,3041.97,9125.91,456.3,8669.61,2025-07-26,2025-07-26
SI104792,2025-05-19,C1015,P3042,6,0.05,2136.42,12818.52,640.93,12177.59,2025-06-18,
SI104793,2025-07-13,C1018,P3048,4,0.05,1671.29,6685.16,334.26,6350.9,2025-08-27,2025-09-04
SI104794,2025-07-05,C1052,P3055,2,0.08,2802.87,5605.74,448.46,5157.28,2025-07-20,
SI104795,2025-08-06,C1029,P3013,6,0.15,791.6,4749.6,712.44,4037.16,2025-09-05,2025-10-08
SI104796,2025-06-13,C1112,P3040,10,0.0,2880.96,28809.6,0.0,28809.6,2025-07-28,2025-08-01
SI104797,2025-06-10,C1102,P3041,5,0.0,1655.7,8278.5,0.0,8278.5,2025-07-10,2025-07-21
SI104798,2026-06-09,C1060,P3043,11,0.15,3207.57,35283.27,5292.49,29990.78,2026-06-24,2026-06-24
SI104799,2025-02-11,C1021,P3043,9,0.05,3207.57,28868.13,1443.41,27424.72,2025-03-13,2025-03-18
SI104800,2025-07-29,C1017,P3055,11,0.1,2802.87,30831.57,3083.16,27748.41,2025-09-27,2025-09-27
SI104801,2025-10-02,C1105,P3058,6,0.02,226.7,1360.2,27.2,1333.0,2025-11-01,
SI104802,2025-10-06,C1115,P3031,3,0.1,1098.22,3294.66,329.47,2965.19,2025-10-21,2025-10-21
SI104803,2025-09-08,C1018,P3016,11,0.15,2713.06,29843.66,4476.55,25367.11,2025-10-23,2025-11-12
SI104804,2025-11-06,C1057,P3042,5,0.08,2136.42,10682.1,854.57,9827.53,2025-12-21,2026-01-06
SI104805,2025-05-20,C1119,P3056,10,0.0,1862.7,18627.0,0.0,18627.0,2025-07-19,2025-07-19
SI104806,2026-06-30,C1037,P3044,8,0.15,450.62,3604.96,540.74,3064.22,2026-08-14,2026-08-26
SI104807,2026-06-14,C1060,P3057,9,0.1,339.43,3054.87,305.49,2749.38,2026-06-29,2026-07-04
SI104808,2025-02-26,C1038,P3006,8,0.1,269.22,2153.76,215.38,1938.38,2025-03-28,2025-04-01
SI104809,2025-04-22,C1012,P3028,3,0.0,925.58,2776.74,0.0,2776.74,2025-05-22,2025-05-22
SI104810,2025-01-05,C1075,P3032,9,0.1,1742.31,15680.79,1568.08,14112.71,2025-02-19,2025-02-21
SI104811,2026-02-14,C1112,P3044,3,0.02,450.62,1351.86,27.04,1324.82,2026-03-31,2026-04-14
SI104812,2026-02-18,C1116,P3010,8,0.02,2279.96,18239.68,364.79,17874.89,2026-03-20,2026-03-31
SI104813,2025-07-01,C1113,P3050,10,0.08,1957.91,19579.1,1566.33,18012.77,2025-08-15,2025-08-25
SI104814,2025-01-13,C1084,P3018,9,0.02,2434.61,21911.49,438.23,21473.26,2025-02-12,2025-02-25
SI104815,2025-12-05,C1073,P3004,7,0.08,2184.56,15291.92,1223.35,14068.57,2025-12-20,2026-01-22
SI104816,2025-09-16,C1001,P3009,4,0.08,939.78,3759.12,300.73,3458.39,2025-11-15,2025-11-30
SI104817,2025-03-31,C1058,P3007,10,0.0,3525.77,35257.7,0.0,35257.7,2025-04-30,2025-05-09
SI104818,2025-09-07,C1003,P3050,9,0.08,1957.91,17621.19,1409.7,16211.49,2025-11-06,2025-11-06
SI104819,2025-09-12,C1063,P3008,3,0.15,3538.95,10616.85,1592.53,9024.32,2025-10-12,2025-10-25
SI104820,2025-04-18,C1021,P3043,3,0.02,3207.57,9622.71,192.45,9430.26,2025-05-18,2025-05-18
SI104821,2026-04-30,C1023,P3007,2,0.08,3525.77,7051.54,564.12,6487.42,2026-05-15,
SI104822,2025-09-15,C1009,P3041,10,0.05,1655.7,16557.0,827.85,15729.15,2025-11-14,2025-11-14
SI104823,2025-10-09,C1118,P3040,3,0.05,2880.96,8642.88,432.14,8210.74,2025-11-08,2025-11-08
SI104824,2025-03-29,C1083,P3003,1,0.05,3501.32,3501.32,175.07,3326.25,2025-05-13,2025-05-21
SI104825,2025-07-23,C1109,P3017,4,0.05,1213.79,4855.16,242.76,4612.4,2025-08-22,2025-09-05
SI104826,2025-01-16,C1055,P3002,8,0.0,3041.97,24335.76,0.0,24335.76,2025-01-31,2025-02-11
SI104827,2025-05-31,C1110,P3015,5,0.2,3965.84,19829.2,3965.84,15863.36,2025-06-30,
SI104828,2025-09-11,C1116,P3046,2,0.08,2017.69,4035.38,322.83,3712.55,2025-10-11,2025-11-04
SI104829,2025-07-07,C1019,P3029,3,0.05,1017.07,3051.21,152.56,2898.65,2025-08-06,2025-08-06
SI104830,2025-11-25,C1062,P3050,1,0.05,1957.91,1957.91,97.9,1860.01,2025-12-25,2026-01-01
SI104831,2026-06-28,C1087,P3048,2,0.08,1671.29,3342.58,267.41,3075.17,2026-07-28,2026-08-30
SI104832,2026-02-01,C1091,P3052,1,0.05,1201.09,1201.09,60.05,1141.04,2026-03-03,2026-03-28
SI104833,2026-06-01,C1091,P3022,2,0.05,1625.31,3250.62,162.53,3088.09,2026-07-01,2026-07-17
SI104834,2026-04-04,C1039,P3004,3,0.05,2184.56,6553.68,327.68,6226.0,2026-05-19,2026-06-11
SI104835,2025-11-26,C1100,P3057,1,0.05,339.43,339.43,16.97,322.46,2025-12-11,2025-12-11
SI104836,2025-06-18,C1076,P3052,11,0.02,1201.09,13211.99,264.24,12947.75,2025-08-02,2025-08-06
SI104837,2026-01-01,C1119,P3006,9,0.08,269.22,2422.98,193.84,2229.14,2026-03-02,2026-03-28
SI104838,2025-06-27,C1027,P3038,10,0.15,595.11,5951.1,892.67,5058.43,2025-08-11,2025-08-14
SI104839,2025-12-28,C1046,P3026,5,0.02,2009.9,10049.5,200.99,9848.51,2026-01-12,2026-01-29
SI104840,2025-02-09,C1034,P3011,8,0.0,335.11,2680.88,0.0,2680.88,2025-04-10,2025-05-13
SI104841,2026-02-20,C1033,P3026,5,0.02,2009.9,10049.5,200.99,9848.51,2026-04-06,2026-04-06
SI104842,2025-12-21,C1092,P3017,8,0.2,1213.79,9710.32,1942.06,7768.26,2026-02-04,2026-02-23
SI104843,2025-09-12,C1095,P3024,7,0.1,1395.29,9767.03,976.7,8790.33,2025-09-27,2025-09-27
SI104844,2025-05-23,C1096,P3028,4,0.08,925.58,3702.32,296.19,3406.13,2025-06-07,2025-07-03
SI104845,2025-01-11,C1050,P3035,7,0.15,1580.55,11063.85,1659.58,9404.27,2025-02-10,2025-02-11
SI104846,2025-01-26,C1020,P3031,6,0.05,1098.22,6589.32,329.47,6259.85,2025-02-10,
SI104847,2026-02-25,C1040,P3013,3,0.2,791.6,2374.8,474.96,1899.84,2026-04-11,2026-04-14
SI104848,2025-08-09,C1099,P3054,9,0.05,1517.45,13657.05,682.85,12974.2,2025-09-08,2025-10-07
SI104849,2026-05-11,C1095,P3035,10,0.02,1580.55,15805.5,316.11,15489.39,2026-05-26,2026-05-30
SI104850,2025-08-25,C1058,P3016,9,0.08,2713.06,24417.54,1953.4,22464.14,2025-09-24,2025-09-27
SI104851,2025-08-25,C1031,P3015,5,0.05,3965.84,19829.2,991.46,18837.74,2025-10-09,
SI104852,2025-08-07,C1038,P3043,8,0.08,3207.57,25660.56,2052.84,23607.72,2025-09-06,2025-09-16
SI104853,2026-05-02,C1086,P3018,7,0.05,2434.61,17042.27,852.11,16190.16,2026-06-16,2026-06-16
SI104854,2026-04-06,C1045,P3047,9,0.08,722.13,6499.17,519.93,5979.24,2026-05-06,2026-05-17
SI104855,2025-05-24,C1041,P3037,7,0.05,1078.42,7548.94,377.45,7171.49,2025-07-08,2025-07-17
SI104856,2025-07-08,C1009,P3048,4,0.0,1671.29,6685.16,0.0,6685.16,2025-09-06,2025-09-06
SI104857,2025-09-12,C1116,P3048,4,0.15,1671.29,6685.16,1002.77,5682.39,2025-10-12,2025-10-24
SI104858,2025-03-09,C1009,P3049,11,0.15,2738.46,30123.06,4518.46,25604.6,2025-05-08,2025-05-10
SI104859,2025-12-02,C1063,P3041,8,0.2,1655.7,13245.6,2649.12,10596.48,2026-01-01,2026-01-03
SI104860,2026-02-13,C1079,P3027,6,0.08,1582.59,9495.54,759.64,8735.9,2026-03-15,2026-03-17
SI104861,2025-10-27,C1077,P3055,9,0.08,2802.87,25225.83,2018.07,23207.76,2025-11-26,2025-11-26
SI104862,2025-12-23,C1022,P3035,10,0.08,1580.55,15805.5,1264.44,14541.06,2026-02-21,2026-02-21
SI104863,2025-09-13,C1016,P3052,7,0.02,1201.09,8407.63,168.15,8239.48,2025-10-13,2025-10-24
SI104864,2025-12-19,C1032,P3045,7,0.02,2906.1,20342.7,406.85,19935.85,2026-02-02,2026-02-06
SI104865,2026-06-05,C1066,P3054,4,0.05,1517.45,6069.8,303.49,5766.31,2026-08-04,2026-08-16
SI104866,2026-06-08,C1090,P3035,3,0.15,1580.55,4741.65,711.25,4030.4,2026-07-08,
SI104867,2025-10-11,C1014,P3028,8,0.02,925.58,7404.64,148.09,7256.55,2025-11-10,2025-11-11
SI104868,2025-11-08,C1038,P3039,7,0.15,380.94,2666.58,399.99,2266.59,2025-12-08,2025-12-08
SI104869,2025-04-09,C1098,P3038,4,0.08,595.11,2380.44,190.44,2190.0,2025-05-24,2025-06-19
SI104870,2025-07-16,C1008,P3009,4,0.08,939.78,3759.12,300.73,3458.39,2025-09-14,2025-09-14
SI104871,2026-04-27,C1100,P3012,1,0.0,626.03,626.03,0.0,626.03,2026-05-12,2026-05-25
SI104872,2025-08-14,C1021,P3015,11,0.02,3965.84,43624.24,872.48,42751.76,2025-09-13,2025-09-13
SI104873,2025-12-31,C1056,P3021,7,0.2,308.88,2162.16,432.43,1729.73,2026-01-30,2026-02-25
SI104874,2026-01-03,C1046,P3052,1,0.02,1201.09,1201.09,24.02,1177.07,2026-01-18,2026-01-18
SI104875,2025-03-16,C1043,P3035,10,0.05,1580.55,15805.5,790.28,15015.22,2025-04-15,2025-04-15
SI104876,2025-02-11,C1120,P3042,10,0.02,2136.42,21364.2,427.28,20936.92,2025-03-13,
SI104877,2026-02-26,C1092,P3033,4,0.02,246.53,986.12,19.72,966.4,2026-04-12,2026-05-11
SI104878,2025-06-30,C1046,P3051,11,0.02,3798.59,41784.49,835.69,40948.8,2025-07-15,2025-07-30
SI104879,2026-06-29,C1108,P3019,3,0.08,2731.93,8195.79,655.66,7540.13,2026-07-14,2026-07-18
SI104880,2025-03-12,C1048,P3055,11,0.05,2802.87,30831.57,1541.58,29289.99,2025-04-11,2025-05-07
SI104881,2025-04-15,C1070,P3023,3,0.08,448.2,1344.6,107.57,1237.03,2025-05-15,2025-05-22
SI104882,2025-07-19,C1084,P3013,1,0.02,791.6,791.6,15.83,775.77,2025-08-18,
SI104883,2025-04-11,C1031,P3044,4,0.1,450.62,1802.48,180.25,1622.23,2025-05-26,2025-05-26
SI104884,2025-11-03,C1033,P3001,1,0.1,1380.63,1380.63,138.06,1242.57,2025-12-18,
SI104885,2026-01-12,C1044,P3051,8,0.0,3798.59,30388.72,0.0,30388.72,2026-01-27,2026-02-26
SI104886,2026-02-03,C1071,P3029,1,0.05,1017.07,1017.07,50.85,966.22,2026-03-05,2026-03-08
SI104887,2025-08-09,C1008,P3024,6,0.0,1395.29,8371.74,0.0,8371.74,2025-10-08,2025-10-14
SI104888,2025-07-01,C1073,P3016,7,0.1,2713.06,18991.42,1899.14,17092.28,2025-07-16,2025-07-16
SI104889,2025-11-03,C1002,P3025,10,0.1,802.15,8021.5,802.15,7219.35,2026-01-02,2026-01-07
SI104890,2026-06-06,C1017,P3055,2,0.15,2802.87,5605.74,840.86,4764.88,2026-08-05,2026-08-10
SI104891,2026-01-31,C1052,P3023,4,0.02,448.2,1792.8,35.86,1756.94,2026-02-15,2026-02-15
SI104892,2025-01-04,C1045,P3028,11,0.05,925.58,10181.38,509.07,9672.31,2025-02-03,2025-02-13
SI104893,2025-10-08,C1037,P3047,3,0.02,722.13,2166.39,43.33,2123.06,2025-11-22,2025-11-22
SI104894,2025-08-03,C1042,P3016,9,0.05,2713.06,24417.54,1220.88,23196.66,2025-09-02,2025-09-08
SI104895,2026-02-24,C1044,P3043,7,0.08,3207.57,22452.99,1796.24,20656.75,2026-03-11,2026-04-23
SI104896,2025-04-11,C1081,P3056,2,0.0,1862.7,3725.4,0.0,3725.4,2025-05-11,2025-06-12
SI104897,2026-06-05,C1117,P3038,11,0.08,595.11,6546.21,523.7,6022.51,2026-06-20,2026-07-01
SI104898,2025-11-05,C1038,P3011,6,0.08,335.11,2010.66,160.85,1849.81,2025-12-05,2025-12-05
SI104899,2026-05-25,C1099,P3003,9,0.1,3501.32,31511.88,3151.19,28360.69,2026-06-24,2026-08-06
SI104900,2025-03-04,C1111,P3015,3,0.05,3965.84,11897.52,594.88,11302.64,2025-04-03,2025-04-21
SI104901,2025-08-14,C1103,P3001,11,0.15,1380.63,15186.93,2278.04,12908.89,2025-09-13,2025-09-13
SI104902,2025-04-15,C1094,P3007,6,0.2,3525.77,21154.62,4230.92,16923.7,2025-04-30,
SI104903,2026-03-01,C1006,P3001,3,0.15,1380.63,4141.89,621.28,3520.61,2026-04-30,2026-06-07
SI104904,2025-09-12,C1068,P3049,3,0.1,2738.46,8215.38,821.54,7393.84,2025-10-12,2025-11-24
SI104905,2026-03-05,C1051,P3032,4,0.1,1742.31,6969.24,696.92,6272.32,2026-03-20,
SI104906,2026-03-10,C1101,P3009,9,0.08,939.78,8458.02,676.64,7781.38,2026-04-09,2026-04-09
SI104907,2025-07-26,C1035,P3029,11,0.02,1017.07,11187.77,223.76,10964.01,2025-08-25,2025-08-28
SI104908,2025-01-28,C1058,P3026,8,0.08,2009.9,16079.2,1286.34,14792.86,2025-02-27,2025-03-02
SI104909,2025-12-02,C1057,P3023,1,0.08,448.2,448.2,35.86,412.34,2026-01-16,2026-01-20
SI104910,2025-03-10,C1073,P3045,11,0.2,2906.1,31967.1,6393.42,25573.68,2025-03-25,2025-04-10
SI104911,2026-05-28,C1006,P3043,1,0.08,3207.57,3207.57,256.61,2950.96,2026-07-27,2026-07-27
SI104912,2025-06-16,C1013,P3029,7,0.05,1017.07,7119.49,355.97,6763.52,2025-07-31,
SI104913,2026-01-03,C1059,P3052,3,0.08,1201.09,3603.27,288.26,3315.01,2026-02-02,2026-02-02
SI104914,2025-09-08,C1086,P3038,11,0.2,595.11,6546.21,1309.24,5236.97,2025-10-23,2025-12-03
SI104915,2025-06-19,C1092,P3033,7,0.02,246.53,1725.71,34.51,1691.2,2025-08-03,2025-08-03
SI104916,2025-03-31,C1030,P3007,9,0.05,3525.77,31731.93,1586.6,30145.33,2025-04-30,2025-05-19
SI104917,2026-03-22,C1116,P3012,3,0.08,626.03,1878.09,150.25,1727.84,2026-04-21,
SI104918,2025-10-21,C1100,P3031,3,0.02,1098.22,3294.66,65.89,3228.77,2025-11-05,2025-11-17
SI104919,2025-05-30,C1002,P3032,2,0.0,1742.31,3484.62,0.0,3484.62,2025-07-29,2025-08-05
SI104920,2025-05-12,C1058,P3054,10,0.05,1517.45,15174.5,758.72,14415.78,2025-06-11,2025-06-14
SI104921,2026-03-09,C1036,P3020,1,0.15,3394.02,3394.02,509.1,2884.92,2026-04-08,2026-04-08
SI104922,2025-02-28,C1072,P3055,9,0.0,2802.87,25225.83,0.0,25225.83,2025-03-15,2025-03-22
SI104923,2025-07-18,C1045,P3051,6,0.05,3798.59,22791.54,1139.58,21651.96,2025-08-17,2025-09-07
SI104924,2025-08-03,C1106,P3017,6,0.1,1213.79,7282.74,728.27,6554.47,2025-09-02,2025-09-02
SI104925,2026-04-17,C1114,P3036,8,0.2,2524.78,20198.24,4039.65,16158.59,2026-05-17,2026-06-05
SI104926,2025-09-04,C1009,P3003,11,0.2,3501.32,38514.52,7702.9,30811.62,2025-11-03,2025-11-12
SI104927,2026-01-17,C1065,P3001,5,0.05,1380.63,6903.15,345.16,6557.99,2026-03-03,
SI104928,2025-08-27,C1077,P3050,9,0.2,1957.91,17621.19,3524.24,14096.95,2025-09-26,2025-10-17
SI104929,2026-01-02,C1050,P3027,11,0.0,1582.59,17408.49,0.0,17408.49,2026-02-01,2026-02-03
SI104930,2025-06-17,C1079,P3053,5,0.1,2275.72,11378.6,1137.86,10240.74,2025-07-17,2025-07-19
SI104931,2025-02-20,C1032,P3047,2,0.08,722.13,1444.26,115.54,1328.72,2025-04-06,2025-04-13
SI104932,2026-01-15,C1098,P3040,6,0.02,2880.96,17285.76,345.72,16940.04,2026-03-01,2026-03-11
SI104933,2026-04-19,C1043,P3033,9,0.05,246.53,2218.77,110.94,2107.83,2026-05-19,2026-05-23
SI104934,2025-03-21,C1095,P3020,3,0.02,3394.02,10182.06,203.64,9978.42,2025-04-05,2025-04-22
SI104935,2026-01-02,C1078,P3014,10,0.15,1012.57,10125.7,1518.86,8606.84,2026-02-01,2026-02-13
SI104936,2026-04-06,C1054,P3036,4,0.05,2524.78,10099.12,504.96,9594.16,2026-05-06,2026-05-10
SI104937,2026-06-23,C1047,P3005,10,0.08,1385.35,13853.5,1108.28,12745.22,2026-07-23,2026-08-03
SI104938,2026-03-28,C1014,P3023,11,0.02,448.2,4930.2,98.6,4831.6,2026-04-27,2026-04-27
SI104939,2026-04-09,C1048,P3045,8,0.02,2906.1,23248.8,464.98,22783.82,2026-05-09,2026-06-06
SI104940,2026-04-23,C1055,P3060,6,0.2,157.9,947.4,189.48,757.92,2026-05-08,2026-05-08
SI104941,2026-02-24,C1029,P3056,7,0.1,1862.7,13038.9,1303.89,11735.01,2026-03-26,2026-04-03
SI104942,2025-08-02,C1047,P3015,7,0.2,3965.84,27760.88,5552.18,22208.7,2025-09-01,2025-09-18
SI104943,2026-01-04,C1063,P3006,4,0.05,269.22,1076.88,53.84,1023.04,2026-02-03,2026-02-08
SI104944,2025-04-24,C1019,P3033,6,0.02,246.53,1479.18,29.58,1449.6,2025-05-24,2025-05-24
SI104945,2026-05-18,C1091,P3055,9,0.05,2802.87,25225.83,1261.29,23964.54,2026-06-17,2026-07-09
SI104946,2025-11-07,C1009,P3019,3,0.05,2731.93,8195.79,409.79,7786.0,2026-01-06,2026-01-20
SI104947,2026-04-14,C1101,P3013,8,0.02,791.6,6332.8,126.66,6206.14,2026-05-14,2026-06-21
SI104948,2025-02-13,C1037,P3029,7,0.1,1017.07,7119.49,711.95,6407.54,2025-03-30,
SI104949,2026-02-19,C1107,P3006,4,0.05,269.22,1076.88,53.84,1023.04,2026-03-21,2026-04-23
SI104950,2025-09-03,C1092,P3015,10,0.02,3965.84,39658.4,793.17,38865.23,2025-10-18,2025-10-23
SI104951,2025-03-25,C1052,P3016,3,0.05,2713.06,8139.18,406.96,7732.22,2025-04-09,2025-04-28
SI104952,2025-07-26,C1057,P3024,7,0.08,1395.29,9767.03,781.36,8985.67,2025-09-09,2025-09-12
SI104953,2025-05-31,C1088,P3023,10,0.1,448.2,4482.0,448.2,4033.8,2025-06-30,2025-06-30
SI104954,2026-06-12,C1028,P3048,9,0.05,1671.29,15041.61,752.08,14289.53,2026-07-27,2026-08-01
SI104955,2025-06-14,C1036,P3010,10,0.08,2279.96,22799.6,1823.97,20975.63,2025-07-14,2025-08-04
SI104956,2025-05-25,C1116,P3054,3,0.02,1517.45,4552.35,91.05,4461.3,2025-06-24,2025-07-03
SI104957,2025-02-06,C1064,P3041,10,0.15,1655.7,16557.0,2483.55,14073.45,2025-03-08,2025-03-17
SI104958,2025-11-29,C1018,P3041,9,0.15,1655.7,14901.3,2235.19,12666.11,2026-01-13,2026-02-01
SI104959,2026-02-07,C1089,P3049,8,0.08,2738.46,21907.68,1752.61,20155.07,2026-03-09,2026-03-09
SI104960,2026-02-18,C1035,P3017,3,0.0,1213.79,3641.37,0.0,3641.37,2026-03-20,2026-04-10
SI104961,2025-02-14,C1068,P3049,8,0.08,2738.46,21907.68,1752.61,20155.07,2025-03-16,2025-03-18
SI104962,2026-02-06,C1078,P3056,4,0.08,1862.7,7450.8,596.06,6854.74,2026-03-08,2026-03-19
SI104963,2025-07-25,C1039,P3044,6,0.2,450.62,2703.72,540.74,2162.98,2025-09-08,2025-09-26
SI104964,2025-03-03,C1090,P3045,10,0.2,2906.1,29061.0,5812.2,23248.8,2025-04-02,2025-04-02
SI104965,2026-02-24,C1008,P3030,2,0.15,1311.58,2623.16,393.47,2229.69,2026-04-25,2026-04-25
SI104966,2026-04-13,C1088,P3044,8,0.0,450.62,3604.96,0.0,3604.96,2026-05-13,2026-05-28
SI104967,2025-01-19,C1080,P3046,9,0.2,2017.69,18159.21,3631.84,14527.37,2025-02-18,2025-03-08
SI104968,2025-12-31,C1084,P3010,7,0.08,2279.96,15959.72,1276.78,14682.94,2026-01-30,2026-01-30
SI104969,2025-10-27,C1015,P3055,8,0.1,2802.87,22422.96,2242.3,20180.66,2025-11-26,2025-12-06
SI104970,2025-01-07,C1007,P3019,7,0.05,2731.93,19123.51,956.18,18167.33,2025-02-06,2025-02-06
SI104971,2026-03-04,C1017,P3029,11,0.05,1017.07,11187.77,559.39,10628.38,2026-05-03,2026-05-11
SI104972,2025-04-27,C1086,P3002,10,0.05,3041.97,30419.7,1520.98,28898.72,2025-06-11,2025-06-20
SI104973,2026-05-22,C1086,P3036,4,0.02,2524.78,10099.12,201.98,9897.14,2026-07-06,2026-07-09
SI104974,2026-06-30,C1118,P3019,1,0.05,2731.93,2731.93,136.6,2595.33,2026-07-30,2026-08-08
SI104975,2025-11-21,C1064,P3007,3,0.15,3525.77,10577.31,1586.6,8990.71,2025-12-21,2026-01-13
SI104976,2025-02-24,C1012,P3026,7,0.0,2009.9,14069.3,0.0,14069.3,2025-03-26,
SI104977,2025-02-11,C1082,P3015,11,0.02,3965.84,43624.24,872.48,42751.76,2025-03-28,2025-03-28
SI104978,2025-10-24,C1056,P3047,11,0.02,722.13,7943.43,158.87,7784.56,2025-11-23,2025-11-23
SI104979,2025-08-19,C1046,P3056,7,0.05,1862.7,13038.9,651.95,12386.95,2025-09-03,2025-09-30
SI104980,2026-03-29,C1047,P3038,11,0.2,595.11,6546.21,1309.24,5236.97,2026-04-28,2026-06-04
SI104981,2026-01-29,C1079,P3003,3,0.02,3501.32,10503.96,210.08,10293.88,2026-02-28,2026-03-12
SI104982,2026-06-06,C1101,P3038,1,0.02,595.11,595.11,11.9,583.21,2026-07-06,2026-07-24
SI104983,2025-12-24,C1016,P3016,10,0.15,2713.06,27130.6,4069.59,23061.01,2026-01-23,2026-02-15
SI104984,2026-03-20,C1069,P3002,9,0.15,3041.97,27377.73,4106.66,23271.07,2026-05-04,2026-05-29
SI104985,2025-05-08,C1002,P3031,6,0.0,1098.22,6589.32,0.0,6589.32,2025-07-07,2025-07-24
SI104986,2026-02-09,C1116,P3028,7,0.1,925.58,6479.06,647.91,5831.15,2026-03-11,2026-03-19
SI104987,2026-01-27,C1092,P3007,1,0.08,3525.77,3525.77,282.06,3243.71,2026-03-13,2026-03-22
SI104988,2025-07-12,C1105,P3030,1,0.1,1311.58,1311.58,131.16,1180.42,2025-08-11,2025-08-13
SI104989,2025-03-19,C1054,P3043,4,0.05,3207.57,12830.28,641.51,12188.77,2025-04-18,2025-04-30
SI104990,2025-03-26,C1027,P3058,7,0.2,226.7,1586.9,317.38,1269.52,2025-05-10,
SI104991,2025-01-30,C1031,P3007,11,0.0,3525.77,38783.47,0.0,38783.47,2025-03-16,2025-04-10
SI104992,2025-02-18,C1041,P3036,11,0.02,2524.78,27772.58,555.45,27217.13,2025-04-04,2025-04-04
SI104993,2025-05-25,C1036,P3029,8,0.05,1017.07,8136.56,406.83,7729.73,2025-06-24,2025-07-18
SI104994,2025-03-10,C1047,P3024,10,0.05,1395.29,13952.9,697.64,13255.26,2025-04-09,2025-04-09
SI104995,2025-02-27,C1043,P3052,9,0.15,1201.09,10809.81,1621.47,9188.34,2025-03-29,2025-04-02
SI104996,2026-04-24,C1065,P3039,1,0.08,380.94,380.94,30.48,350.46,2026-06-08,2026-06-13
SI104997,2026-03-21,C1050,P3004,4,0.0,2184.56,8738.24,0.0,8738.24,2026-04-20,2026-04-20
SI104998,2025-10-23,C1093,P3029,4,0.05,1017.07,4068.28,203.41,3864.87,2025-11-07,2025-11-09
SI104999,2025-06-20,C1001,P3044,3,0.05,450.62,1351.86,67.59,1284.27,2025-08-19,
SI105000,2025-05-27,C1072,P3005,7,0.2,1385.35,9697.45,1939.49,7757.96,2025-06-11,2025-06-20
