vendor_invoice_id,invoice_date,vendor_id,expense_category,invoice_amount,due_date,payment_date
VI200001,2026-01-24,V2007,Logistics,1719.66,2026-02-23,2026-02-23
VI200002,2026-03-11,V2005,Raw Material,2274.0,2026-04-25,2026-05-08
VI200003,2026-05-11,V2031,Technology,6327.23,2026-06-10,2026-06-11
VI200004,2025-07-20,V2019,Facilities,4330.12,2025-08-19,2025-08-25
VI200005,2026-06-18,V2004,Raw Material,2723.49,2026-07-18,2026-07-18
VI200006,2025-10-24,V2022,Logistics,3794.99,2025-12-23,2025-12-30
VI200007,2026-05-09,V2003,Facilities,1308.1,2026-06-08,2026-06-08
VI200008,2025-11-27,V2023,Technology,9644.83,2026-01-11,2026-01-31
VI200009,2025-09-18,V2004,Raw Material,1353.39,2025-10-18,2025-10-18
VI200010,2025-02-24,V2024,Logistics,3413.55,2025-03-26,2025-04-07
VI200011,2025-10-09,V2014,Technology,6185.61,2025-11-08,2025-11-08
VI200012,2026-03-18,V2041,Facilities,3536.73,2026-05-02,2026-05-04
VI200013,2025-09-16,V2003,Facilities,2882.99,2025-10-16,2025-10-16
VI200014,2025-05-26,V2021,Professional Services,6195.6,2025-06-10,2025-06-10
VI200015,2026-01-26,V2026,Technology,4461.51,2026-03-12,2026-03-20
VI200016,2026-01-08,V2001,Technology,2172.21,2026-02-07,2026-02-16
VI200017,2025-02-14,V2030,Technology,8123.99,2025-03-01,2025-03-09
VI200018,2026-02-01,V2004,Raw Material,1837.42,2026-03-03,2026-03-03
VI200019,2025-09-19,V2014,Technology,8574.66,2025-10-19,2025-10-25
VI200020,2026-04-24,V2018,Professional Services,4383.52,2026-05-24,2026-05-24
VI200021,2026-04-30,V2012,Raw Material,2308.19,2026-06-14,2026-07-01
VI200022,2026-05-31,V2038,Professional Services,1534.99,2026-07-30,2026-07-30
VI200023,2026-05-01,V2042,Raw Material,3307.54,2026-05-31,
VI200024,2026-04-11,V2036,Professional Services,1995.29,2026-05-11,2026-05-16
VI200025,2026-04-11,V2016,Facilities,3197.47,2026-05-11,2026-05-11
VI200026,2025-01-22,V2001,Technology,4896.59,2025-02-21,2025-03-03
VI200027,2026-01-31,V2003,Facilities,5295.38,2026-03-02,2026-03-16
VI200028,2025-07-28,V2039,Logistics,7351.46,2025-09-26,2025-09-26
VI200029,2025-05-25,V2035,Technology,1531.08,2025-07-09,2025-07-09
VI200030,2026-02-24,V2015,Logistics,3487.28,2026-03-26,2026-04-10
VI200031,2025-12-15,V2038,Professional Services,1189.03,2026-02-13,2026-02-19
VI200032,2025-11-01,V2016,Facilities,2988.59,2025-12-01,2025-12-04
VI200033,2025-02-13,V2017,Professional Services,1085.63,2025-03-15,2025-03-15
VI200034,2025-04-17,V2034,Facilities,11813.53,2025-06-16,2025-06-18
VI200035,2025-05-30,V2010,Facilities,6916.01,2025-06-29,2025-07-03
VI200036,2025-09-21,V2011,Logistics,1094.24,2025-10-21,2025-10-31
VI200037,2025-04-20,V2028,Technology,1982.26,2025-05-20,2025-05-25
VI200038,2025-01-18,V2027,Professional Services,4770.12,2025-02-17,2025-02-17
VI200039,2025-12-02,V2038,Professional Services,3470.97,2026-01-31,2026-02-01
VI200040,2025-08-27,V2018,Professional Services,3018.37,2025-09-26,
VI200041,2025-11-24,V2030,Technology,3510.46,2025-12-09,2025-12-13
VI200042,2025-10-21,V2013,Raw Material,5190.2,2025-12-05,2025-12-28
VI200043,2026-02-17,V2016,Facilities,11009.16,2026-03-19,2026-04-13
VI200044,2026-04-06,V2002,Logistics,1427.57,2026-05-06,2026-05-14
VI200045,2025-03-22,V2020,Technology,2609.41,2025-04-06,2025-04-06
VI200046,2025-09-12,V2012,Raw Material,925.88,2025-10-27,2025-11-08
VI200047,2025-12-29,V2029,Technology,2882.89,2026-01-13,2026-01-23
VI200048,2026-04-02,V2008,Logistics,8664.31,2026-05-02,2026-05-28
VI200049,2026-03-19,V2038,Professional Services,4055.34,2026-05-18,2026-05-24
VI200050,2026-06-17,V2020,Technology,4922.84,2026-07-02,2026-07-04
VI200051,2025-08-26,V2035,Technology,3354.21,2025-10-10,2025-10-10
VI200052,2025-09-18,V2039,Logistics,1869.26,2025-11-17,
VI200053,2025-09-30,V2031,Technology,1099.21,2025-10-30,
VI200054,2025-10-07,V2016,Facilities,7655.58,2025-11-06,2025-11-09
VI200055,2025-05-30,V2023,Technology,2228.69,2025-07-14,2025-07-15
VI200056,2025-06-01,V2034,Facilities,2649.3,2025-07-31,
VI200057,2025-01-12,V2032,Logistics,832.73,2025-02-11,2025-02-13
VI200058,2025-01-14,V2017,Professional Services,1958.19,2025-02-13,2025-02-24
VI200059,2026-05-26,V2043,Professional Services,3247.77,2026-07-10,2026-07-19
VI200060,2026-06-26,V2024,Logistics,3721.93,2026-07-26,2026-07-26
VI200061,2026-03-21,V2035,Technology,8480.37,2026-05-05,2026-05-28
VI200062,2025-11-14,V2023,Technology,2530.07,2025-12-29,2025-12-29
VI200063,2025-08-26,V2008,Logistics,2781.24,2025-09-25,2025-09-25
VI200064,2026-06-23,V2023,Technology,8015.5,2026-08-07,2026-08-08
VI200065,2025-03-15,V2021,Professional Services,6391.87,2025-03-30,
VI200066,2026-03-10,V2019,Facilities,1193.82,2026-04-09,2026-04-12
VI200067,2025-10-25,V2031,Technology,7642.68,2025-11-24,2025-11-24
VI200068,2025-10-23,V2007,Logistics,1050.33,2025-11-22,
VI200069,2025-01-14,V2024,Logistics,4047.68,2025-02-13,2025-02-23
VI200070,2026-01-30,V2008,Logistics,4861.18,2026-03-01,2026-03-01
VI200071,2025-07-10,V2013,Raw Material,3366.83,2025-08-24,2025-08-24
VI200072,2026-02-25,V2003,Facilities,2335.32,2026-03-27,2026-03-27
VI200073,2025-04-16,V2034,Facilities,2228.41,2025-06-15,2025-06-15
VI200074,2026-01-29,V2013,Raw Material,597.48,2026-03-15,2026-03-15
VI200075,2026-03-14,V2032,Logistics,3289.22,2026-04-13,2026-04-25
VI200076,2025-01-07,V2035,Technology,3044.6,2025-02-21,2025-02-23
VI200077,2025-03-22,V2021,Professional Services,7930.21,2025-04-06,2025-04-14
VI200078,2026-04-30,V2001,Technology,2497.77,2026-05-30,2026-06-05
VI200079,2025-12-23,V2002,Logistics,2116.87,2026-01-22,2026-02-08
VI200080,2025-11-07,V2042,Raw Material,2136.08,2025-12-07,2025-12-19
VI200081,2026-05-21,V2043,Professional Services,1727.55,2026-07-05,2026-07-13
VI200082,2026-06-03,V2026,Technology,2217.72,2026-07-18,2026-08-10
VI200083,2026-03-25,V2003,Facilities,1525.74,2026-04-24,2026-04-24
VI200084,2025-10-12,V2024,Logistics,4441.78,2025-11-11,2025-11-14
VI200085,2025-10-09,V2026,Technology,3863.34,2025-11-23,2025-12-03
VI200086,2025-03-15,V2008,Logistics,1158.5,2025-04-14,2025-04-26
VI200087,2025-02-14,V2037,Technology,3169.83,2025-04-15,2025-04-15
VI200088,2026-06-13,V2008,Logistics,6149.5,2026-07-13,2026-07-18
VI200089,2026-04-02,V2018,Professional Services,5928.22,2026-05-02,2026-05-07
VI200090,2026-02-11,V2018,Professional Services,1516.68,2026-03-13,2026-04-06
VI200091,2025-04-03,V2012,Raw Material,7088.08,2025-05-18,2025-05-28
VI200092,2025-11-18,V2036,Professional Services,2112.95,2025-12-18,2026-01-01
VI200093,2026-04-11,V2040,Professional Services,3022.87,2026-04-26,
VI200094,2025-11-23,V2002,Logistics,2371.6,2025-12-23,2025-12-23
VI200095,2026-02-19,V2020,Technology,1363.61,2026-03-06,2026-03-08
VI200096,2026-05-14,V2003,Facilities,1795.59,2026-06-13,2026-06-22
VI200097,2026-03-16,V2040,Professional Services,6695.89,2026-03-31,2026-04-17
VI200098,2026-03-08,V2044,Professional Services,6815.45,2026-05-07,2026-05-07
VI200099,2025-11-24,V2034,Facilities,4640.3,2026-01-23,2026-02-13
VI200100,2025-09-14,V2006,Professional Services,2574.83,2025-10-14,2025-10-26
VI200101,2025-03-15,V2040,Professional Services,9612.32,2025-03-30,
VI200102,2025-08-22,V2010,Facilities,5666.74,2025-09-21,2025-10-03
VI200103,2026-06-05,V2024,Logistics,2762.59,2026-07-05,2026-07-07
VI200104,2026-06-27,V2018,Professional Services,836.82,2026-07-27,2026-07-31
VI200105,2025-09-15,V2033,Raw Material,5217.76,2025-10-15,2025-10-25
VI200106,2025-08-17,V2039,Logistics,6680.71,2025-10-16,2025-10-19
VI200107,2025-09-02,V2007,Logistics,3938.79,2025-10-02,2025-10-09
VI200108,2026-03-03,V2045,Raw Material,861.23,2026-04-17,
VI200109,2026-04-01,V2044,Professional Services,3390.92,2026-05-31,2026-06-11
VI200110,2026-04-18,V2029,Technology,12264.21,2026-05-03,2026-05-07
VI200111,2025-06-23,V2019,Facilities,2697.71,2025-07-23,2025-07-25
VI200112,2025-03-16,V2038,Professional Services,10683.09,2025-05-15,2025-05-15
VI200113,2025-04-09,V2039,Logistics,4705.06,2025-06-08,2025-06-08
VI200114,2026-05-28,V2025,Raw Material,3074.01,2026-07-27,2026-07-27
VI200115,2025-05-04,V2017,Professional Services,7419.62,2025-06-03,2025-06-11
VI200116,2025-04-27,V2037,Technology,2007.66,2025-06-26,2025-06-26
VI200117,2025-12-09,V2003,Facilities,1334.56,2026-01-08,2026-01-13
VI200118,2025-08-21,V2024,Logistics,1352.68,2025-09-20,2025-10-05
VI200119,2025-05-09,V2018,Professional Services,3411.64,2025-06-08,2025-06-12
VI200120,2026-01-09,V2026,Technology,3983.11,2026-02-23,2026-02-27
VI200121,2025-08-24,V2021,Professional Services,1913.23,2025-09-08,2025-09-13
VI200122,2025-07-09,V2011,Logistics,6586.11,2025-08-08,
VI200123,2025-06-17,V2041,Facilities,3157.16,2025-08-01,
VI200124,2025-10-18,V2017,Professional Services,5110.85,2025-11-17,2025-11-29
VI200125,2025-12-07,V2045,Raw Material,1914.03,2026-01-21,2026-01-27
VI200126,2026-01-30,V2038,Professional Services,2648.41,2026-03-31,2026-04-01
VI200127,2026-04-19,V2021,Professional Services,946.21,2026-05-04,
VI200128,2025-05-19,V2004,Raw Material,2483.15,2025-06-18,2025-07-02
VI200129,2025-07-10,V2032,Logistics,3451.71,2025-08-09,2025-08-09
VI200130,2026-06-03,V2018,Professional Services,2070.74,2026-07-03,2026-07-11
VI200131,2025-02-20,V2044,Professional Services,2865.75,2025-04-21,
VI200132,2025-10-25,V2028,Technology,3482.05,2025-11-24,2025-11-24
VI200133,2025-03-13,V2036,Professional Services,2105.56,2025-04-12,2025-04-12
VI200134,2025-09-13,V2037,Technology,2510.17,2025-11-12,2025-11-14
VI200135,2025-11-05,V2044,Professional Services,1853.47,2026-01-04,2026-01-15
VI200136,2025-04-01,V2026,Technology,1616.76,2025-05-16,2025-05-16
VI200137,2025-05-29,V2024,Logistics,6628.69,2025-06-28,2025-06-28
VI200138,2025-01-30,V2010,Facilities,1176.68,2025-03-01,2025-03-11
VI200139,2026-04-07,V2038,Professional Services,5192.76,2026-06-06,2026-06-06
VI200140,2026-01-20,V2008,Logistics,1227.98,2026-02-19,2026-03-04
VI200141,2026-06-02,V2002,Logistics,7962.09,2026-07-02,2026-07-28
VI200142,2026-01-08,V2044,Professional Services,4332.63,2026-03-09,2026-03-09
VI200143,2025-07-16,V2035,Technology,2338.09,2025-08-30,2025-09-16
VI200144,2025-07-09,V2021,Professional Services,5505.75,2025-07-24,2025-08-01
VI200145,2025-03-20,V2027,Professional Services,6042.85,2025-04-19,2025-04-19
VI200146,2026-07-01,V2023,Technology,4342.78,2026-08-15,2026-09-02
VI200147,2025-03-13,V2032,Logistics,4056.47,2025-04-12,2025-04-20
VI200148,2025-02-12,V2026,Technology,3447.63,2025-03-29,2025-04-13
VI200149,2025-05-13,V2007,Logistics,7486.44,2025-06-12,
VI200150,2025-04-16,V2033,Raw Material,2933.16,2025-05-16,2025-05-20
VI200151,2025-12-23,V2017,Professional Services,3222.91,2026-01-22,2026-01-31
VI200152,2025-01-08,V2008,Logistics,5221.16,2025-02-07,2025-02-07
VI200153,2025-12-09,V2042,Raw Material,2423.72,2026-01-08,2026-01-09
VI200154,2026-03-13,V2017,Professional Services,6093.72,2026-04-12,2026-04-16
VI200155,2025-03-21,V2042,Raw Material,5322.94,2025-04-20,2025-04-27
VI200156,2026-01-27,V2018,Professional Services,18956.0,2026-02-26,2026-02-26
VI200157,2025-10-15,V2036,Professional Services,2751.38,2025-11-14,2025-12-01
VI200158,2025-04-23,V2039,Logistics,4398.4,2025-06-22,2025-07-02
VI200159,2025-08-14,V2044,Professional Services,4038.04,2025-10-13,2025-10-22
VI200160,2025-11-29,V2023,Technology,5047.3,2026-01-13,2026-02-03
VI200161,2026-02-21,V2012,Raw Material,2846.71,2026-04-07,2026-04-25
VI200162,2025-10-05,V2023,Technology,4032.19,2025-11-19,2025-11-23
VI200163,2025-01-03,V2033,Raw Material,3276.27,2025-02-02,2025-02-02
VI200164,2026-06-29,V2028,Technology,5213.48,2026-07-29,2026-08-08
VI200165,2026-04-23,V2044,Professional Services,854.87,2026-06-22,2026-07-09
VI200166,2026-02-14,V2023,Technology,2552.82,2026-03-31,2026-04-04
VI200167,2025-11-03,V2007,Logistics,11835.17,2025-12-03,
VI200168,2025-08-02,V2002,Logistics,8115.35,2025-09-01,2025-09-20
VI200169,2025-01-30,V2001,Technology,3630.66,2025-03-01,
VI200170,2026-02-23,V2004,Raw Material,4380.57,2026-03-25,2026-03-25
VI200171,2026-06-21,V2008,Logistics,4179.37,2026-07-21,2026-07-21
VI200172,2025-01-28,V2029,Technology,4491.38,2025-02-12,
VI200173,2025-03-28,V2018,Professional Services,1686.24,2025-04-27,2025-05-03
VI200174,2025-01-26,V2037,Technology,1934.22,2025-03-27,2025-04-04
VI200175,2025-04-30,V2031,Technology,1952.71,2025-05-30,2025-06-09
VI200176,2026-01-27,V2006,Professional Services,2232.58,2026-02-26,2026-03-14
VI200177,2025-12-23,V2044,Professional Services,8292.61,2026-02-21,
VI200178,2025-12-19,V2024,Logistics,1396.72,2026-01-18,2026-01-20
VI200179,2025-01-15,V2041,Facilities,10683.7,2025-03-01,2025-03-01
VI200180,2025-11-01,V2015,Logistics,3879.17,2025-12-01,2025-12-01
VI200181,2025-09-11,V2040,Professional Services,1396.09,2025-09-26,2025-10-04
VI200182,2026-06-04,V2012,Raw Material,2058.26,2026-07-19,2026-07-19
VI200183,2025-07-05,V2014,Technology,3964.08,2025-08-04,2025-08-17
VI200184,2026-01-22,V2027,Professional Services,1286.93,2026-02-21,2026-02-21
VI200185,2026-05-15,V2037,Technology,2377.04,2026-07-14,2026-07-14
VI200186,2025-01-14,V2013,Raw Material,1423.59,2025-02-28,2025-03-13
VI200187,2025-08-18,V2038,Professional Services,4505.58,2025-10-17,2025-10-26
VI200188,2025-04-01,V2038,Professional Services,1438.27,2025-05-31,2025-06-04
VI200189,2026-02-08,V2003,Facilities,1118.56,2026-03-10,2026-03-14
VI200190,2026-05-20,V2016,Facilities,7721.2,2026-06-19,
VI200191,2025-01-04,V2012,Raw Material,2444.81,2025-02-18,2025-03-09
VI200192,2025-08-07,V2014,Technology,2308.95,2025-09-06,2025-09-14
VI200193,2025-08-04,V2034,Facilities,4049.5,2025-10-03,2025-10-12
VI200194,2025-06-08,V2031,Technology,2927.68,2025-07-08,2025-07-09
VI200195,2026-01-08,V2039,Logistics,1746.29,2026-03-09,
VI200196,2025-01-17,V2005,Raw Material,2004.32,2025-03-03,2025-03-03
VI200197,2026-05-10,V2012,Raw Material,4755.19,2026-06-24,
VI200198,2026-04-11,V2026,Technology,1592.9,2026-05-26,2026-05-26
VI200199,2026-03-20,V2017,Professional Services,2911.85,2026-04-19,2026-04-19
VI200200,2025-03-22,V2044,Professional Services,8814.1,2025-05-21,2025-05-23
VI200201,2025-06-15,V2011,Logistics,2456.83,2025-07-15,2025-07-18
VI200202,2025-12-23,V2033,Raw Material,6641.65,2026-01-22,
VI200203,2025-08-22,V2041,Facilities,1546.33,2025-10-06,2025-10-21
VI200204,2025-06-11,V2040,Professional Services,3360.74,2025-06-26,2025-07-06
VI200205,2025-06-24,V2004,Raw Material,6700.54,2025-07-24,2025-07-31
VI200206,2025-12-29,V2032,Logistics,2057.21,2026-01-28,2026-02-07
VI200207,2026-01-11,V2031,Technology,10365.22,2026-02-10,2026-02-10
VI200208,2025-06-23,V2011,Logistics,2878.59,2025-07-23,2025-07-23
VI200209,2025-08-26,V2017,Professional Services,1400.1,2025-09-25,2025-10-10
VI200210,2025-06-12,V2027,Professional Services,5724.79,2025-07-12,
VI200211,2025-08-26,V2008,Logistics,8352.97,2025-09-25,2025-09-30
VI200212,2025-08-20,V2021,Professional Services,1325.34,2025-09-04,2025-09-27
VI200213,2026-06-01,V2033,Raw Material,3971.68,2026-07-01,2026-07-06
VI200214,2025-08-24,V2005,Raw Material,1924.93,2025-10-08,2025-10-08
VI200215,2025-11-19,V2032,Logistics,1534.62,2025-12-19,2026-01-01
VI200216,2026-06-28,V2025,Raw Material,1680.28,2026-08-27,2026-08-27
VI200217,2026-02-11,V2008,Logistics,3417.33,2026-03-13,2026-03-13
VI200218,2025-06-26,V2027,Professional Services,6910.23,2025-07-26,2025-07-26
VI200219,2026-05-15,V2026,Technology,2865.22,2026-06-29,
VI200220,2025-04-29,V2040,Professional Services,3916.69,2025-05-14,2025-05-15
VI200221,2025-07-09,V2029,Technology,2079.65,2025-07-24,2025-07-31
VI200222,2025-12-31,V2009,Professional Services,2745.92,2026-02-14,2026-03-01
VI200223,2026-05-01,V2018,Professional Services,1695.46,2026-05-31,2026-06-13
VI200224,2025-03-20,V2007,Logistics,918.85,2025-04-19,2025-04-19
VI200225,2025-11-18,V2042,Raw Material,2137.41,2025-12-18,2026-01-10
VI200226,2025-05-19,V2021,Professional Services,6210.76,2025-06-03,2025-06-18
VI200227,2025-12-02,V2016,Facilities,589.01,2026-01-01,2026-01-06
VI200228,2026-02-06,V2003,Facilities,6098.89,2026-03-08,2026-03-24
VI200229,2025-08-14,V2032,Logistics,3691.03,2025-09-13,2025-09-13
VI200230,2025-09-23,V2010,Facilities,2724.18,2025-10-23,2025-11-04
VI200231,2025-11-29,V2032,Logistics,2118.65,2025-12-29,2025-12-29
VI200232,2025-08-12,V2008,Logistics,4069.58,2025-09-11,2025-09-14
VI200233,2026-06-04,V2032,Logistics,7398.69,2026-07-04,2026-07-20
VI200234,2025-09-06,V2004,Raw Material,3525.2,2025-10-06,2025-10-07
VI200235,2026-02-25,V2029,Technology,2599.89,2026-03-12,2026-03-14
VI200236,2025-07-06,V2012,Raw Material,17228.69,2025-08-20,
VI200237,2025-09-06,V2037,Technology,3152.65,2025-11-05,2025-11-08
VI200238,2025-05-07,V2036,Professional Services,1027.69,2025-06-06,2025-06-06
VI200239,2025-03-29,V2019,Facilities,3688.91,2025-04-28,2025-05-16
VI200240,2025-02-14,V2037,Technology,2033.56,2025-04-15,2025-04-15
VI200241,2025-09-03,V2031,Technology,2369.7,2025-10-03,2025-10-11
VI200242,2026-02-15,V2044,Professional Services,6843.09,2026-04-16,
VI200243,2025-08-06,V2026,Technology,5274.13,2025-09-20,2025-09-20
VI200244,2026-03-03,V2045,Raw Material,948.3,2026-04-17,2026-04-17
VI200245,2025-01-15,V2006,Professional Services,968.69,2025-02-14,2025-02-14
VI200246,2025-12-01,V2029,Technology,3267.23,2025-12-16,
VI200247,2026-06-21,V2017,Professional Services,5609.25,2026-07-21,2026-08-02
VI200248,2026-05-07,V2020,Technology,692.35,2026-05-22,2026-05-26
VI200249,2025-10-19,V2042,Raw Material,5635.02,2025-11-18,2025-11-23
VI200250,2025-04-27,V2010,Facilities,14808.13,2025-05-27,2025-05-27
VI200251,2026-04-14,V2006,Professional Services,6445.42,2026-05-14,2026-05-17
VI200252,2026-01-22,V2032,Logistics,1780.23,2026-02-21,2026-03-09
VI200253,2025-07-12,V2002,Logistics,4524.87,2025-08-11,2025-08-25
VI200254,2025-04-11,V2010,Facilities,3468.4,2025-05-11,2025-05-12
VI200255,2025-03-11,V2037,Technology,9491.7,2025-05-10,2025-05-22
VI200256,2025-06-23,V2027,Professional Services,6234.88,2025-07-23,2025-07-27
VI200257,2026-03-20,V2041,Facilities,1661.81,2026-05-04,2026-05-13
VI200258,2026-03-09,V2019,Facilities,4366.15,2026-04-08,2026-04-11
VI200259,2025-08-03,V2041,Facilities,1748.96,2025-09-17,2025-09-17
VI200260,2026-06-21,V2016,Facilities,5853.56,2026-07-21,2026-07-21
VI200261,2025-11-15,V2020,Technology,2527.65,2025-11-30,2025-12-09
VI200262,2025-10-13,V2036,Professional Services,2905.54,2025-11-12,2025-11-12
VI200263,2025-08-13,V2005,Raw Material,3328.01,2025-09-27,2025-10-11
VI200264,2025-12-15,V2018,Professional Services,2083.39,2026-01-14,
VI200265,2026-01-23,V2008,Logistics,3194.55,2026-02-22,2026-02-22
VI200266,2025-12-07,V2013,Raw Material,4016.94,2026-01-21,2026-02-03
VI200267,2026-05-19,V2041,Facilities,2483.09,2026-07-03,2026-07-03
VI200268,2025-03-12,V2010,Facilities,3437.78,2025-04-11,2025-04-20
VI200269,2025-05-09,V2036,Professional Services,1837.92,2025-06-08,2025-06-26
VI200270,2026-03-20,V2019,Facilities,1339.59,2026-04-19,
VI200271,2025-10-17,V2031,Technology,2915.62,2025-11-16,2025-11-17
VI200272,2026-01-22,V2036,Professional Services,5775.22,2026-02-21,2026-03-02
VI200273,2025-01-18,V2029,Technology,5654.12,2025-02-02,2025-02-02
VI200274,2025-03-17,V2045,Raw Material,5428.07,2025-05-01,2025-05-08
VI200275,2025-12-31,V2023,Technology,5746.92,2026-02-14,2026-03-12
VI200276,2025-10-07,V2032,Logistics,3360.01,2025-11-06,
VI200277,2025-10-07,V2011,Logistics,2087.3,2025-11-06,
VI200278,2026-03-19,V2002,Logistics,2515.94,2026-04-18,2026-04-18
VI200279,2025-11-25,V2032,Logistics,2755.34,2025-12-25,2026-01-10
VI200280,2026-06-20,V2005,Raw Material,1943.63,2026-08-04,2026-08-04
VI200281,2026-05-23,V2031,Technology,4382.65,2026-06-22,2026-06-27
VI200282,2026-03-26,V2013,Raw Material,2002.55,2026-05-10,2026-05-22
VI200283,2026-01-10,V2022,Logistics,895.76,2026-03-11,2026-03-11
VI200284,2025-10-23,V2035,Technology,5931.93,2025-12-07,2025-12-07
VI200285,2026-04-21,V2019,Facilities,4153.5,2026-05-21,2026-05-21
VI200286,2026-01-28,V2029,Technology,971.24,2026-02-12,2026-02-28
VI200287,2025-04-19,V2023,Technology,1956.36,2025-06-03,2025-06-03
VI200288,2025-12-25,V2019,Facilities,2800.17,2026-01-24,2026-02-05
VI200289,2025-10-16,V2016,Facilities,2974.98,2025-11-15,2025-11-26
VI200290,2026-02-22,V2031,Technology,11708.78,2026-03-24,2026-03-24
VI200291,2025-11-14,V2016,Facilities,1597.99,2025-12-14,2025-12-16
VI200292,2025-12-07,V2026,Technology,1535.01,2026-01-21,2026-01-24
VI200293,2025-11-13,V2003,Facilities,6812.12,2025-12-13,2025-12-22
VI200294,2025-12-15,V2023,Technology,2646.21,2026-01-29,2026-02-05
VI200295,2025-01-27,V2009,Professional Services,6391.19,2025-03-13,2025-03-17
VI200296,2026-02-05,V2024,Logistics,2507.84,2026-03-07,2026-03-21
VI200297,2025-11-12,V2033,Raw Material,6581.92,2025-12-12,2025-12-26
VI200298,2026-01-03,V2014,Technology,2488.92,2026-02-02,2026-02-02
VI200299,2025-12-09,V2028,Technology,2748.43,2026-01-08,2026-01-09
VI200300,2025-12-31,V2024,Logistics,1519.06,2026-01-30,2026-02-04
VI200301,2025-03-14,V2043,Professional Services,9165.3,2025-04-28,2025-05-04
VI200302,2025-05-02,V2007,Logistics,1826.3,2025-06-01,2025-06-10
VI200303,2025-07-05,V2038,Professional Services,1299.69,2025-09-03,2025-09-11
VI200304,2025-11-15,V2044,Professional Services,8544.83,2026-01-14,2026-01-24
VI200305,2026-06-26,V2025,Raw Material,4574.55,2026-08-25,2026-09-05
VI200306,2025-12-19,V2002,Logistics,8348.91,2026-01-18,2026-01-21
VI200307,2025-12-21,V2045,Raw Material,1875.08,2026-02-04,2026-02-06
VI200308,2025-04-16,V2001,Technology,4417.63,2025-05-16,2025-06-01
VI200309,2026-02-22,V2023,Technology,7406.16,2026-04-08,
VI200310,2025-07-24,V2040,Professional Services,1418.45,2025-08-08,2025-08-19
VI200311,2026-01-17,V2018,Professional Services,3685.95,2026-02-16,2026-02-16
VI200312,2025-10-24,V2008,Logistics,2220.39,2025-11-23,2025-12-01
VI200313,2025-10-06,V2034,Facilities,2308.62,2025-12-05,2025-12-13
VI200314,2025-07-08,V2043,Professional Services,1748.11,2025-08-22,2025-09-01
VI200315,2026-06-27,V2008,Logistics,3932.6,2026-07-27,2026-08-14
VI200316,2026-03-26,V2029,Technology,2554.45,2026-04-10,2026-04-10
VI200317,2025-09-15,V2013,Raw Material,1633.47,2025-10-30,2025-11-05
VI200318,2026-03-29,V2001,Technology,7502.31,2026-04-28,2026-05-08
VI200319,2025-03-19,V2029,Technology,3082.33,2025-04-03,2025-04-13
VI200320,2025-01-23,V2037,Technology,1076.34,2025-03-24,2025-03-27
VI200321,2026-05-18,V2001,Technology,1909.7,2026-06-17,2026-06-25
VI200322,2025-07-04,V2044,Professional Services,1138.9,2025-09-02,2025-09-07
VI200323,2026-07-01,V2005,Raw Material,1984.06,2026-08-15,2026-08-26
VI200324,2026-05-28,V2002,Logistics,3747.45,2026-06-27,2026-07-01
VI200325,2025-02-18,V2022,Logistics,4458.12,2025-04-19,2025-04-23
VI200326,2025-06-17,V2030,Technology,5163.32,2025-07-02,2025-07-09
VI200327,2025-01-21,V2011,Logistics,1987.38,2025-02-20,2025-02-21
VI200328,2026-01-27,V2029,Technology,2364.99,2026-02-11,2026-02-11
VI200329,2025-04-15,V2042,Raw Material,3967.31,2025-05-15,
VI200330,2025-10-17,V2003,Facilities,5222.79,2025-11-16,
VI200331,2026-03-02,V2045,Raw Material,2721.31,2026-04-16,2026-04-16
VI200332,2025-08-17,V2013,Raw Material,4524.91,2025-10-01,2025-10-04
VI200333,2025-06-30,V2003,Facilities,2071.18,2025-07-30,2025-08-14
VI200334,2025-12-18,V2010,Facilities,737.36,2026-01-17,2026-01-20
VI200335,2025-08-13,V2004,Raw Material,5372.29,2025-09-12,2025-09-27
VI200336,2025-08-22,V2014,Technology,4299.5,2025-09-21,
VI200337,2025-09-23,V2023,Technology,2798.19,2025-11-07,2025-11-10
VI200338,2025-11-10,V2017,Professional Services,3339.86,2025-12-10,2025-12-10
VI200339,2026-05-14,V2001,Technology,6321.63,2026-06-13,2026-06-17
VI200340,2025-08-06,V2015,Logistics,2964.65,2025-09-05,2025-09-07
VI200341,2025-07-30,V2002,Logistics,500.0,2025-08-29,2025-09-12
VI200342,2025-04-09,V2018,Professional Services,796.54,2025-05-09,2025-05-30
VI200343,2026-01-23,V2039,Logistics,7116.55,2026-03-24,2026-04-06
VI200344,2025-12-11,V2022,Logistics,4383.68,2026-02-09,2026-02-09
VI200345,2025-09-10,V2028,Technology,6237.65,2025-10-10,2025-10-15
VI200346,2026-06-08,V2030,Technology,7833.54,2026-06-23,2026-06-26
VI200347,2025-04-28,V2013,Raw Material,7543.89,2025-06-12,2025-06-12
VI200348,2025-07-28,V2003,Facilities,1192.69,2025-08-27,2025-08-31
VI200349,2026-02-13,V2003,Facilities,2614.55,2026-03-15,2026-03-19
VI200350,2026-04-26,V2045,Raw Material,1676.88,2026-06-10,2026-06-30
VI200351,2025-11-25,V2026,Technology,3314.8,2026-01-09,2026-01-17
VI200352,2025-07-02,V2004,Raw Material,1235.71,2025-08-01,2025-08-13
VI200353,2026-02-21,V2016,Facilities,3065.37,2026-03-23,2026-04-05
VI200354,2025-03-24,V2028,Technology,972.99,2025-04-23,
VI200355,2025-09-11,V2008,Logistics,2378.84,2025-10-11,2025-10-27
VI200356,2025-01-05,V2040,Professional Services,7692.25,2025-01-20,2025-01-22
VI200357,2025-10-30,V2016,Facilities,1913.31,2025-11-29,2025-12-12
VI200358,2026-06-20,V2031,Technology,1900.33,2026-07-20,2026-08-10
VI200359,2026-03-04,V2023,Technology,3235.14,2026-04-18,2026-04-18
VI200360,2025-08-15,V2002,Logistics,3355.45,2025-09-14,2025-09-16
VI200361,2026-01-25,V2009,Professional Services,3655.55,2026-03-11,2026-03-13
VI200362,2025-01-12,V2027,Professional Services,1777.96,2025-02-11,2025-03-05
VI200363,2025-12-03,V2045,Raw Material,2016.47,2026-01-17,2026-01-17
VI200364,2025-05-09,V2022,Logistics,3116.33,2025-07-08,2025-07-14
VI200365,2025-01-11,V2044,Professional Services,5649.42,2025-03-12,2025-03-21
VI200366,2026-05-05,V2034,Facilities,1854.37,2026-07-04,2026-07-05
VI200367,2025-09-29,V2009,Professional Services,2622.5,2025-11-13,2025-11-13
VI200368,2025-12-23,V2033,Raw Material,847.26,2026-01-22,
VI200369,2025-04-02,V2038,Professional Services,2244.92,2025-06-01,2025-06-04
VI200370,2025-01-09,V2034,Facilities,3398.27,2025-03-10,2025-03-11
VI200371,2025-05-03,V2035,Technology,5248.85,2025-06-17,2025-07-04
VI200372,2025-10-08,V2026,Technology,1788.23,2025-11-22,2025-11-23
VI200373,2026-04-03,V2007,Logistics,3332.91,2026-05-03,2026-05-04
VI200374,2026-03-27,V2045,Raw Material,3556.59,2026-05-11,2026-05-19
VI200375,2026-02-11,V2045,Raw Material,929.99,2026-03-28,2026-04-04
VI200376,2025-02-25,V2027,Professional Services,1316.74,2025-03-27,2025-03-27
VI200377,2026-01-14,V2012,Raw Material,4132.26,2026-02-28,2026-02-28
VI200378,2026-05-17,V2017,Professional Services,3100.55,2026-06-16,2026-06-17
VI200379,2025-01-23,V2021,Professional Services,3170.75,2025-02-07,
VI200380,2025-09-02,V2043,Professional Services,1629.1,2025-10-17,2025-10-30
VI200381,2026-02-22,V2022,Logistics,1163.02,2026-04-23,2026-04-23
VI200382,2025-08-19,V2026,Technology,4069.19,2025-10-03,2025-10-16
VI200383,2025-07-29,V2039,Logistics,3323.31,2025-09-27,2025-09-27
VI200384,2025-06-11,V2013,Raw Material,844.41,2025-07-26,2025-08-01
VI200385,2026-01-12,V2042,Raw Material,2795.47,2026-02-11,2026-03-01
VI200386,2025-06-19,V2042,Raw Material,9486.68,2025-07-19,2025-07-19
VI200387,2025-12-05,V2045,Raw Material,4402.08,2026-01-19,2026-01-24
VI200388,2026-04-19,V2023,Technology,1665.68,2026-06-03,2026-06-16
VI200389,2025-08-15,V2030,Technology,3322.41,2025-08-30,2025-09-12
VI200390,2025-12-29,V2017,Professional Services,2607.74,2026-01-28,2026-02-04
VI200391,2026-04-24,V2027,Professional Services,8691.79,2026-05-24,2026-05-28
VI200392,2026-04-20,V2020,Technology,1434.27,2026-05-05,2026-05-08
VI200393,2025-07-14,V2007,Logistics,6937.42,2025-08-13,2025-08-13
VI200394,2025-01-12,V2004,Raw Material,1372.14,2025-02-11,2025-02-11
VI200395,2026-05-10,V2031,Technology,3703.37,2026-06-09,2026-06-14
VI200396,2025-03-03,V2030,Technology,4533.82,2025-03-18,
VI200397,2026-06-13,V2031,Technology,6310.69,2026-07-13,2026-08-08
VI200398,2025-09-28,V2004,Raw Material,4911.93,2025-10-28,2025-11-08
VI200399,2026-06-22,V2018,Professional Services,1106.78,2026-07-22,2026-07-24
VI200400,2025-03-06,V2020,Technology,2983.2,2025-03-21,2025-03-30
VI200401,2026-04-25,V2040,Professional Services,4155.92,2026-05-10,2026-05-10
VI200402,2026-05-05,V2040,Professional Services,6039.69,2026-05-20,
VI200403,2025-03-09,V2023,Technology,1429.6,2025-04-23,2025-05-03
VI200404,2025-12-28,V2038,Professional Services,1619.02,2026-02-26,2026-03-09
VI200405,2025-01-19,V2009,Professional Services,1151.37,2025-03-05,2025-03-09
VI200406,2026-06-29,V2016,Facilities,2980.27,2026-07-29,2026-08-08
VI200407,2025-04-01,V2021,Professional Services,3553.95,2025-04-16,2025-04-19
VI200408,2025-08-26,V2009,Professional Services,3753.5,2025-10-10,2025-10-18
VI200409,2026-04-07,V2025,Raw Material,2507.87,2026-06-06,2026-06-06
VI200410,2025-01-24,V2036,Professional Services,2769.68,2025-02-23,2025-02-23
VI200411,2025-08-15,V2043,Professional Services,2783.75,2025-09-29,2025-10-14
VI200412,2026-01-16,V2014,Technology,2562.69,2026-02-15,2026-02-19
VI200413,2025-01-06,V2017,Professional Services,904.29,2025-02-05,2025-02-14
VI200414,2025-12-23,V2028,Technology,1600.73,2026-01-22,2026-01-22
VI200415,2025-06-06,V2045,Raw Material,4228.0,2025-07-21,2025-07-21
VI200416,2025-07-20,V2041,Facilities,2232.89,2025-09-03,2025-09-04
VI200417,2025-08-13,V2008,Logistics,2152.66,2025-09-12,
VI200418,2026-04-08,V2014,Technology,6789.25,2026-05-08,2026-05-08
VI200419,2025-09-14,V2015,Logistics,5996.68,2025-10-14,2025-10-21
VI200420,2026-03-07,V2039,Logistics,1854.24,2026-05-06,2026-05-16
VI200421,2026-03-01,V2025,Raw Material,7857.51,2026-04-30,2026-04-30
VI200422,2026-02-11,V2011,Logistics,2625.02,2026-03-13,2026-03-20
VI200423,2025-04-15,V2029,Technology,5013.82,2025-04-30,2025-05-06
VI200424,2025-09-09,V2003,Facilities,2914.72,2025-10-09,2025-10-09
VI200425,2025-04-09,V2039,Logistics,1966.72,2025-06-08,2025-06-12
VI200426,2025-06-27,V2022,Logistics,5020.13,2025-08-26,2025-08-31
VI200427,2025-09-22,V2037,Technology,1658.39,2025-11-21,2025-11-21
VI200428,2025-05-12,V2041,Facilities,2691.31,2025-06-26,2025-06-28
VI200429,2025-07-18,V2020,Technology,2975.43,2025-08-02,2025-08-07
VI200430,2025-02-26,V2019,Facilities,2320.37,2025-03-28,2025-04-04
VI200431,2026-02-13,V2013,Raw Material,1231.75,2026-03-30,2026-04-19
VI200432,2025-09-19,V2027,Professional Services,4143.53,2025-10-19,2025-10-19
VI200433,2025-04-28,V2019,Facilities,5423.13,2025-05-28,2025-06-13
VI200434,2026-04-30,V2016,Facilities,3316.72,2026-05-30,2026-05-30
VI200435,2025-11-17,V2002,Logistics,1818.08,2025-12-17,2025-12-22
VI200436,2025-11-04,V2001,Technology,12197.26,2025-12-04,2025-12-16
VI200437,2026-05-05,V2003,Facilities,2565.21,2026-06-04,2026-06-13
VI200438,2025-11-17,V2024,Logistics,2536.84,2025-12-17,2025-12-17
VI200439,2025-12-22,V2044,Professional Services,500.0,2026-02-20,2026-03-06
VI200440,2026-06-04,V2038,Professional Services,1330.57,2026-08-03,2026-08-11
VI200441,2026-06-10,V2002,Logistics,6338.12,2026-07-10,2026-07-11
VI200442,2025-01-24,V2016,Facilities,25346.38,2025-02-23,2025-02-27
VI200443,2025-07-11,V2029,Technology,6875.99,2025-07-26,2025-08-03
VI200444,2025-12-15,V2037,Technology,1514.29,2026-02-13,2026-02-23
VI200445,2025-01-25,V2044,Professional Services,4062.11,2025-03-26,2025-04-04
VI200446,2026-01-25,V2004,Raw Material,2315.15,2026-02-24,2026-02-24
VI200447,2025-07-09,V2014,Technology,2361.6,2025-08-08,2025-08-13
VI200448,2025-01-28,V2017,Professional Services,1278.95,2025-02-27,2025-02-27
VI200449,2026-06-25,V2044,Professional Services,4178.32,2026-08-24,2026-09-04
VI200450,2026-05-06,V2045,Raw Material,1306.93,2026-06-20,2026-06-23
VI200451,2026-05-03,V2017,Professional Services,668.16,2026-06-02,2026-06-10
VI200452,2025-06-21,V2020,Technology,2284.54,2025-07-06,2025-07-07
VI200453,2025-02-07,V2029,Technology,564.8,2025-02-22,2025-02-28
VI200454,2025-10-26,V2041,Facilities,1763.01,2025-12-10,
VI200455,2025-09-23,V2026,Technology,4401.74,2025-11-07,2025-11-07
VI200456,2025-01-27,V2042,Raw Material,6220.8,2025-02-26,2025-03-12
VI200457,2026-03-28,V2038,Professional Services,4511.78,2026-05-27,2026-06-06
VI200458,2026-04-14,V2017,Professional Services,2565.75,2026-05-14,2026-05-14
VI200459,2025-03-26,V2012,Raw Material,2092.94,2025-05-10,2025-05-10
VI200460,2025-01-13,V2028,Technology,1632.28,2025-02-12,2025-02-12
VI200461,2025-09-16,V2009,Professional Services,7833.45,2025-10-31,2025-11-16
VI200462,2025-04-10,V2032,Logistics,1315.3,2025-05-10,2025-05-22
VI200463,2025-09-18,V2034,Facilities,3231.68,2025-11-17,2025-11-24
VI200464,2025-10-05,V2016,Facilities,4384.3,2025-11-04,
VI200465,2025-03-07,V2031,Technology,820.18,2025-04-06,2025-04-15
VI200466,2026-01-13,V2027,Professional Services,620.19,2026-02-12,2026-02-18
VI200467,2026-06-01,V2029,Technology,4377.9,2026-06-16,2026-06-18
VI200468,2025-04-27,V2001,Technology,1157.69,2025-05-27,2025-06-12
VI200469,2026-05-14,V2027,Professional Services,3645.34,2026-06-13,2026-06-16
VI200470,2025-07-24,V2032,Logistics,1687.25,2025-08-23,
VI200471,2025-03-21,V2011,Logistics,3547.32,2025-04-20,
VI200472,2025-01-18,V2035,Technology,3874.1,2025-03-04,2025-03-04
VI200473,2025-02-27,V2002,Logistics,5728.62,2025-03-29,2025-03-29
VI200474,2025-04-22,V2001,Technology,3975.8,2025-05-22,2025-05-26
VI200475,2025-11-11,V2006,Professional Services,3449.33,2025-12-11,2025-12-16
VI200476,2025-06-11,V2007,Logistics,9234.29,2025-07-11,2025-07-11
VI200477,2025-11-20,V2002,Logistics,1579.52,2025-12-20,2025-12-20
VI200478,2025-11-27,V2002,Logistics,3084.18,2025-12-27,2026-01-10
VI200479,2026-05-17,V2005,Raw Material,5387.21,2026-07-01,2026-07-12
VI200480,2025-02-26,V2013,Raw Material,529.07,2025-04-12,2025-05-02
VI200481,2025-06-14,V2019,Facilities,8032.08,2025-07-14,2025-07-14
VI200482,2025-06-15,V2019,Facilities,2675.71,2025-07-15,2025-08-03
VI200483,2025-10-24,V2001,Technology,3939.61,2025-11-23,2025-11-23
VI200484,2025-01-04,V2035,Technology,2163.38,2025-02-18,
VI200485,2026-02-14,V2018,Professional Services,3968.49,2026-03-16,2026-03-23
VI200486,2025-04-16,V2032,Logistics,3542.26,2025-05-16,2025-05-16
VI200487,2025-06-15,V2032,Logistics,1435.48,2025-07-15,2025-07-29
VI200488,2025-09-11,V2008,Logistics,2239.73,2025-10-11,2025-10-17
VI200489,2025-05-08,V2011,Logistics,4133.4,2025-06-07,2025-06-07
VI200490,2026-05-01,V2020,Technology,7753.77,2026-05-16,2026-05-29
VI200491,2025-03-17,V2008,Logistics,2334.65,2025-04-16,2025-04-20
VI200492,2025-08-09,V2028,Technology,1287.9,2025-09-08,2025-09-13
VI200493,2026-03-10,V2021,Professional Services,3750.2,2026-03-25,2026-04-04
VI200494,2026-06-21,V2038,Professional Services,2451.31,2026-08-20,2026-08-20
VI200495,2026-03-15,V2038,Professional Services,5022.35,2026-05-14,
VI200496,2026-03-11,V2006,Professional Services,1835.82,2026-04-10,2026-04-14
VI200497,2026-06-10,V2002,Logistics,1230.84,2026-07-10,2026-07-10
VI200498,2025-05-13,V2010,Facilities,8267.37,2025-06-12,2025-06-14
VI200499,2026-03-17,V2042,Raw Material,2191.42,2026-04-16,
VI200500,2026-06-18,V2009,Professional Services,1654.6,2026-08-02,2026-08-05
VI200501,2026-01-26,V2003,Facilities,1911.09,2026-02-25,2026-02-25
VI200502,2025-09-01,V2002,Logistics,7455.58,2025-10-01,2025-10-03
VI200503,2025-05-26,V2036,Professional Services,13235.09,2025-06-25,2025-07-08
VI200504,2026-02-19,V2008,Logistics,1784.18,2026-03-21,2026-03-21
VI200505,2026-03-03,V2009,Professional Services,2626.47,2026-04-17,
VI200506,2025-07-31,V2026,Technology,3674.53,2025-09-14,2025-09-14
VI200507,2025-09-06,V2034,Facilities,888.0,2025-11-05,2025-11-07
VI200508,2025-02-04,V2030,Technology,2138.75,2025-02-19,
VI200509,2025-09-10,V2038,Professional Services,10183.71,2025-11-09,2025-11-14
VI200510,2025-10-13,V2008,Logistics,2412.83,2025-11-12,2025-11-13
VI200511,2025-07-29,V2003,Facilities,6778.1,2025-08-28,2025-09-09
VI200512,2025-04-20,V2011,Logistics,2852.52,2025-05-20,2025-05-22
VI200513,2025-11-26,V2025,Raw Material,747.61,2026-01-25,2026-02-08
VI200514,2025-05-22,V2005,Raw Material,5680.72,2025-07-06,2025-07-06
VI200515,2025-03-28,V2012,Raw Material,2377.05,2025-05-12,2025-05-17
VI200516,2025-05-20,V2030,Technology,7560.19,2025-06-04,2025-06-10
VI200517,2025-11-28,V2027,Professional Services,3399.46,2025-12-28,2025-12-28
VI200518,2025-01-26,V2043,Professional Services,2993.3,2025-03-12,2025-03-17
VI200519,2025-12-28,V2005,Raw Material,4048.82,2026-02-11,
VI200520,2025-12-26,V2020,Technology,3815.94,2026-01-10,2026-01-24
VI200521,2025-08-03,V2021,Professional Services,965.63,2025-08-18,2025-08-21
VI200522,2025-03-18,V2003,Facilities,5940.57,2025-04-17,2025-04-18
VI200523,2025-04-05,V2041,Facilities,2917.75,2025-05-20,2025-05-20
VI200524,2025-08-06,V2044,Professional Services,3034.0,2025-10-05,2025-10-10
VI200525,2026-01-03,V2004,Raw Material,3911.99,2026-02-02,2026-02-02
VI200526,2025-02-21,V2024,Logistics,5365.13,2025-03-23,2025-04-03
VI200527,2025-10-01,V2007,Logistics,5918.34,2025-10-31,2025-10-31
VI200528,2026-03-20,V2024,Logistics,4595.35,2026-04-19,2026-04-23
VI200529,2025-02-02,V2011,Logistics,958.22,2025-03-04,2025-03-04
VI200530,2026-02-20,V2002,Logistics,2846.59,2026-03-22,2026-03-27
VI200531,2026-03-01,V2044,Professional Services,1622.28,2026-04-30,2026-05-11
VI200532,2025-01-07,V2041,Facilities,3349.28,2025-02-21,2025-02-27
VI200533,2026-05-10,V2006,Professional Services,2619.79,2026-06-09,2026-06-09
VI200534,2025-12-20,V2007,Logistics,11197.01,2026-01-19,2026-01-30
VI200535,2025-07-18,V2038,Professional Services,1228.94,2025-09-16,2025-09-16
VI200536,2026-03-11,V2018,Professional Services,3000.62,2026-04-10,2026-04-14
VI200537,2025-05-16,V2045,Raw Material,3208.44,2025-06-30,2025-06-30
VI200538,2025-10-15,V2009,Professional Services,2201.35,2025-11-29,2025-12-08
VI200539,2026-02-12,V2028,Technology,2936.67,2026-03-14,2026-03-14
VI200540,2025-12-02,V2019,Facilities,11992.28,2026-01-01,2026-01-02
VI200541,2025-01-02,V2004,Raw Material,3772.94,2025-02-01,2025-02-01
VI200542,2025-07-04,V2004,Raw Material,7963.46,2025-08-03,
VI200543,2026-03-14,V2013,Raw Material,2196.29,2026-04-28,2026-04-28
VI200544,2025-01-22,V2028,Technology,4924.62,2025-02-21,2025-02-24
VI200545,2025-07-31,V2011,Logistics,1759.84,2025-08-30,2025-09-05
VI200546,2026-04-22,V2002,Logistics,1691.18,2026-05-22,2026-05-27
VI200547,2026-04-11,V2006,Professional Services,936.39,2026-05-11,2026-05-16
VI200548,2025-08-22,V2012,Raw Material,1490.84,2025-10-06,2025-10-11
VI200549,2025-06-21,V2040,Professional Services,3091.41,2025-07-06,
VI200550,2026-06-02,V2037,Technology,8143.06,2026-08-01,2026-08-25
VI200551,2025-09-01,V2024,Logistics,2763.66,2025-10-01,2025-10-01
VI200552,2026-02-25,V2009,Professional Services,3466.51,2026-04-11,2026-04-11
VI200553,2026-01-14,V2026,Technology,6277.21,2026-02-28,2026-03-05
VI200554,2026-04-18,V2004,Raw Material,2415.44,2026-05-18,
VI200555,2025-12-07,V2041,Facilities,1580.54,2026-01-21,2026-02-03
VI200556,2025-05-03,V2044,Professional Services,1702.1,2025-07-02,2025-07-15
VI200557,2026-03-10,V2004,Raw Material,6178.47,2026-04-09,2026-04-14
VI200558,2025-07-07,V2034,Facilities,3274.58,2025-09-05,2025-09-20
VI200559,2025-01-14,V2022,Logistics,3274.76,2025-03-15,2025-03-15
VI200560,2025-03-11,V2013,Raw Material,1670.07,2025-04-25,2025-05-07
VI200561,2026-02-15,V2015,Logistics,7137.75,2026-03-17,2026-03-24
VI200562,2025-11-14,V2040,Professional Services,9904.7,2025-11-29,
VI200563,2026-03-13,V2038,Professional Services,3336.19,2026-05-12,
VI200564,2025-05-26,V2041,Facilities,5414.36,2025-07-10,2025-07-10
VI200565,2025-08-15,V2043,Professional Services,1960.27,2025-09-29,2025-10-02
VI200566,2026-01-17,V2044,Professional Services,6825.12,2026-03-18,2026-03-22
VI200567,2025-06-29,V2002,Logistics,4333.47,2025-07-29,2025-07-29
VI200568,2026-06-20,V2002,Logistics,1339.78,2026-07-20,2026-08-01
VI200569,2025-04-09,V2043,Professional Services,3999.25,2025-05-24,2025-05-24
VI200570,2026-01-26,V2008,Logistics,3986.16,2026-02-25,2026-03-07
VI200571,2025-09-27,V2038,Professional Services,3354.56,2025-11-26,2025-11-29
VI200572,2025-04-04,V2018,Professional Services,4148.59,2025-05-04,2025-05-15
VI200573,2026-04-08,V2029,Technology,2891.61,2026-04-23,
VI200574,2025-10-12,V2011,Logistics,2646.05,2025-11-11,2025-11-11
VI200575,2025-01-22,V2006,Professional Services,3506.35,2025-02-21,
VI200576,2025-01-02,V2009,Professional Services,2374.84,2025-02-16,2025-02-28
VI200577,2025-04-13,V2022,Logistics,1956.51,2025-06-12,2025-06-20
VI200578,2025-02-05,V2025,Raw Material,6134.89,2025-04-06,2025-04-06
VI200579,2025-10-01,V2031,Technology,2053.41,2025-10-31,2025-11-10
VI200580,2025-02-20,V2021,Professional Services,2685.07,2025-03-07,2025-03-17
VI200581,2025-05-23,V2038,Professional Services,2182.4,2025-07-22,2025-07-22
VI200582,2026-04-28,V2019,Facilities,1693.02,2026-05-28,2026-06-06
VI200583,2025-01-17,V2010,Facilities,8120.7,2025-02-16,2025-02-22
VI200584,2025-10-05,V2037,Technology,1168.36,2025-12-04,2025-12-10
VI200585,2026-03-14,V2012,Raw Material,3859.26,2026-04-28,2026-04-28
VI200586,2026-03-12,V2019,Facilities,2738.0,2026-04-11,2026-04-23
VI200587,2026-01-19,V2002,Logistics,4069.05,2026-02-18,
VI200588,2025-05-12,V2015,Logistics,2668.38,2025-06-11,2025-06-11
VI200589,2025-09-20,V2038,Professional Services,4105.59,2025-11-19,2025-11-28
VI200590,2026-01-29,V2008,Logistics,3583.14,2026-02-28,
VI200591,2025-07-27,V2035,Technology,4370.39,2025-09-10,
VI200592,2025-08-14,V2038,Professional Services,9258.95,2025-10-13,2025-10-30
VI200593,2026-04-10,V2043,Professional Services,885.84,2026-05-25,2026-06-01
VI200594,2025-12-24,V2030,Technology,3142.65,2026-01-08,2026-01-13
VI200595,2025-05-24,V2009,Professional Services,1562.52,2025-07-08,
VI200596,2025-12-20,V2030,Technology,1861.25,2026-01-04,
VI200597,2025-09-08,V2019,Facilities,1605.39,2025-10-08,2025-10-14
VI200598,2026-01-11,V2029,Technology,2465.39,2026-01-26,2026-02-09
VI200599,2025-09-02,V2002,Logistics,6182.07,2025-10-02,2025-10-20
VI200600,2025-01-18,V2028,Technology,2331.71,2025-02-17,2025-02-20
VI200601,2026-04-30,V2008,Logistics,3732.52,2026-05-30,2026-06-09
VI200602,2025-01-02,V2025,Raw Material,5339.59,2025-03-03,2025-03-13
VI200603,2026-01-11,V2010,Facilities,1713.76,2026-02-10,2026-02-21
VI200604,2025-06-15,V2022,Logistics,1774.96,2025-08-14,2025-08-29
VI200605,2025-11-25,V2035,Technology,2981.57,2026-01-09,2026-01-21
VI200606,2026-03-24,V2042,Raw Material,924.12,2026-04-23,2026-05-01
VI200607,2025-04-02,V2024,Logistics,11003.81,2025-05-02,2025-05-02
VI200608,2026-06-04,V2026,Technology,2991.92,2026-07-19,2026-07-26
VI200609,2025-09-09,V2031,Technology,4288.66,2025-10-09,2025-10-09
VI200610,2025-02-08,V2023,Technology,2625.39,2025-03-25,2025-04-03
VI200611,2026-03-12,V2002,Logistics,4507.3,2026-04-11,2026-04-19
VI200612,2025-12-28,V2039,Logistics,2661.66,2026-02-26,2026-02-26
VI200613,2025-03-24,V2033,Raw Material,4285.12,2025-04-23,2025-04-24
VI200614,2025-01-27,V2024,Logistics,6924.86,2025-02-26,2025-02-26
VI200615,2025-01-21,V2012,Raw Material,712.38,2025-03-07,2025-03-18
VI200616,2025-08-06,V2037,Technology,4596.66,2025-10-05,2025-10-08
VI200617,2025-02-14,V2009,Professional Services,2113.1,2025-03-31,2025-03-31
VI200618,2026-02-11,V2044,Professional Services,1453.8,2026-04-12,2026-04-21
VI200619,2026-04-24,V2043,Professional Services,1166.43,2026-06-08,2026-06-15
VI200620,2025-12-03,V2044,Professional Services,3176.25,2026-02-01,2026-02-07
VI200621,2025-05-28,V2003,Facilities,3580.61,2025-06-27,2025-06-27
VI200622,2026-02-15,V2044,Professional Services,1984.79,2026-04-16,2026-04-26
VI200623,2026-05-29,V2023,Technology,1315.65,2026-07-13,2026-07-17
VI200624,2026-01-20,V2024,Logistics,3211.64,2026-02-19,2026-02-23
VI200625,2026-04-27,V2033,Raw Material,3118.52,2026-05-27,2026-05-27
VI200626,2025-04-11,V2030,Technology,4406.57,2025-04-26,2025-04-26
VI200627,2025-04-24,V2038,Professional Services,4660.17,2025-06-23,2025-07-31
VI200628,2025-09-19,V2043,Professional Services,6354.86,2025-11-03,2025-11-03
VI200629,2026-02-26,V2002,Logistics,4619.76,2026-03-28,2026-03-28
VI200630,2025-02-23,V2040,Professional Services,1031.82,2025-03-10,
VI200631,2025-07-07,V2022,Logistics,2963.02,2025-09-05,
VI200632,2026-06-23,V2011,Logistics,5710.18,2026-07-23,2026-07-23
VI200633,2025-07-09,V2012,Raw Material,5173.16,2025-08-23,2025-08-23
VI200634,2026-07-01,V2019,Facilities,14462.71,2026-07-31,2026-08-04
VI200635,2025-02-27,V2020,Technology,5313.21,2025-03-14,2025-03-22
VI200636,2026-05-18,V2009,Professional Services,1242.18,2026-07-02,2026-07-02
VI200637,2025-07-08,V2043,Professional Services,1067.29,2025-08-22,
VI200638,2026-07-02,V2018,Professional Services,3091.37,2026-08-01,2026-08-06
VI200639,2025-11-09,V2041,Facilities,3288.17,2025-12-24,2025-12-27
VI200640,2025-06-18,V2018,Professional Services,2087.13,2025-07-18,2025-07-18
VI200641,2025-05-11,V2040,Professional Services,4911.25,2025-05-26,2025-05-26
VI200642,2025-06-01,V2036,Professional Services,581.57,2025-07-01,2025-07-20
VI200643,2025-04-15,V2027,Professional Services,2204.88,2025-05-15,2025-05-15
VI200644,2026-01-02,V2013,Raw Material,675.94,2026-02-16,2026-03-01
VI200645,2025-04-02,V2008,Logistics,1828.4,2025-05-02,2025-05-02
VI200646,2026-03-08,V2043,Professional Services,2378.68,2026-04-22,2026-04-29
VI200647,2025-11-01,V2023,Technology,5903.55,2025-12-16,2025-12-22
VI200648,2025-01-28,V2013,Raw Material,1347.26,2025-03-14,2025-03-14
VI200649,2025-10-15,V2007,Logistics,2727.59,2025-11-14,2025-11-17
VI200650,2025-12-21,V2040,Professional Services,2120.54,2026-01-05,2026-01-07
VI200651,2026-06-28,V2002,Logistics,2753.93,2026-07-28,2026-08-02
VI200652,2026-02-08,V2003,Facilities,2316.34,2026-03-10,2026-03-25
VI200653,2025-05-16,V2042,Raw Material,2528.23,2025-06-15,2025-07-01
VI200654,2025-03-09,V2039,Logistics,1951.57,2025-05-08,2025-05-08
VI200655,2025-06-03,V2023,Technology,3790.89,2025-07-18,2025-07-26
VI200656,2026-04-08,V2007,Logistics,6103.02,2026-05-08,2026-05-21
VI200657,2025-11-22,V2004,Raw Material,3063.19,2025-12-22,2025-12-24
VI200658,2025-04-06,V2008,Logistics,10997.28,2025-05-06,2025-05-16
VI200659,2025-07-16,V2032,Logistics,3137.1,2025-08-15,
VI200660,2025-04-18,V2019,Facilities,5033.83,2025-05-18,2025-05-18
VI200661,2025-02-15,V2012,Raw Material,1819.22,2025-04-01,2025-04-10
VI200662,2025-07-05,V2010,Facilities,2766.08,2025-08-04,2025-08-04
VI200663,2026-03-30,V2014,Technology,2436.31,2026-04-29,
VI200664,2025-11-19,V2027,Professional Services,1346.51,2025-12-19,
VI200665,2025-10-12,V2044,Professional Services,1808.98,2025-12-11,2025-12-20
VI200666,2025-03-24,V2021,Professional Services,3760.4,2025-04-08,2025-04-29
VI200667,2025-11-23,V2020,Technology,6867.41,2025-12-08,2025-12-08
VI200668,2026-03-25,V2004,Raw Material,4294.03,2026-04-24,2026-05-07
VI200669,2025-11-17,V2019,Facilities,3709.1,2025-12-17,
VI200670,2025-05-25,V2029,Technology,1706.87,2025-06-09,2025-06-10
VI200671,2025-10-05,V2007,Logistics,4087.07,2025-11-04,2025-11-20
VI200672,2025-01-14,V2033,Raw Material,1976.06,2025-02-13,
VI200673,2025-09-19,V2008,Logistics,1391.29,2025-10-19,2025-10-21
VI200674,2026-02-18,V2011,Logistics,1661.6,2026-03-20,2026-03-20
VI200675,2026-05-09,V2033,Raw Material,2757.18,2026-06-08,2026-06-17
VI200676,2025-02-16,V2025,Raw Material,2098.6,2025-04-17,2025-04-17
VI200677,2025-07-15,V2033,Raw Material,3593.67,2025-08-14,2025-08-15
VI200678,2025-10-17,V2036,Professional Services,2331.9,2025-11-16,2025-11-18
VI200679,2026-03-08,V2026,Technology,3571.0,2026-04-22,2026-04-26
VI200680,2026-06-04,V2036,Professional Services,2435.25,2026-07-04,2026-07-04
VI200681,2025-11-20,V2011,Logistics,2888.53,2025-12-20,2025-12-20
VI200682,2026-03-05,V2030,Technology,1575.61,2026-03-20,2026-04-06
VI200683,2025-10-20,V2033,Raw Material,7577.2,2025-11-19,2025-12-01
VI200684,2026-01-12,V2010,Facilities,1032.89,2026-02-11,2026-02-15
VI200685,2026-06-19,V2029,Technology,15035.15,2026-07-04,2026-07-04
VI200686,2025-03-25,V2025,Raw Material,4056.14,2025-05-24,2025-06-08
VI200687,2026-01-08,V2032,Logistics,1079.5,2026-02-07,2026-02-16
VI200688,2025-01-24,V2004,Raw Material,3179.02,2025-02-23,2025-02-23
VI200689,2025-11-21,V2039,Logistics,3444.53,2026-01-20,2026-01-29
VI200690,2025-11-12,V2034,Facilities,7865.22,2026-01-11,2026-01-17
VI200691,2025-08-09,V2022,Logistics,1240.46,2025-10-08,2025-10-14
VI200692,2025-08-02,V2013,Raw Material,1241.42,2025-09-16,2025-09-28
VI200693,2026-04-17,V2036,Professional Services,3729.88,2026-05-17,2026-05-26
VI200694,2026-05-06,V2006,Professional Services,3380.04,2026-06-05,2026-06-17
VI200695,2025-03-26,V2017,Professional Services,7736.54,2025-04-25,2025-05-15
VI200696,2026-01-20,V2026,Technology,1558.06,2026-03-06,2026-03-16
VI200697,2025-01-04,V2024,Logistics,1477.16,2025-02-03,2025-02-27
VI200698,2025-04-24,V2009,Professional Services,10052.87,2025-06-08,2025-06-23
VI200699,2025-08-03,V2002,Logistics,2893.96,2025-09-02,2025-09-05
VI200700,2025-12-02,V2020,Technology,1836.2,2025-12-17,2025-12-17
VI200701,2025-06-16,V2027,Professional Services,4716.07,2025-07-16,2025-07-31
VI200702,2025-10-14,V2006,Professional Services,786.0,2025-11-13,2025-11-13
VI200703,2026-05-10,V2027,Professional Services,3811.91,2026-06-09,
VI200704,2026-01-19,V2024,Logistics,1976.8,2026-02-18,2026-03-01
VI200705,2026-06-01,V2015,Logistics,2150.87,2026-07-01,
VI200706,2025-05-07,V2033,Raw Material,6918.75,2025-06-06,2025-06-06
VI200707,2026-03-09,V2042,Raw Material,3940.12,2026-04-08,2026-04-08
VI200708,2025-03-27,V2010,Facilities,1432.19,2025-04-26,2025-05-18
VI200709,2026-06-20,V2021,Professional Services,3082.37,2026-07-05,2026-07-16
VI200710,2025-02-14,V2006,Professional Services,3216.5,2025-03-16,2025-03-16
VI200711,2025-10-17,V2030,Technology,2513.96,2025-11-01,2025-11-01
VI200712,2025-08-23,V2023,Technology,1596.91,2025-10-07,2025-10-07
VI200713,2025-06-06,V2036,Professional Services,3454.44,2025-07-06,2025-07-06
VI200714,2026-02-10,V2003,Facilities,4700.96,2026-03-12,2026-03-13
VI200715,2026-05-20,V2026,Technology,4003.49,2026-07-04,2026-07-15
VI200716,2025-05-02,V2034,Facilities,1875.55,2025-07-01,2025-07-01
VI200717,2025-08-12,V2030,Technology,2690.42,2025-08-27,2025-09-10
VI200718,2025-01-23,V2018,Professional Services,709.62,2025-02-22,2025-02-22
VI200719,2025-07-16,V2017,Professional Services,8424.71,2025-08-15,2025-08-19
VI200720,2026-04-24,V2045,Raw Material,2016.15,2026-06-08,2026-06-08
VI200721,2025-10-12,V2042,Raw Material,2125.76,2025-11-11,2025-11-24
VI200722,2026-06-02,V2021,Professional Services,1268.47,2026-06-17,
VI200723,2025-11-04,V2024,Logistics,5216.55,2025-12-04,2025-12-15
VI200724,2025-12-11,V2004,Raw Material,5815.31,2026-01-10,2026-01-19
VI200725,2026-02-02,V2025,Raw Material,2058.41,2026-04-03,
VI200726,2026-04-09,V2024,Logistics,1422.84,2026-05-09,2026-05-25
VI200727,2025-04-25,V2027,Professional Services,3020.87,2025-05-25,2025-05-25
VI200728,2026-03-26,V2031,Technology,2406.49,2026-04-25,2026-05-04
VI200729,2026-02-08,V2035,Technology,4835.81,2026-03-25,
VI200730,2026-07-02,V2020,Technology,2737.12,2026-07-17,2026-07-29
VI200731,2025-08-17,V2016,Facilities,2613.28,2025-09-16,2025-09-25
VI200732,2025-09-01,V2031,Technology,4609.1,2025-10-01,2025-10-10
VI200733,2025-03-06,V2007,Logistics,1070.2,2025-04-05,2025-04-17
VI200734,2025-08-25,V2018,Professional Services,2434.93,2025-09-24,2025-09-28
VI200735,2025-01-03,V2008,Logistics,3377.57,2025-02-02,2025-02-18
VI200736,2026-05-15,V2027,Professional Services,2257.33,2026-06-14,2026-07-05
VI200737,2025-02-06,V2014,Technology,3577.69,2025-03-08,2025-03-08
VI200738,2025-09-07,V2018,Professional Services,3442.81,2025-10-07,2025-10-09
VI200739,2025-01-03,V2001,Technology,5278.59,2025-02-02,2025-02-02
VI200740,2025-08-23,V2031,Technology,2494.07,2025-09-22,2025-09-22
VI200741,2026-02-21,V2020,Technology,795.31,2026-03-08,2026-03-14
VI200742,2025-09-08,V2006,Professional Services,1090.14,2025-10-08,2025-10-17
VI200743,2025-05-23,V2045,Raw Material,4029.19,2025-07-07,2025-07-11
VI200744,2025-02-25,V2001,Technology,3354.06,2025-03-27,2025-04-06
VI200745,2025-03-02,V2019,Facilities,2573.92,2025-04-01,2025-04-01
VI200746,2025-03-09,V2039,Logistics,2698.25,2025-05-08,2025-05-10
VI200747,2025-03-20,V2027,Professional Services,1956.23,2025-04-19,2025-04-29
VI200748,2025-11-23,V2016,Facilities,1960.64,2025-12-23,2025-12-25
VI200749,2026-01-02,V2014,Technology,2088.96,2026-02-01,2026-02-01
VI200750,2026-06-19,V2034,Facilities,2486.16,2026-08-18,2026-09-10
VI200751,2026-06-10,V2007,Logistics,3227.03,2026-07-10,2026-07-23
VI200752,2026-01-25,V2020,Technology,2836.16,2026-02-09,
VI200753,2025-10-16,V2031,Technology,2409.38,2025-11-15,
VI200754,2026-06-05,V2022,Logistics,4685.41,2026-08-04,2026-08-12
VI200755,2025-09-10,V2020,Technology,5244.31,2025-09-25,2025-09-25
VI200756,2025-04-05,V2015,Logistics,7116.45,2025-05-05,2025-05-11
VI200757,2025-01-03,V2025,Raw Material,2637.19,2025-03-04,2025-03-04
VI200758,2025-02-15,V2001,Technology,2125.31,2025-03-17,2025-03-23
VI200759,2026-06-09,V2017,Professional Services,2860.15,2026-07-09,2026-07-17
VI200760,2026-04-27,V2016,Facilities,2086.88,2026-05-27,2026-06-09
VI200761,2026-02-22,V2037,Technology,2950.38,2026-04-23,2026-04-23
VI200762,2025-02-12,V2021,Professional Services,3883.77,2025-02-27,2025-02-27
VI200763,2025-07-25,V2027,Professional Services,3194.62,2025-08-24,2025-08-25
VI200764,2025-10-02,V2035,Technology,2683.91,2025-11-16,2025-12-03
VI200765,2025-04-07,V2024,Logistics,4514.84,2025-05-07,2025-05-09
VI200766,2025-06-28,V2002,Logistics,8863.49,2025-07-28,2025-08-06
VI200767,2025-05-28,V2025,Raw Material,1881.85,2025-07-27,
VI200768,2026-01-19,V2019,Facilities,3704.48,2026-02-18,2026-02-20
VI200769,2025-03-13,V2045,Raw Material,2633.54,2025-04-27,2025-05-03
VI200770,2025-08-05,V2013,Raw Material,1722.37,2025-09-19,2025-09-30
VI200771,2026-03-09,V2029,Technology,1867.32,2026-03-24,2026-04-03
VI200772,2026-05-16,V2032,Logistics,2288.86,2026-06-15,2026-06-15
VI200773,2025-02-02,V2006,Professional Services,8288.41,2025-03-04,2025-03-12
VI200774,2025-08-04,V2009,Professional Services,5538.87,2025-09-18,2025-10-06
VI200775,2025-04-11,V2001,Technology,1668.0,2025-05-11,2025-05-18
VI200776,2026-04-15,V2024,Logistics,4247.03,2026-05-15,2026-05-29
VI200777,2025-06-29,V2010,Facilities,1586.02,2025-07-29,2025-08-17
VI200778,2025-11-29,V2035,Technology,1984.06,2026-01-13,2026-01-19
VI200779,2026-05-03,V2006,Professional Services,6998.45,2026-06-02,2026-06-07
VI200780,2026-04-05,V2020,Technology,10820.81,2026-04-20,
VI200781,2026-01-12,V2038,Professional Services,870.6,2026-03-13,2026-03-28
VI200782,2025-05-15,V2012,Raw Material,3041.17,2025-06-29,2025-07-03
VI200783,2026-02-14,V2003,Facilities,3885.32,2026-03-16,2026-03-16
VI200784,2025-06-04,V2018,Professional Services,2493.75,2025-07-04,2025-07-12
VI200785,2025-10-07,V2021,Professional Services,3266.25,2025-10-22,2025-11-03
VI200786,2026-04-24,V2035,Technology,2290.11,2026-06-08,2026-06-16
VI200787,2025-07-18,V2037,Technology,4481.94,2025-09-16,2025-09-25
VI200788,2026-02-21,V2019,Facilities,2387.18,2026-03-23,2026-03-28
VI200789,2025-04-08,V2025,Raw Material,4287.86,2025-06-07,2025-06-10
VI200790,2025-09-07,V2018,Professional Services,5656.24,2025-10-07,2025-10-22
VI200791,2025-04-15,V2040,Professional Services,5162.48,2025-04-30,2025-04-30
VI200792,2025-11-23,V2030,Technology,2644.94,2025-12-08,2025-12-14
VI200793,2026-04-27,V2042,Raw Material,687.47,2026-05-27,2026-05-27
VI200794,2026-01-12,V2042,Raw Material,4098.66,2026-02-11,2026-02-16
VI200795,2025-01-15,V2034,Facilities,1164.81,2025-03-16,2025-03-23
VI200796,2026-04-26,V2010,Facilities,4025.98,2026-05-26,
VI200797,2025-01-16,V2022,Logistics,3822.85,2025-03-17,
VI200798,2026-04-30,V2004,Raw Material,2605.2,2026-05-30,2026-06-15
VI200799,2025-10-06,V2003,Facilities,3113.29,2025-11-05,2025-11-11
VI200800,2025-11-29,V2028,Technology,7674.18,2025-12-29,2025-12-29
VI200801,2025-09-14,V2022,Logistics,6919.01,2025-11-13,2025-11-26
VI200802,2025-07-04,V2012,Raw Material,2372.24,2025-08-18,2025-08-26
VI200803,2025-01-27,V2013,Raw Material,872.82,2025-03-13,2025-03-13
VI200804,2025-01-25,V2041,Facilities,8276.0,2025-03-11,
VI200805,2025-03-03,V2033,Raw Material,1068.81,2025-04-02,2025-04-03
VI200806,2025-08-21,V2019,Facilities,3163.02,2025-09-20,2025-10-02
VI200807,2026-04-09,V2041,Facilities,2842.08,2026-05-24,2026-05-24
VI200808,2025-12-15,V2017,Professional Services,3955.96,2026-01-14,2026-01-18
VI200809,2025-10-13,V2034,Facilities,6936.48,2025-12-12,2025-12-20
VI200810,2026-02-18,V2004,Raw Material,3100.73,2026-03-20,2026-03-20
VI200811,2026-02-10,V2039,Logistics,2147.21,2026-04-11,2026-04-20
VI200812,2026-01-16,V2008,Logistics,3586.81,2026-02-15,2026-02-28
VI200813,2025-06-19,V2033,Raw Material,1229.1,2025-07-19,2025-07-22
VI200814,2025-10-17,V2001,Technology,1910.98,2025-11-16,2025-11-24
VI200815,2026-05-31,V2005,Raw Material,2597.93,2026-07-15,2026-07-15
VI200816,2025-10-14,V2032,Logistics,4242.9,2025-11-13,2025-12-11
VI200817,2025-11-03,V2040,Professional Services,7340.38,2025-11-18,2025-11-23
VI200818,2025-01-08,V2001,Technology,6019.93,2025-02-07,2025-02-15
VI200819,2025-12-23,V2035,Technology,5423.05,2026-02-06,2026-02-09
VI200820,2025-05-19,V2022,Logistics,6062.43,2025-07-18,2025-07-18
VI200821,2026-05-26,V2029,Technology,4371.83,2026-06-10,2026-06-23
VI200822,2025-09-05,V2017,Professional Services,3135.01,2025-10-05,2025-10-05
VI200823,2026-06-25,V2030,Technology,1556.1,2026-07-10,2026-07-10
VI200824,2025-07-02,V2035,Technology,3043.23,2025-08-16,2025-08-24
VI200825,2026-02-27,V2001,Technology,1024.93,2026-03-29,2026-03-31
VI200826,2026-02-01,V2004,Raw Material,2123.16,2026-03-03,2026-03-15
VI200827,2025-11-01,V2009,Professional Services,3109.34,2025-12-16,2025-12-17
VI200828,2025-01-19,V2045,Raw Material,3098.85,2025-03-05,
VI200829,2026-01-18,V2032,Logistics,1980.27,2026-02-17,2026-02-21
VI200830,2025-08-14,V2005,Raw Material,972.18,2025-09-28,2025-10-01
VI200831,2025-08-18,V2014,Technology,2070.23,2025-09-17,2025-09-17
VI200832,2026-05-10,V2026,Technology,2525.45,2026-06-24,2026-07-05
VI200833,2026-04-29,V2023,Technology,3371.11,2026-06-13,2026-06-21
VI200834,2025-12-25,V2022,Logistics,4674.66,2026-02-23,2026-02-23
VI200835,2026-01-08,V2027,Professional Services,2440.41,2026-02-07,2026-02-07
VI200836,2025-03-19,V2025,Raw Material,2321.32,2025-05-18,2025-05-26
VI200837,2025-11-23,V2036,Professional Services,1966.72,2025-12-23,
VI200838,2025-10-03,V2004,Raw Material,2847.78,2025-11-02,2025-11-02
VI200839,2025-12-18,V2032,Logistics,5471.66,2026-01-17,2026-01-21
VI200840,2025-07-01,V2009,Professional Services,1509.21,2025-08-15,2025-08-20
VI200841,2026-05-20,V2002,Logistics,832.7,2026-06-19,2026-06-28
VI200842,2026-01-24,V2042,Raw Material,3415.17,2026-02-23,2026-03-08
VI200843,2025-12-01,V2039,Logistics,6401.08,2026-01-30,2026-01-31
VI200844,2026-03-22,V2025,Raw Material,3637.28,2026-05-21,2026-05-31
VI200845,2026-05-24,V2010,Facilities,1564.89,2026-06-23,2026-06-27
VI200846,2025-09-05,V2037,Technology,2783.84,2025-11-04,2025-11-18
VI200847,2025-10-20,V2025,Raw Material,3090.54,2025-12-19,2025-12-19
VI200848,2026-06-15,V2040,Professional Services,4746.84,2026-06-30,2026-07-09
VI200849,2025-05-18,V2029,Technology,1695.76,2025-06-02,2025-06-02
VI200850,2025-12-11,V2037,Technology,8290.15,2026-02-09,2026-02-09
VI200851,2025-02-06,V2005,Raw Material,2279.27,2025-03-23,2025-03-24
VI200852,2025-11-10,V2014,Technology,1941.92,2025-12-10,
VI200853,2025-08-08,V2033,Raw Material,3595.07,2025-09-07,2025-09-20
VI200854,2025-05-23,V2027,Professional Services,1204.76,2025-06-22,2025-06-22
VI200855,2026-02-08,V2005,Raw Material,11353.11,2026-03-25,2026-03-26
VI200856,2026-02-08,V2044,Professional Services,4035.44,2026-04-09,2026-04-09
VI200857,2026-04-24,V2015,Logistics,2487.7,2026-05-24,2026-06-06
VI200858,2025-08-08,V2003,Facilities,1571.06,2025-09-07,2025-09-14
VI200859,2026-01-02,V2001,Technology,2636.59,2026-02-01,2026-02-10
VI200860,2025-07-15,V2024,Logistics,5607.22,2025-08-14,2025-08-20
VI200861,2025-02-01,V2012,Raw Material,2324.73,2025-03-18,
VI200862,2025-02-23,V2045,Raw Material,1824.84,2025-04-09,2025-04-17
VI200863,2026-02-27,V2014,Technology,4711.67,2026-03-29,2026-04-11
VI200864,2025-08-22,V2042,Raw Material,1506.99,2025-09-21,2025-09-21
VI200865,2025-04-20,V2020,Technology,3470.67,2025-05-05,2025-05-05
VI200866,2025-04-10,V2014,Technology,3896.19,2025-05-10,2025-05-10
VI200867,2025-07-30,V2014,Technology,3825.97,2025-08-29,2025-09-08
VI200868,2026-02-07,V2045,Raw Material,3945.84,2026-03-24,2026-04-02
VI200869,2025-05-30,V2035,Technology,1607.03,2025-07-14,2025-07-25
VI200870,2026-01-29,V2019,Facilities,2638.48,2026-02-28,2026-02-28
VI200871,2025-09-15,V2020,Technology,2531.27,2025-09-30,2025-10-02
VI200872,2025-09-02,V2042,Raw Material,3259.67,2025-10-02,2025-10-02
VI200873,2025-05-30,V2044,Professional Services,925.65,2025-07-29,2025-08-19
VI200874,2025-04-09,V2023,Technology,1200.59,2025-05-24,2025-05-30
VI200875,2025-04-13,V2034,Facilities,12140.25,2025-06-12,2025-06-12
VI200876,2025-01-12,V2001,Technology,4776.99,2025-02-11,
VI200877,2025-08-14,V2004,Raw Material,2595.83,2025-09-13,2025-09-18
VI200878,2026-03-18,V2040,Professional Services,3131.88,2026-04-02,2026-04-23
VI200879,2025-05-28,V2017,Professional Services,11066.85,2025-06-27,2025-06-30
VI200880,2025-06-28,V2026,Technology,881.72,2025-08-12,2025-08-18
VI200881,2025-01-07,V2014,Technology,3210.28,2025-02-06,2025-02-06
VI200882,2025-06-01,V2032,Logistics,2387.51,2025-07-01,
VI200883,2025-12-19,V2036,Professional Services,6685.5,2026-01-18,2026-02-05
VI200884,2026-02-21,V2020,Technology,4328.53,2026-03-08,2026-03-08
VI200885,2025-07-15,V2016,Facilities,12169.49,2025-08-14,2025-08-26
VI200886,2025-11-21,V2019,Facilities,5060.79,2025-12-21,2025-12-30
VI200887,2026-04-27,V2045,Raw Material,2236.05,2026-06-11,
VI200888,2025-07-27,V2039,Logistics,2558.06,2025-09-25,2025-09-25
VI200889,2025-10-30,V2024,Logistics,4652.45,2025-11-29,2025-11-29
VI200890,2025-10-26,V2014,Technology,7664.36,2025-11-25,2025-12-05
VI200891,2026-03-02,V2029,Technology,1880.91,2026-03-17,2026-03-17
VI200892,2025-03-03,V2042,Raw Material,3520.63,2025-04-02,2025-04-09
VI200893,2025-07-14,V2014,Technology,834.14,2025-08-13,2025-08-13
VI200894,2025-12-29,V2011,Logistics,2463.88,2026-01-28,2026-01-28
VI200895,2025-03-19,V2011,Logistics,9151.19,2025-04-18,2025-04-23
VI200896,2025-10-11,V2040,Professional Services,8000.22,2025-10-26,2025-11-10
VI200897,2025-02-26,V2024,Logistics,4851.55,2025-03-28,2025-03-28
VI200898,2026-01-11,V2022,Logistics,9475.26,2026-03-12,2026-03-17
VI200899,2026-01-11,V2021,Professional Services,2514.82,2026-01-26,2026-02-01
VI200900,2026-01-08,V2006,Professional Services,2856.89,2026-02-07,
VI200901,2025-09-01,V2014,Technology,2485.47,2025-10-01,2025-10-08
VI200902,2025-02-08,V2009,Professional Services,4561.76,2025-03-25,2025-03-30
VI200903,2025-11-05,V2035,Technology,19887.14,2025-12-20,2025-12-20
VI200904,2025-03-27,V2044,Professional Services,3783.26,2025-05-26,2025-06-10
VI200905,2025-04-09,V2036,Professional Services,1419.88,2025-05-09,
VI200906,2026-01-09,V2025,Raw Material,1455.35,2026-03-10,2026-03-13
VI200907,2026-05-10,V2015,Logistics,1692.19,2026-06-09,
VI200908,2025-07-27,V2045,Raw Material,1758.83,2025-09-10,2025-09-12
VI200909,2025-03-24,V2028,Technology,1659.97,2025-04-23,2025-05-05
VI200910,2025-01-01,V2014,Technology,3436.98,2025-01-31,
VI200911,2026-03-13,V2013,Raw Material,1179.36,2026-04-27,2026-04-27
VI200912,2025-09-07,V2041,Facilities,4098.88,2025-10-22,2025-10-26
VI200913,2026-02-14,V2031,Technology,5665.62,2026-03-16,2026-03-16
VI200914,2026-01-21,V2005,Raw Material,1990.86,2026-03-07,2026-03-07
VI200915,2025-03-25,V2019,Facilities,3729.67,2025-04-24,2025-04-27
VI200916,2026-05-05,V2008,Logistics,4594.55,2026-06-04,2026-06-04
VI200917,2025-08-27,V2013,Raw Material,5276.0,2025-10-11,2025-10-14
VI200918,2026-06-24,V2041,Facilities,3202.32,2026-08-08,2026-08-08
VI200919,2026-01-15,V2017,Professional Services,1609.95,2026-02-14,2026-02-28
VI200920,2026-01-26,V2032,Logistics,3197.26,2026-02-25,2026-02-26
VI200921,2025-11-24,V2005,Raw Material,2692.56,2026-01-08,2026-01-19
VI200922,2026-04-25,V2009,Professional Services,3264.62,2026-06-09,2026-06-17
VI200923,2025-10-31,V2043,Professional Services,1564.85,2025-12-15,2025-12-15
VI200924,2025-10-09,V2034,Facilities,1111.34,2025-12-08,2025-12-16
VI200925,2025-12-11,V2045,Raw Material,803.99,2026-01-25,
VI200926,2025-05-15,V2001,Technology,953.29,2025-06-14,2025-06-19
VI200927,2026-04-13,V2040,Professional Services,911.81,2026-04-28,2026-04-30
VI200928,2025-12-27,V2015,Logistics,5802.29,2026-01-26,
VI200929,2025-04-25,V2032,Logistics,3509.51,2025-05-25,2025-06-03
VI200930,2025-07-05,V2034,Facilities,3059.24,2025-09-03,2025-09-05
VI200931,2026-04-23,V2035,Technology,2385.58,2026-06-07,
VI200932,2025-01-01,V2028,Technology,859.47,2025-01-31,2025-01-31
VI200933,2026-06-25,V2017,Professional Services,3828.6,2026-07-25,2026-07-25
VI200934,2026-02-28,V2011,Logistics,3453.55,2026-03-30,2026-04-04
VI200935,2025-09-27,V2023,Technology,3071.07,2025-11-11,2025-11-25
VI200936,2026-02-23,V2026,Technology,1809.41,2026-04-09,2026-04-18
VI200937,2025-11-23,V2005,Raw Material,1900.93,2026-01-07,
VI200938,2025-07-14,V2026,Technology,4188.2,2025-08-28,2025-09-04
VI200939,2025-09-12,V2006,Professional Services,1810.14,2025-10-12,
VI200940,2025-03-20,V2043,Professional Services,5948.42,2025-05-04,2025-05-13
VI200941,2025-04-08,V2034,Facilities,8431.18,2025-06-07,2025-06-17
VI200942,2025-05-30,V2042,Raw Material,6168.89,2025-06-29,2025-07-14
VI200943,2026-03-23,V2013,Raw Material,3171.41,2026-05-07,2026-05-11
VI200944,2025-05-03,V2025,Raw Material,2806.08,2025-07-02,2025-07-02
VI200945,2025-12-25,V2002,Logistics,3177.74,2026-01-24,2026-01-24
VI200946,2025-08-27,V2014,Technology,4636.1,2025-09-26,2025-10-01
VI200947,2026-06-14,V2017,Professional Services,7674.79,2026-07-14,2026-07-17
VI200948,2025-07-23,V2041,Facilities,4270.93,2025-09-06,2025-09-17
VI200949,2025-05-23,V2040,Professional Services,987.95,2025-06-07,2025-06-20
VI200950,2025-07-06,V2040,Professional Services,1631.2,2025-07-21,2025-07-26
VI200951,2026-05-03,V2039,Logistics,2701.86,2026-07-02,2026-07-02
VI200952,2025-05-02,V2025,Raw Material,5658.98,2025-07-01,2025-07-10
VI200953,2025-12-16,V2027,Professional Services,13221.01,2026-01-15,
VI200954,2025-04-10,V2024,Logistics,3124.12,2025-05-10,2025-05-20
VI200955,2025-10-11,V2033,Raw Material,4601.9,2025-11-10,2025-11-10
VI200956,2026-06-11,V2027,Professional Services,1090.12,2026-07-11,2026-08-09
VI200957,2026-01-19,V2045,Raw Material,1886.91,2026-03-05,2026-03-05
VI200958,2025-07-06,V2031,Technology,3755.78,2025-08-05,2025-08-11
VI200959,2025-01-08,V2038,Professional Services,785.2,2025-03-09,2025-03-20
VI200960,2026-06-29,V2015,Logistics,3498.53,2026-07-29,2026-08-10
VI200961,2026-02-23,V2044,Professional Services,2330.31,2026-04-24,2026-04-29
VI200962,2025-03-31,V2040,Professional Services,3070.22,2025-04-15,
VI200963,2026-05-11,V2001,Technology,1872.99,2026-06-10,2026-06-22
VI200964,2025-04-26,V2011,Logistics,4188.51,2025-05-26,2025-06-01
VI200965,2025-01-20,V2015,Logistics,5931.12,2025-02-19,2025-02-26
VI200966,2025-05-12,V2033,Raw Material,4840.1,2025-06-11,2025-06-21
VI200967,2025-10-19,V2032,Logistics,4745.6,2025-11-18,2025-11-23
VI200968,2025-12-20,V2025,Raw Material,4315.39,2026-02-18,2026-03-06
VI200969,2025-08-25,V2039,Logistics,2947.64,2025-10-24,2025-11-06
VI200970,2025-08-11,V2033,Raw Material,2242.44,2025-09-10,2025-09-13
VI200971,2026-03-12,V2029,Technology,5434.5,2026-03-27,2026-03-27
VI200972,2025-02-08,V2034,Facilities,1677.27,2025-04-09,2025-04-20
VI200973,2025-11-23,V2008,Logistics,4127.77,2025-12-23,2025-12-29
VI200974,2025-07-28,V2011,Logistics,4056.83,2025-08-27,2025-08-27
VI200975,2025-04-16,V2013,Raw Material,1506.5,2025-05-31,2025-06-01
VI200976,2025-09-06,V2005,Raw Material,1613.77,2025-10-21,2025-10-31
VI200977,2025-12-20,V2019,Facilities,4153.57,2026-01-19,2026-01-20
VI200978,2026-04-15,V2021,Professional Services,3418.9,2026-04-30,2026-05-17
VI200979,2025-09-22,V2003,Facilities,3765.3,2025-10-22,2025-10-22
VI200980,2026-04-09,V2026,Technology,2591.97,2026-05-24,2026-05-25
VI200981,2026-03-17,V2033,Raw Material,8070.55,2026-04-16,2026-04-16
VI200982,2025-10-11,V2030,Technology,4371.43,2025-10-26,2025-10-26
VI200983,2026-06-18,V2022,Logistics,7144.19,2026-08-17,2026-08-17
VI200984,2026-01-04,V2005,Raw Material,2511.88,2026-02-18,
VI200985,2026-05-10,V2019,Facilities,5705.2,2026-06-09,2026-06-11
VI200986,2025-06-03,V2009,Professional Services,2428.54,2025-07-18,2025-07-18
VI200987,2025-11-12,V2024,Logistics,2406.73,2025-12-12,2025-12-12
VI200988,2025-10-27,V2039,Logistics,1346.3,2025-12-26,
VI200989,2026-03-16,V2012,Raw Material,4006.52,2026-04-30,2026-04-30
VI200990,2025-05-31,V2045,Raw Material,1532.43,2025-07-15,2025-07-28
VI200991,2026-02-10,V2027,Professional Services,1996.57,2026-03-12,2026-03-15
VI200992,2025-06-24,V2042,Raw Material,1236.54,2025-07-24,2025-08-03
VI200993,2025-02-24,V2021,Professional Services,868.83,2025-03-11,2025-03-13
VI200994,2025-11-07,V2038,Professional Services,2824.59,2026-01-06,
VI200995,2025-06-03,V2035,Technology,1874.4,2025-07-18,2025-07-18
VI200996,2026-05-15,V2032,Logistics,3694.88,2026-06-14,
VI200997,2026-05-16,V2036,Professional Services,2883.1,2026-06-15,2026-07-02
VI200998,2025-07-09,V2033,Raw Material,5880.3,2025-08-08,2025-08-08
VI200999,2026-05-21,V2043,Professional Services,10426.66,2026-07-05,2026-07-16
VI201000,2025-05-29,V2017,Professional Services,6288.76,2025-06-28,2025-07-06
VI201001,2025-01-08,V2005,Raw Material,3039.74,2025-02-22,2025-02-22
VI201002,2026-04-14,V2044,Professional Services,4616.47,2026-06-13,2026-06-21
VI201003,2025-11-17,V2020,Technology,6998.82,2025-12-02,
VI201004,2026-03-27,V2023,Technology,2149.41,2026-05-11,2026-05-15
VI201005,2025-05-08,V2039,Logistics,5333.66,2025-07-07,2025-07-21
VI201006,2025-10-14,V2004,Raw Material,6968.41,2025-11-13,2025-11-26
VI201007,2025-03-28,V2026,Technology,3144.89,2025-05-12,2025-05-24
VI201008,2025-03-22,V2030,Technology,4042.57,2025-04-06,2025-04-22
VI201009,2026-06-18,V2029,Technology,11268.47,2026-07-03,2026-07-03
VI201010,2025-09-09,V2034,Facilities,1985.71,2025-11-08,
VI201011,2025-07-09,V2010,Facilities,2502.5,2025-08-08,2025-08-08
VI201012,2026-04-29,V2020,Technology,4278.61,2026-05-14,2026-05-15
VI201013,2026-01-14,V2024,Logistics,1675.82,2026-02-13,2026-02-14
VI201014,2026-04-01,V2034,Facilities,2841.77,2026-05-31,2026-06-04
VI201015,2025-01-08,V2037,Technology,1349.85,2025-03-09,2025-03-11
VI201016,2025-11-14,V2013,Raw Material,870.93,2025-12-29,2025-12-29
VI201017,2025-11-30,V2023,Technology,3484.99,2026-01-14,2026-01-25
VI201018,2025-08-18,V2010,Facilities,1253.11,2025-09-17,2025-09-17
VI201019,2026-05-23,V2022,Logistics,1637.57,2026-07-22,
VI201020,2026-06-11,V2045,Raw Material,5799.37,2026-07-26,
VI201021,2026-04-20,V2014,Technology,3328.77,2026-05-20,2026-05-20
VI201022,2026-02-10,V2025,Raw Material,2910.19,2026-04-11,2026-04-16
VI201023,2025-10-14,V2018,Professional Services,2340.45,2025-11-13,2025-11-13
VI201024,2026-03-22,V2020,Technology,8104.39,2026-04-06,2026-04-21
VI201025,2025-12-09,V2028,Technology,12771.76,2026-01-08,
VI201026,2025-11-21,V2008,Logistics,4421.53,2025-12-21,2025-12-26
VI201027,2025-06-16,V2005,Raw Material,538.53,2025-07-31,2025-08-07
VI201028,2025-10-23,V2021,Professional Services,2914.79,2025-11-07,2025-11-11
VI201029,2025-07-02,V2020,Technology,1500.05,2025-07-17,2025-07-17
VI201030,2025-03-27,V2044,Professional Services,2226.53,2025-05-26,2025-05-30
VI201031,2025-05-29,V2016,Facilities,4075.31,2025-06-28,
VI201032,2025-02-28,V2020,Technology,3193.05,2025-03-15,2025-03-16
VI201033,2025-01-05,V2025,Raw Material,1223.29,2025-03-06,2025-03-22
VI201034,2025-03-24,V2007,Logistics,1900.83,2025-04-23,2025-04-24
VI201035,2026-01-18,V2025,Raw Material,6287.28,2026-03-19,2026-03-25
VI201036,2026-04-24,V2036,Professional Services,8375.6,2026-05-24,2026-06-14
VI201037,2025-01-27,V2010,Facilities,7239.06,2025-02-26,
VI201038,2026-06-09,V2040,Professional Services,1238.71,2026-06-24,
VI201039,2026-02-18,V2016,Facilities,2371.52,2026-03-20,2026-03-30
VI201040,2025-06-29,V2004,Raw Material,1857.66,2025-07-29,2025-08-11
VI201041,2026-04-09,V2010,Facilities,4597.75,2026-05-09,2026-05-09
VI201042,2026-06-11,V2031,Technology,2461.78,2026-07-11,2026-07-20
VI201043,2025-01-01,V2012,Raw Material,1541.87,2025-02-15,2025-02-22
VI201044,2025-09-28,V2020,Technology,7797.65,2025-10-13,2025-10-13
VI201045,2026-04-29,V2032,Logistics,2047.12,2026-05-29,2026-06-05
VI201046,2025-02-17,V2002,Logistics,5751.59,2025-03-19,2025-03-19
VI201047,2025-07-02,V2011,Logistics,2004.99,2025-08-01,2025-08-07
VI201048,2026-01-08,V2020,Technology,4972.59,2026-01-23,2026-02-05
VI201049,2026-06-23,V2023,Technology,2415.63,2026-08-07,
VI201050,2026-05-22,V2013,Raw Material,1516.63,2026-07-06,2026-07-10
VI201051,2026-05-21,V2035,Technology,6301.7,2026-07-05,2026-07-07
VI201052,2025-03-07,V2017,Professional Services,1882.08,2025-04-06,2025-04-20
VI201053,2025-02-21,V2010,Facilities,3201.0,2025-03-23,2025-03-24
VI201054,2026-04-15,V2040,Professional Services,1281.07,2026-04-30,2026-05-07
VI201055,2025-08-31,V2038,Professional Services,1217.1,2025-10-30,2025-11-09
VI201056,2025-12-03,V2014,Technology,8102.94,2026-01-02,2026-01-13
VI201057,2025-05-01,V2019,Facilities,3264.5,2025-05-31,2025-05-31
VI201058,2025-02-14,V2032,Logistics,2782.89,2025-03-16,2025-03-19
VI201059,2025-02-21,V2033,Raw Material,2264.88,2025-03-23,2025-04-10
VI201060,2025-05-31,V2043,Professional Services,1797.73,2025-07-15,2025-07-20
VI201061,2026-02-17,V2025,Raw Material,4354.5,2026-04-18,2026-05-01
VI201062,2026-06-25,V2025,Raw Material,7504.53,2026-08-24,
VI201063,2026-05-13,V2014,Technology,5071.51,2026-06-12,2026-06-16
VI201064,2025-07-28,V2045,Raw Material,4433.51,2025-09-11,2025-09-23
VI201065,2025-01-08,V2044,Professional Services,2430.82,2025-03-09,2025-03-22
VI201066,2026-01-26,V2038,Professional Services,4504.14,2026-03-27,2026-03-27
VI201067,2025-09-04,V2036,Professional Services,10581.11,2025-10-04,2025-10-12
VI201068,2026-01-30,V2024,Logistics,2507.75,2026-03-01,2026-03-18
VI201069,2025-12-05,V2041,Facilities,3764.72,2026-01-19,2026-01-19
VI201070,2026-02-16,V2039,Logistics,7216.72,2026-04-17,2026-04-21
VI201071,2026-06-24,V2039,Logistics,10590.15,2026-08-23,2026-08-29
VI201072,2025-12-11,V2013,Raw Material,3264.57,2026-01-25,2026-01-29
VI201073,2025-10-23,V2002,Logistics,5173.68,2025-11-22,2025-11-25
VI201074,2025-08-23,V2034,Facilities,2527.02,2025-10-22,2025-10-22
VI201075,2026-03-21,V2015,Logistics,3680.74,2026-04-20,2026-04-28
VI201076,2025-08-21,V2002,Logistics,2545.21,2025-09-20,2025-09-20
VI201077,2025-11-06,V2025,Raw Material,6397.76,2026-01-05,2026-01-05
VI201078,2026-04-23,V2005,Raw Material,8862.92,2026-06-07,
VI201079,2026-05-29,V2034,Facilities,1360.89,2026-07-28,2026-07-28
VI201080,2025-12-02,V2039,Logistics,2784.34,2026-01-31,2026-02-17
VI201081,2025-02-21,V2005,Raw Material,2097.03,2025-04-07,2025-04-13
VI201082,2026-06-30,V2043,Professional Services,2422.85,2026-08-14,2026-08-25
VI201083,2025-10-28,V2008,Logistics,2547.22,2025-11-27,2025-11-27
VI201084,2025-08-31,V2014,Technology,1695.64,2025-09-30,2025-09-30
VI201085,2025-12-22,V2029,Technology,3574.35,2026-01-06,2026-01-06
VI201086,2026-03-18,V2030,Technology,1397.65,2026-04-02,2026-04-02
VI201087,2025-04-29,V2037,Technology,5291.38,2025-06-28,2025-06-28
VI201088,2026-02-13,V2004,Raw Material,3608.22,2026-03-15,2026-03-29
VI201089,2026-01-06,V2035,Technology,1495.55,2026-02-20,2026-02-24
VI201090,2025-03-14,V2007,Logistics,1445.01,2025-04-13,
VI201091,2026-03-25,V2026,Technology,4955.69,2026-05-09,2026-05-19
VI201092,2026-04-16,V2032,Logistics,1886.61,2026-05-16,2026-05-30
VI201093,2025-06-05,V2043,Professional Services,8149.97,2025-07-20,2025-07-23
VI201094,2025-11-06,V2033,Raw Material,749.77,2025-12-06,
VI201095,2025-02-05,V2024,Logistics,1504.34,2025-03-07,2025-03-07
VI201096,2025-09-05,V2001,Technology,2321.91,2025-10-05,2025-10-20
VI201097,2026-03-04,V2029,Technology,2920.99,2026-03-19,
VI201098,2025-02-13,V2045,Raw Material,4588.18,2025-03-30,2025-03-30
VI201099,2026-03-29,V2038,Professional Services,2614.31,2026-05-28,2026-06-07
VI201100,2025-04-29,V2038,Professional Services,2419.25,2025-06-28,2025-06-28
VI201101,2025-12-15,V2021,Professional Services,1924.7,2025-12-30,2026-01-08
VI201102,2026-01-23,V2023,Technology,1782.36,2026-03-09,
VI201103,2025-03-11,V2005,Raw Material,1875.46,2025-04-25,2025-05-06
VI201104,2026-03-30,V2030,Technology,2833.94,2026-04-14,2026-04-17
VI201105,2025-09-24,V2040,Professional Services,897.79,2025-10-09,2025-10-20
VI201106,2026-03-14,V2018,Professional Services,4225.26,2026-04-13,
VI201107,2026-01-01,V2006,Professional Services,3118.46,2026-01-31,2026-02-08
VI201108,2025-07-06,V2005,Raw Material,2761.96,2025-08-20,2025-08-21
VI201109,2025-08-15,V2042,Raw Material,6245.13,2025-09-14,2025-09-22
VI201110,2025-03-02,V2018,Professional Services,4388.32,2025-04-01,2025-04-04
VI201111,2025-06-17,V2013,Raw Material,3238.78,2025-08-01,2025-08-01
VI201112,2025-05-12,V2020,Technology,4558.89,2025-05-27,2025-05-31
VI201113,2025-06-04,V2038,Professional Services,1988.81,2025-08-03,2025-08-18
VI201114,2025-01-07,V2021,Professional Services,4384.09,2025-01-22,2025-01-22
VI201115,2026-06-07,V2004,Raw Material,5082.87,2026-07-07,2026-07-14
VI201116,2025-09-08,V2013,Raw Material,607.53,2025-10-23,2025-10-23
VI201117,2025-09-19,V2018,Professional Services,9418.68,2025-10-19,2025-10-19
VI201118,2025-04-30,V2013,Raw Material,3703.97,2025-06-14,2025-06-20
VI201119,2025-02-17,V2013,Raw Material,4433.27,2025-04-03,2025-05-09
VI201120,2025-03-10,V2039,Logistics,6026.71,2025-05-09,2025-05-09
VI201121,2025-09-19,V2037,Technology,2727.38,2025-11-18,2025-12-01
VI201122,2026-03-21,V2035,Technology,2274.38,2026-05-05,2026-05-05
VI201123,2026-04-24,V2038,Professional Services,3622.24,2026-06-23,2026-06-28
VI201124,2025-08-19,V2040,Professional Services,17918.54,2025-09-03,2025-09-03
VI201125,2025-08-12,V2027,Professional Services,2792.33,2025-09-11,2025-09-19
VI201126,2026-04-02,V2026,Technology,1965.56,2026-05-17,2026-05-18
VI201127,2026-01-01,V2012,Raw Material,7132.17,2026-02-15,2026-02-15
VI201128,2025-01-28,V2002,Logistics,767.75,2025-02-27,2025-02-27
VI201129,2025-04-11,V2043,Professional Services,2776.5,2025-05-26,2025-05-26
VI201130,2025-02-27,V2020,Technology,1971.81,2025-03-14,2025-03-17
VI201131,2025-01-24,V2035,Technology,4486.28,2025-03-10,2025-03-10
VI201132,2026-02-19,V2010,Facilities,3256.95,2026-03-21,2026-03-23
VI201133,2025-08-15,V2008,Logistics,1458.07,2025-09-14,2025-09-16
VI201134,2025-06-18,V2040,Professional Services,4539.84,2025-07-03,2025-07-03
VI201135,2026-05-04,V2036,Professional Services,1748.65,2026-06-03,2026-06-09
VI201136,2025-09-03,V2031,Technology,2890.51,2025-10-03,2025-10-06
VI201137,2025-12-29,V2015,Logistics,2258.28,2026-01-28,2026-02-09
VI201138,2026-04-10,V2042,Raw Material,5061.79,2026-05-10,2026-06-03
VI201139,2026-03-06,V2018,Professional Services,2212.23,2026-04-05,2026-04-12
VI201140,2026-02-25,V2015,Logistics,500.0,2026-03-27,2026-04-10
VI201141,2025-01-21,V2019,Facilities,1443.89,2025-02-20,2025-02-26
VI201142,2026-01-04,V2024,Logistics,3105.92,2026-02-03,2026-02-12
VI201143,2026-04-09,V2035,Technology,1941.57,2026-05-24,2026-05-26
VI201144,2025-04-07,V2002,Logistics,6469.9,2025-05-07,2025-05-11
VI201145,2026-05-07,V2013,Raw Material,1535.25,2026-06-21,2026-06-21
VI201146,2025-12-19,V2045,Raw Material,4336.65,2026-02-02,
VI201147,2025-04-05,V2009,Professional Services,5039.92,2025-05-20,2025-06-02
VI201148,2025-01-24,V2035,Technology,3342.59,2025-03-10,2025-03-17
VI201149,2026-01-15,V2002,Logistics,3888.8,2026-02-14,2026-02-14
VI201150,2026-01-31,V2016,Facilities,2730.84,2026-03-02,2026-03-06
VI201151,2026-02-08,V2036,Professional Services,3565.62,2026-03-10,2026-03-23
VI201152,2025-05-13,V2002,Logistics,2173.41,2025-06-12,2025-07-07
VI201153,2025-02-23,V2016,Facilities,3453.34,2025-03-25,2025-03-31
VI201154,2025-10-19,V2008,Logistics,2472.37,2025-11-18,2025-12-03
VI201155,2025-04-22,V2001,Technology,2471.93,2025-05-22,2025-05-28
VI201156,2026-02-26,V2018,Professional Services,1934.7,2026-03-28,2026-04-12
VI201157,2025-05-11,V2041,Facilities,2588.92,2025-06-25,2025-06-25
VI201158,2026-02-24,V2026,Technology,7948.18,2026-04-10,2026-04-10
VI201159,2025-10-05,V2044,Professional Services,2548.12,2025-12-04,2025-12-12
VI201160,2025-03-09,V2005,Raw Material,5491.77,2025-04-23,2025-04-23
VI201161,2026-02-07,V2021,Professional Services,4190.16,2026-02-22,2026-03-02
VI201162,2025-06-24,V2035,Technology,3500.0,2025-08-08,
VI201163,2025-10-07,V2040,Professional Services,3589.71,2025-10-22,2025-10-22
VI201164,2026-04-09,V2028,Technology,3022.05,2026-05-09,2026-05-09
VI201165,2026-01-25,V2026,Technology,2041.98,2026-03-11,2026-03-19
VI201166,2025-05-16,V2032,Logistics,9106.48,2025-06-15,2025-06-15
VI201167,2026-02-13,V2044,Professional Services,5929.41,2026-04-14,2026-04-15
VI201168,2025-08-12,V2044,Professional Services,3065.65,2025-10-11,2025-10-21
VI201169,2025-07-07,V2021,Professional Services,3117.92,2025-07-22,2025-07-26
VI201170,2026-01-22,V2004,Raw Material,4306.21,2026-02-21,2026-02-23
VI201171,2025-01-09,V2042,Raw Material,1498.54,2025-02-08,2025-02-08
VI201172,2025-06-29,V2041,Facilities,1792.19,2025-08-13,2025-08-30
VI201173,2026-03-20,V2036,Professional Services,880.1,2026-04-19,2026-04-30
VI201174,2026-03-22,V2024,Logistics,2598.05,2026-04-21,2026-04-21
VI201175,2025-04-26,V2033,Raw Material,6467.16,2025-05-26,
VI201176,2025-09-02,V2005,Raw Material,2481.68,2025-10-17,2025-10-18
VI201177,2025-10-10,V2003,Facilities,12382.1,2025-11-09,2025-11-09
VI201178,2025-08-01,V2011,Logistics,2245.87,2025-08-31,2025-09-03
VI201179,2026-03-27,V2045,Raw Material,3346.57,2026-05-11,2026-05-25
VI201180,2025-01-25,V2032,Logistics,2487.65,2025-02-24,2025-03-09
VI201181,2025-08-21,V2022,Logistics,695.51,2025-10-20,2025-11-02
VI201182,2026-05-31,V2011,Logistics,2492.59,2026-06-30,2026-06-30
VI201183,2025-10-15,V2038,Professional Services,1725.37,2025-12-14,2025-12-14
VI201184,2025-07-03,V2022,Logistics,3471.98,2025-09-01,
VI201185,2025-09-08,V2004,Raw Material,6831.4,2025-10-08,2025-10-17
VI201186,2025-10-18,V2039,Logistics,2370.03,2025-12-17,2025-12-19
VI201187,2025-12-25,V2003,Facilities,3794.81,2026-01-24,2026-02-04
VI201188,2025-11-01,V2010,Facilities,2594.89,2025-12-01,2025-12-10
VI201189,2025-12-16,V2037,Technology,5341.85,2026-02-14,2026-02-14
VI201190,2025-12-05,V2019,Facilities,13126.82,2026-01-04,2026-01-04
VI201191,2026-04-24,V2018,Professional Services,7826.15,2026-05-24,2026-05-29
VI201192,2026-04-10,V2028,Technology,1997.07,2026-05-10,2026-05-10
VI201193,2025-05-10,V2031,Technology,7314.79,2025-06-09,2025-06-23
VI201194,2025-07-06,V2017,Professional Services,3623.33,2025-08-05,2025-08-14
VI201195,2026-02-25,V2024,Logistics,6638.56,2026-03-27,
VI201196,2026-05-11,V2001,Technology,1529.79,2026-06-10,2026-06-10
VI201197,2026-06-25,V2005,Raw Material,2814.02,2026-08-09,2026-08-09
VI201198,2025-08-23,V2032,Logistics,3348.01,2025-09-22,2025-09-22
VI201199,2025-10-05,V2017,Professional Services,2878.3,2025-11-04,2025-11-20
VI201200,2025-04-12,V2021,Professional Services,3598.96,2025-04-27,2025-05-04
VI201201,2026-04-04,V2041,Facilities,2775.43,2026-05-19,2026-05-23
VI201202,2025-08-20,V2043,Professional Services,2364.51,2025-10-04,2025-10-24
VI201203,2025-10-01,V2022,Logistics,2214.38,2025-11-30,
VI201204,2025-12-31,V2039,Logistics,1750.83,2026-03-01,2026-03-04
VI201205,2026-04-23,V2039,Logistics,3642.47,2026-06-22,2026-06-22
VI201206,2026-04-13,V2034,Facilities,2717.23,2026-06-12,2026-07-04
VI201207,2025-10-01,V2014,Technology,2099.16,2025-10-31,2025-11-03
VI201208,2025-11-24,V2016,Facilities,1125.29,2025-12-24,2025-12-30
VI201209,2025-07-03,V2005,Raw Material,4230.39,2025-08-17,2025-09-04
VI201210,2025-07-13,V2018,Professional Services,4624.78,2025-08-12,2025-08-26
VI201211,2025-09-29,V2004,Raw Material,1620.59,2025-10-29,2025-10-29
VI201212,2025-10-27,V2044,Professional Services,3187.42,2025-12-26,2025-12-28
VI201213,2025-07-15,V2028,Technology,2091.54,2025-08-14,2025-08-18
VI201214,2025-11-27,V2045,Raw Material,4754.68,2026-01-11,2026-01-17
VI201215,2026-05-01,V2027,Professional Services,2159.85,2026-05-31,
VI201216,2026-05-14,V2006,Professional Services,2165.75,2026-06-13,2026-06-13
VI201217,2026-02-04,V2011,Logistics,3245.94,2026-03-06,2026-03-23
VI201218,2026-02-01,V2021,Professional Services,2268.68,2026-02-16,2026-02-25
VI201219,2025-04-10,V2017,Professional Services,2169.85,2025-05-10,2025-05-20
VI201220,2025-03-22,V2031,Technology,1999.04,2025-04-21,2025-05-07
VI201221,2025-01-17,V2034,Facilities,2236.15,2025-03-18,2025-03-25
VI201222,2025-07-31,V2013,Raw Material,2336.22,2025-09-14,2025-09-17
VI201223,2025-05-06,V2023,Technology,3006.0,2025-06-20,2025-06-22
VI201224,2025-05-10,V2001,Technology,2683.1,2025-06-09,2025-06-12
VI201225,2026-06-19,V2004,Raw Material,4111.21,2026-07-19,2026-07-23
VI201226,2025-08-02,V2030,Technology,1408.47,2025-08-17,2025-08-17
VI201227,2025-05-09,V2031,Technology,11590.97,2025-06-08,2025-06-08
VI201228,2026-06-08,V2016,Facilities,3024.18,2026-07-08,2026-07-08
VI201229,2026-04-07,V2043,Professional Services,5604.65,2026-05-22,
VI201230,2025-02-26,V2003,Facilities,4080.27,2025-03-28,2025-04-03
VI201231,2025-10-01,V2012,Raw Material,3224.2,2025-11-15,2025-11-24
VI201232,2025-12-05,V2012,Raw Material,3996.89,2026-01-19,2026-01-19
VI201233,2025-05-23,V2011,Logistics,3717.32,2025-06-22,2025-06-25
VI201234,2026-02-27,V2016,Facilities,2659.25,2026-03-29,2026-04-08
VI201235,2025-11-30,V2029,Technology,14128.24,2025-12-15,2025-12-18
VI201236,2025-05-13,V2021,Professional Services,6152.31,2025-05-28,2025-06-01
VI201237,2025-09-21,V2045,Raw Material,1057.58,2025-11-05,
VI201238,2025-05-27,V2044,Professional Services,5902.28,2025-07-26,2025-08-05
VI201239,2026-03-12,V2042,Raw Material,3121.38,2026-04-11,2026-04-16
VI201240,2025-01-12,V2043,Professional Services,8637.04,2025-02-26,2025-02-28
VI201241,2025-02-24,V2005,Raw Material,2411.19,2025-04-10,2025-04-11
VI201242,2025-08-18,V2013,Raw Material,653.19,2025-10-02,2025-10-02
VI201243,2025-05-02,V2017,Professional Services,2372.51,2025-06-01,2025-06-11
VI201244,2025-08-21,V2012,Raw Material,1052.21,2025-10-05,2025-10-15
VI201245,2025-06-11,V2017,Professional Services,1915.11,2025-07-11,2025-07-16
VI201246,2026-05-15,V2001,Technology,2057.0,2026-06-14,2026-06-27
VI201247,2025-06-28,V2008,Logistics,3810.43,2025-07-28,2025-08-02
VI201248,2025-12-28,V2016,Facilities,3518.03,2026-01-27,2026-02-04
VI201249,2025-07-27,V2015,Logistics,4518.94,2025-08-26,2025-08-26
VI201250,2026-03-08,V2019,Facilities,4274.89,2026-04-07,
VI201251,2026-04-01,V2025,Raw Material,10528.87,2026-05-31,2026-06-06
VI201252,2026-05-19,V2031,Technology,2984.05,2026-06-18,2026-06-26
VI201253,2025-06-03,V2042,Raw Material,4164.0,2025-07-03,2025-07-09
VI201254,2025-12-04,V2002,Logistics,5297.6,2026-01-03,2026-01-09
VI201255,2025-10-20,V2025,Raw Material,1959.0,2025-12-19,
VI201256,2026-03-12,V2031,Technology,1310.69,2026-04-11,2026-04-11
VI201257,2026-01-31,V2004,Raw Material,3787.53,2026-03-02,2026-03-10
VI201258,2025-06-15,V2004,Raw Material,2299.18,2025-07-15,2025-07-15
VI201259,2026-03-28,V2012,Raw Material,4949.99,2026-05-12,2026-05-15
VI201260,2026-06-20,V2017,Professional Services,4804.63,2026-07-20,2026-07-20
VI201261,2026-02-05,V2021,Professional Services,5669.87,2026-02-20,2026-03-04
VI201262,2025-04-25,V2029,Technology,1788.61,2025-05-10,2025-05-10
VI201263,2025-12-17,V2022,Logistics,2052.09,2026-02-15,2026-02-18
VI201264,2025-09-17,V2036,Professional Services,3195.63,2025-10-17,2025-10-17
VI201265,2025-08-14,V2040,Professional Services,2655.01,2025-08-29,2025-08-29
VI201266,2026-05-01,V2016,Facilities,4010.92,2026-05-31,2026-05-31
VI201267,2025-05-11,V2015,Logistics,7216.32,2025-06-10,
VI201268,2025-09-21,V2030,Technology,2793.84,2025-10-06,2025-10-06
VI201269,2026-06-08,V2011,Logistics,1235.07,2026-07-08,2026-07-15
VI201270,2025-06-30,V2013,Raw Material,837.33,2025-08-14,2025-08-14
VI201271,2025-12-15,V2023,Technology,1287.15,2026-01-29,
VI201272,2026-04-16,V2040,Professional Services,1259.89,2026-05-01,2026-05-10
VI201273,2025-06-10,V2041,Facilities,4599.49,2025-07-25,2025-07-29
VI201274,2025-04-24,V2034,Facilities,2889.49,2025-06-23,2025-06-23
VI201275,2025-01-18,V2020,Technology,3129.36,2025-02-02,2025-02-02
VI201276,2025-04-14,V2002,Logistics,4765.07,2025-05-14,2025-05-25
VI201277,2025-07-05,V2008,Logistics,7229.33,2025-08-04,
VI201278,2025-12-08,V2018,Professional Services,2626.46,2026-01-07,2026-01-23
VI201279,2026-04-07,V2007,Logistics,4830.86,2026-05-07,
VI201280,2025-05-23,V2043,Professional Services,3747.8,2025-07-07,2025-07-14
VI201281,2026-03-29,V2031,Technology,1083.25,2026-04-28,2026-05-01
VI201282,2026-03-27,V2022,Logistics,1135.91,2026-05-26,2026-05-29
VI201283,2025-03-03,V2028,Technology,2390.17,2025-04-02,
VI201284,2025-10-03,V2025,Raw Material,3387.99,2025-12-02,2025-12-02
VI201285,2025-10-22,V2001,Technology,4073.99,2025-11-21,2025-11-21
VI201286,2025-05-09,V2032,Logistics,2621.52,2025-06-08,2025-06-19
VI201287,2025-12-30,V2025,Raw Material,989.76,2026-02-28,2026-03-09
VI201288,2025-03-08,V2016,Facilities,2347.04,2025-04-07,2025-04-09
VI201289,2025-02-16,V2029,Technology,902.87,2025-03-03,2025-03-18
VI201290,2026-01-09,V2042,Raw Material,2609.62,2026-02-08,
VI201291,2025-05-17,V2024,Logistics,4291.2,2025-06-16,2025-06-16
VI201292,2025-04-05,V2017,Professional Services,3939.29,2025-05-05,
VI201293,2025-08-26,V2042,Raw Material,2150.68,2025-09-25,2025-09-30
VI201294,2025-02-04,V2006,Professional Services,3877.45,2025-03-06,2025-03-24
VI201295,2025-10-23,V2014,Technology,1439.61,2025-11-22,2025-11-23
VI201296,2026-05-07,V2026,Technology,1964.13,2026-06-21,2026-07-04
VI201297,2025-09-15,V2028,Technology,1015.47,2025-10-15,2025-10-26
VI201298,2026-01-22,V2036,Professional Services,2110.38,2026-02-21,2026-03-07
VI201299,2025-09-27,V2031,Technology,1800.9,2025-10-27,2025-10-27
VI201300,2025-11-20,V2027,Professional Services,2285.27,2025-12-20,2025-12-22
VI201301,2025-02-16,V2002,Logistics,2498.31,2025-03-18,2025-03-27
VI201302,2026-05-02,V2019,Facilities,3505.5,2026-06-01,2026-06-15
VI201303,2026-02-15,V2028,Technology,831.87,2026-03-17,2026-03-24
VI201304,2025-05-05,V2045,Raw Material,1704.54,2025-06-19,2025-06-19
VI201305,2025-07-31,V2044,Professional Services,5630.58,2025-09-29,2025-10-13
VI201306,2026-01-04,V2021,Professional Services,5693.94,2026-01-19,2026-02-03
VI201307,2025-09-23,V2045,Raw Material,3090.89,2025-11-07,2025-11-08
VI201308,2025-05-15,V2015,Logistics,3134.48,2025-06-14,2025-06-26
VI201309,2025-11-11,V2034,Facilities,1432.66,2026-01-10,2026-01-19
VI201310,2025-10-27,V2040,Professional Services,2338.55,2025-11-11,2025-11-11
VI201311,2025-10-25,V2003,Facilities,5086.64,2025-11-24,2025-12-06
VI201312,2025-10-06,V2001,Technology,1327.53,2025-11-05,2025-11-10
VI201313,2026-01-09,V2024,Logistics,3274.9,2026-02-08,2026-02-08
VI201314,2026-05-03,V2043,Professional Services,4281.2,2026-06-17,2026-06-29
VI201315,2025-03-03,V2027,Professional Services,3074.16,2025-04-02,2025-04-24
VI201316,2025-02-23,V2009,Professional Services,2706.11,2025-04-09,2025-04-09
VI201317,2025-12-04,V2024,Logistics,2688.08,2026-01-03,2026-01-10
VI201318,2026-01-10,V2017,Professional Services,4127.29,2026-02-09,2026-02-16
VI201319,2026-04-19,V2028,Technology,3382.89,2026-05-19,2026-05-19
VI201320,2025-04-22,V2039,Logistics,4110.95,2025-06-21,2025-07-04
VI201321,2025-09-26,V2004,Raw Material,2348.55,2025-10-26,
VI201322,2025-11-20,V2029,Technology,2419.92,2025-12-05,2025-12-11
VI201323,2025-03-26,V2045,Raw Material,4259.02,2025-05-10,2025-05-10
VI201324,2026-01-07,V2028,Technology,1669.5,2026-02-06,2026-02-06
VI201325,2025-03-16,V2037,Technology,1431.32,2025-05-15,2025-05-23
VI201326,2026-05-23,V2029,Technology,13060.34,2026-06-07,2026-06-07
VI201327,2025-08-16,V2044,Professional Services,3923.59,2025-10-15,2025-10-30
VI201328,2026-01-29,V2029,Technology,2541.05,2026-02-13,2026-02-18
VI201329,2025-01-15,V2005,Raw Material,1897.87,2025-03-01,2025-03-13
VI201330,2025-06-30,V2011,Logistics,1640.44,2025-07-30,2025-08-10
VI201331,2026-05-23,V2002,Logistics,2889.09,2026-06-22,2026-07-07
VI201332,2025-12-04,V2004,Raw Material,2801.73,2026-01-03,2026-01-06
VI201333,2025-09-20,V2010,Facilities,3964.76,2025-10-20,2025-10-24
VI201334,2025-03-19,V2039,Logistics,1281.15,2025-05-18,2025-05-18
VI201335,2025-08-17,V2044,Professional Services,1315.54,2025-10-16,2025-10-22
VI201336,2025-01-30,V2008,Logistics,3529.87,2025-03-01,2025-03-01
VI201337,2026-01-09,V2023,Technology,3832.31,2026-02-23,2026-03-09
VI201338,2025-06-04,V2027,Professional Services,5363.56,2025-07-04,2025-07-04
VI201339,2025-07-04,V2023,Technology,8778.48,2025-08-18,2025-08-20
VI201340,2026-03-24,V2034,Facilities,2502.21,2026-05-23,2026-06-01
VI201341,2026-03-23,V2035,Technology,4610.45,2026-05-07,2026-05-16
VI201342,2026-03-08,V2017,Professional Services,1515.65,2026-04-07,2026-04-07
VI201343,2025-06-18,V2010,Facilities,555.23,2025-07-18,2025-07-18
VI201344,2025-03-22,V2002,Logistics,1577.37,2025-04-21,
VI201345,2025-07-29,V2017,Professional Services,2183.21,2025-08-28,2025-09-01
VI201346,2025-09-16,V2031,Technology,12062.9,2025-10-16,2025-10-23
VI201347,2025-10-13,V2016,Facilities,1011.35,2025-11-12,2025-11-23
VI201348,2025-02-23,V2024,Logistics,4825.62,2025-03-25,2025-03-29
VI201349,2026-04-14,V2007,Logistics,2029.42,2026-05-14,2026-05-20
VI201350,2026-01-04,V2019,Facilities,4119.48,2026-02-03,2026-02-03
VI201351,2025-04-10,V2016,Facilities,3064.07,2025-05-10,2025-05-27
VI201352,2026-03-23,V2033,Raw Material,1644.88,2026-04-22,2026-04-30
VI201353,2025-07-11,V2036,Professional Services,5801.69,2025-08-10,2025-08-13
VI201354,2026-02-18,V2045,Raw Material,3990.53,2026-04-04,2026-04-19
VI201355,2026-04-27,V2010,Facilities,2952.79,2026-05-27,2026-06-04
VI201356,2025-04-03,V2043,Professional Services,3608.1,2025-05-18,2025-05-25
VI201357,2025-09-10,V2015,Logistics,2262.14,2025-10-10,2025-10-15
VI201358,2025-02-08,V2043,Professional Services,848.64,2025-03-25,2025-04-07
VI201359,2026-06-30,V2003,Facilities,3206.29,2026-07-30,2026-08-17
VI201360,2025-12-24,V2002,Logistics,12674.1,2026-01-23,2026-02-05
VI201361,2025-01-09,V2043,Professional Services,5163.84,2025-02-23,
VI201362,2025-07-07,V2042,Raw Material,3606.71,2025-08-06,2025-08-22
VI201363,2025-05-19,V2035,Technology,3829.67,2025-07-03,2025-07-06
VI201364,2025-10-25,V2027,Professional Services,2978.66,2025-11-24,2025-11-24
VI201365,2025-03-21,V2005,Raw Material,694.86,2025-05-05,2025-05-16
VI201366,2025-09-13,V2015,Logistics,1504.9,2025-10-13,2025-10-30
VI201367,2025-06-28,V2036,Professional Services,2860.37,2025-07-28,2025-08-02
VI201368,2025-09-14,V2033,Raw Material,5432.67,2025-10-14,2025-11-01
VI201369,2025-08-06,V2001,Technology,9798.45,2025-09-05,2025-09-05
VI201370,2025-09-24,V2012,Raw Material,1480.99,2025-11-08,2025-11-12
VI201371,2025-11-13,V2042,Raw Material,4567.43,2025-12-13,2025-12-13
VI201372,2025-10-11,V2041,Facilities,699.51,2025-11-25,2025-11-25
VI201373,2025-12-11,V2009,Professional Services,2403.26,2026-01-25,2026-01-30
VI201374,2025-03-16,V2020,Technology,2927.01,2025-03-31,2025-04-19
VI201375,2025-12-02,V2030,Technology,8914.52,2025-12-17,
VI201376,2025-12-29,V2014,Technology,1753.73,2026-01-28,2026-02-13
VI201377,2025-07-09,V2023,Technology,2377.35,2025-08-23,2025-09-01
VI201378,2026-04-17,V2029,Technology,5681.85,2026-05-02,2026-05-05
VI201379,2025-04-16,V2042,Raw Material,1850.59,2025-05-16,2025-05-24
VI201380,2025-03-11,V2035,Technology,2113.32,2025-04-25,2025-04-25
VI201381,2026-06-06,V2027,Professional Services,1168.01,2026-07-06,2026-07-23
VI201382,2025-08-02,V2027,Professional Services,4470.0,2025-09-01,2025-09-01
VI201383,2026-06-01,V2030,Technology,1174.46,2026-06-16,2026-06-20
VI201384,2025-01-28,V2003,Facilities,5907.84,2025-02-27,2025-03-04
VI201385,2025-11-11,V2012,Raw Material,1324.35,2025-12-26,2026-01-07
VI201386,2026-05-22,V2031,Technology,1822.08,2026-06-21,2026-06-30
VI201387,2025-08-24,V2037,Technology,1391.21,2025-10-23,2025-11-01
VI201388,2025-04-02,V2027,Professional Services,2480.23,2025-05-02,2025-05-02
VI201389,2025-12-29,V2024,Logistics,6001.66,2026-01-28,2026-02-01
VI201390,2025-02-07,V2041,Facilities,1893.09,2025-03-24,2025-03-24
VI201391,2026-05-06,V2040,Professional Services,1576.03,2026-05-21,2026-05-27
VI201392,2025-04-20,V2011,Logistics,2946.94,2025-05-20,2025-05-24
VI201393,2025-05-24,V2027,Professional Services,2855.17,2025-06-23,2025-06-30
VI201394,2025-07-16,V2009,Professional Services,4632.88,2025-08-30,2025-08-30
VI201395,2025-02-15,V2016,Facilities,1267.97,2025-03-17,2025-03-23
VI201396,2025-05-29,V2014,Technology,3479.64,2025-06-28,2025-07-17
VI201397,2025-05-18,V2030,Technology,6673.63,2025-06-02,2025-06-24
VI201398,2026-05-05,V2024,Logistics,1541.18,2026-06-04,2026-06-20
VI201399,2026-02-06,V2042,Raw Material,3374.06,2026-03-08,2026-03-08
VI201400,2025-12-07,V2013,Raw Material,1539.03,2026-01-21,
VI201401,2025-10-29,V2033,Raw Material,6074.88,2025-11-28,
VI201402,2025-04-28,V2009,Professional Services,8954.73,2025-06-12,2025-06-18
VI201403,2025-05-31,V2026,Technology,1374.75,2025-07-15,2025-07-31
VI201404,2025-06-16,V2042,Raw Material,3603.07,2025-07-16,2025-07-21
VI201405,2026-03-01,V2045,Raw Material,3759.91,2026-04-15,
VI201406,2026-03-13,V2013,Raw Material,3251.2,2026-04-27,2026-05-11
VI201407,2025-03-15,V2021,Professional Services,2573.1,2025-03-30,2025-04-07
VI201408,2025-12-28,V2029,Technology,2056.28,2026-01-12,2026-01-23
VI201409,2025-04-06,V2028,Technology,1077.45,2025-05-06,2025-05-19
VI201410,2025-10-19,V2024,Logistics,2682.54,2025-11-18,2025-11-20
VI201411,2025-06-26,V2013,Raw Material,5227.54,2025-08-10,2025-08-10
VI201412,2025-01-27,V2042,Raw Material,6107.95,2025-02-26,2025-03-05
VI201413,2025-11-01,V2020,Technology,3350.18,2025-11-16,2025-11-18
VI201414,2025-07-24,V2039,Logistics,1567.86,2025-09-22,2025-09-28
VI201415,2025-08-08,V2007,Logistics,1296.82,2025-09-07,2025-09-23
VI201416,2025-10-27,V2041,Facilities,1994.57,2025-12-11,2025-12-18
VI201417,2025-09-15,V2015,Logistics,861.29,2025-10-15,2025-11-04
VI201418,2025-08-28,V2025,Raw Material,578.29,2025-10-27,2025-11-03
VI201419,2025-08-17,V2035,Technology,1243.49,2025-10-01,2025-10-04
VI201420,2026-04-19,V2013,Raw Material,3650.94,2026-06-03,
VI201421,2025-06-05,V2043,Professional Services,1027.6,2025-07-20,2025-07-27
VI201422,2025-08-06,V2008,Logistics,3691.5,2025-09-05,
VI201423,2026-04-10,V2021,Professional Services,1741.49,2026-04-25,2026-05-04
VI201424,2025-07-14,V2006,Professional Services,6514.67,2025-08-13,2025-08-17
VI201425,2025-09-27,V2010,Facilities,2017.19,2025-10-27,2025-10-31
VI201426,2026-06-12,V2041,Facilities,2207.83,2026-07-27,2026-08-02
VI201427,2025-12-22,V2021,Professional Services,1830.41,2026-01-06,2026-01-13
VI201428,2026-06-24,V2014,Technology,1855.43,2026-07-24,2026-07-29
VI201429,2026-04-21,V2045,Raw Material,3156.25,2026-06-05,2026-06-27
VI201430,2025-11-04,V2033,Raw Material,3591.97,2025-12-04,2025-12-04
VI201431,2026-02-13,V2025,Raw Material,2893.68,2026-04-14,2026-04-27
VI201432,2026-03-17,V2019,Facilities,1303.04,2026-04-16,2026-05-01
VI201433,2026-06-05,V2009,Professional Services,3883.08,2026-07-20,2026-07-20
VI201434,2026-06-07,V2037,Technology,1357.69,2026-08-06,2026-08-11
VI201435,2026-04-30,V2036,Professional Services,1469.81,2026-05-30,
VI201436,2025-09-15,V2036,Professional Services,2062.35,2025-10-15,2025-10-21
VI201437,2025-06-19,V2015,Logistics,4933.66,2025-07-19,2025-07-25
VI201438,2026-04-06,V2005,Raw Material,1422.11,2026-05-21,2026-05-31
VI201439,2025-04-21,V2017,Professional Services,3785.33,2025-05-21,2025-05-21
VI201440,2025-08-08,V2030,Technology,561.42,2025-08-23,2025-08-27
VI201441,2025-01-05,V2007,Logistics,4140.61,2025-02-04,2025-02-06
VI201442,2026-06-16,V2006,Professional Services,5880.44,2026-07-16,2026-07-16
VI201443,2025-10-22,V2015,Logistics,4425.04,2025-11-21,2025-12-03
VI201444,2026-04-03,V2010,Facilities,2885.06,2026-05-03,
VI201445,2026-05-28,V2006,Professional Services,1896.61,2026-06-27,2026-07-11
VI201446,2025-07-31,V2042,Raw Material,1616.79,2025-08-30,2025-09-11
VI201447,2025-04-29,V2041,Facilities,1719.77,2025-06-13,2025-06-13
VI201448,2026-01-20,V2013,Raw Material,2016.68,2026-03-06,2026-03-12
VI201449,2025-09-17,V2014,Technology,5473.82,2025-10-17,2025-10-31
VI201450,2026-02-03,V2001,Technology,2755.9,2026-03-05,2026-03-05
VI201451,2025-06-24,V2033,Raw Material,4961.67,2025-07-24,2025-08-11
VI201452,2026-02-18,V2019,Facilities,21549.63,2026-03-20,2026-03-20
VI201453,2025-05-14,V2009,Professional Services,8727.49,2025-06-28,2025-06-28
VI201454,2025-04-12,V2037,Technology,2950.94,2025-06-11,2025-06-22
VI201455,2026-01-20,V2012,Raw Material,2071.68,2026-03-06,2026-03-27
VI201456,2026-03-31,V2005,Raw Material,5123.7,2026-05-15,2026-05-15
VI201457,2025-03-03,V2006,Professional Services,5118.62,2025-04-02,2025-04-02
VI201458,2025-01-07,V2011,Logistics,4228.6,2025-02-06,2025-02-21
VI201459,2026-05-30,V2038,Professional Services,7776.53,2026-07-29,2026-08-04
VI201460,2025-11-28,V2010,Facilities,1613.45,2025-12-28,2025-12-31
VI201461,2026-01-14,V2015,Logistics,3590.85,2026-02-13,2026-02-20
VI201462,2026-03-21,V2039,Logistics,2910.15,2026-05-20,2026-06-11
VI201463,2025-12-01,V2028,Technology,4644.3,2025-12-31,2026-01-11
VI201464,2026-04-13,V2003,Facilities,2209.32,2026-05-13,2026-05-21
VI201465,2025-10-15,V2016,Facilities,3787.18,2025-11-14,2025-11-24
VI201466,2025-01-12,V2045,Raw Material,932.44,2025-02-26,2025-03-06
VI201467,2025-04-14,V2017,Professional Services,2942.96,2025-05-14,2025-05-26
VI201468,2025-09-20,V2036,Professional Services,9070.29,2025-10-20,2025-10-20
VI201469,2026-03-11,V2019,Facilities,2126.73,2026-04-10,2026-04-14
VI201470,2025-06-22,V2004,Raw Material,2790.2,2025-07-22,2025-07-27
VI201471,2025-11-17,V2025,Raw Material,5973.68,2026-01-16,2026-01-16
VI201472,2025-02-14,V2027,Professional Services,4048.63,2025-03-16,
VI201473,2026-06-30,V2012,Raw Material,979.98,2026-08-14,2026-08-30
VI201474,2025-07-30,V2027,Professional Services,2720.92,2025-08-29,2025-09-09
VI201475,2026-02-21,V2004,Raw Material,3824.38,2026-03-23,2026-04-11
VI201476,2025-09-21,V2024,Logistics,7248.03,2025-10-21,2025-10-30
VI201477,2025-10-28,V2017,Professional Services,6415.48,2025-11-27,2025-12-05
VI201478,2026-04-01,V2026,Technology,2859.01,2026-05-16,2026-05-19
VI201479,2025-08-14,V2018,Professional Services,4505.15,2025-09-13,2025-09-26
VI201480,2025-04-14,V2022,Logistics,2833.16,2025-06-13,2025-06-13
VI201481,2025-08-09,V2006,Professional Services,2149.27,2025-09-08,
VI201482,2025-11-30,V2019,Facilities,6077.37,2025-12-30,
VI201483,2026-02-22,V2037,Technology,5818.04,2026-04-23,2026-04-27
VI201484,2025-10-28,V2034,Facilities,3550.72,2025-12-27,2026-01-05
VI201485,2026-04-30,V2011,Logistics,1949.64,2026-05-30,2026-06-17
VI201486,2026-04-02,V2024,Logistics,2929.53,2026-05-02,2026-05-05
VI201487,2026-03-12,V2045,Raw Material,3057.25,2026-04-26,2026-05-04
VI201488,2026-01-29,V2037,Technology,5429.08,2026-03-30,2026-04-12
VI201489,2025-02-12,V2023,Technology,2444.16,2025-03-29,
VI201490,2025-07-29,V2040,Professional Services,3036.43,2025-08-13,2025-08-13
VI201491,2025-01-11,V2043,Professional Services,3366.27,2025-02-25,2025-03-08
VI201492,2025-08-04,V2004,Raw Material,2501.74,2025-09-03,2025-09-09
VI201493,2025-06-13,V2018,Professional Services,3521.05,2025-07-13,2025-07-18
VI201494,2025-08-13,V2030,Technology,3205.01,2025-08-28,2025-09-03
VI201495,2025-09-03,V2015,Logistics,1754.02,2025-10-03,2025-10-03
VI201496,2025-01-16,V2037,Technology,2076.97,2025-03-17,2025-03-20
VI201497,2025-07-13,V2023,Technology,1193.3,2025-08-27,2025-09-07
VI201498,2025-01-09,V2012,Raw Material,1843.99,2025-02-23,2025-02-28
VI201499,2026-05-29,V2004,Raw Material,7534.77,2026-06-28,2026-06-29
VI201500,2025-10-20,V2004,Raw Material,4582.73,2025-11-19,2025-11-19
VI201501,2025-03-25,V2041,Facilities,1768.84,2025-05-09,2025-05-16
VI201502,2025-07-28,V2041,Facilities,2631.79,2025-09-11,2025-09-23
VI201503,2025-02-27,V2014,Technology,1693.75,2025-03-29,2025-04-11
VI201504,2026-05-27,V2008,Logistics,4779.02,2026-06-26,2026-06-27
VI201505,2025-11-27,V2023,Technology,3511.01,2026-01-11,2026-01-29
VI201506,2026-04-06,V2001,Technology,4644.96,2026-05-06,2026-05-12
VI201507,2025-11-21,V2011,Logistics,2428.07,2025-12-21,2025-12-21
VI201508,2025-07-29,V2027,Professional Services,5713.19,2025-08-28,2025-09-03
VI201509,2025-05-05,V2004,Raw Material,1373.93,2025-06-04,2025-06-04
VI201510,2026-04-07,V2029,Technology,2027.53,2026-04-22,2026-04-30
VI201511,2025-10-17,V2017,Professional Services,2301.39,2025-11-16,2025-11-23
VI201512,2025-08-02,V2019,Facilities,5020.79,2025-09-01,2025-09-01
VI201513,2026-03-08,V2045,Raw Material,2093.99,2026-04-22,2026-05-09
VI201514,2025-04-07,V2024,Logistics,1590.8,2025-05-07,2025-05-07
VI201515,2025-09-06,V2044,Professional Services,2999.02,2025-11-05,2025-11-05
VI201516,2026-05-18,V2041,Facilities,14531.9,2026-07-02,2026-07-17
VI201517,2026-06-09,V2044,Professional Services,1580.4,2026-08-08,2026-08-18
VI201518,2026-05-20,V2032,Logistics,6668.87,2026-06-19,2026-06-22
VI201519,2025-04-01,V2031,Technology,2966.09,2025-05-01,2025-05-06
VI201520,2025-06-16,V2016,Facilities,2992.0,2025-07-16,2025-07-20
VI201521,2025-09-08,V2032,Logistics,2014.73,2025-10-08,2025-10-08
VI201522,2026-03-23,V2044,Professional Services,4475.71,2026-05-22,
VI201523,2025-07-05,V2042,Raw Material,5854.61,2025-08-04,2025-08-17
VI201524,2025-09-06,V2034,Facilities,7928.85,2025-11-05,2025-11-13
VI201525,2025-12-06,V2035,Technology,3589.24,2026-01-20,2026-02-01
VI201526,2026-03-22,V2037,Technology,1901.17,2026-05-21,2026-06-05
VI201527,2025-05-18,V2016,Facilities,9526.36,2025-06-17,2025-06-17
VI201528,2025-04-19,V2021,Professional Services,2220.77,2025-05-04,2025-05-06
VI201529,2026-02-21,V2013,Raw Material,1804.59,2026-04-07,2026-04-07
VI201530,2026-03-02,V2018,Professional Services,3597.49,2026-04-01,2026-04-05
VI201531,2025-02-13,V2002,Logistics,1593.23,2025-03-15,2025-03-15
VI201532,2025-12-08,V2033,Raw Material,2154.53,2026-01-07,
VI201533,2025-07-20,V2041,Facilities,4479.48,2025-09-03,2025-09-13
VI201534,2026-01-13,V2018,Professional Services,19288.9,2026-02-12,
VI201535,2025-04-14,V2028,Technology,4305.06,2025-05-14,2025-05-18
VI201536,2026-04-03,V2037,Technology,6439.18,2026-06-02,2026-06-12
VI201537,2026-02-19,V2035,Technology,2143.93,2026-04-05,2026-04-18
VI201538,2026-02-06,V2037,Technology,3546.06,2026-04-07,2026-04-26
VI201539,2026-01-25,V2012,Raw Material,856.93,2026-03-11,2026-03-11
VI201540,2025-12-28,V2040,Professional Services,1253.74,2026-01-12,2026-01-24
VI201541,2026-03-10,V2008,Logistics,3300.09,2026-04-09,2026-04-17
VI201542,2026-01-18,V2025,Raw Material,3751.53,2026-03-19,2026-03-19
VI201543,2025-01-28,V2007,Logistics,5162.28,2025-02-27,
VI201544,2025-04-17,V2002,Logistics,2635.28,2025-05-17,2025-05-28
VI201545,2026-06-24,V2033,Raw Material,7948.99,2026-07-24,2026-07-24
VI201546,2025-07-05,V2033,Raw Material,4262.97,2025-08-04,2025-08-08
VI201547,2025-07-14,V2040,Professional Services,917.29,2025-07-29,2025-08-04
VI201548,2025-05-26,V2023,Technology,918.42,2025-07-10,2025-07-15
VI201549,2025-05-08,V2005,Raw Material,3240.78,2025-06-22,2025-07-02
VI201550,2025-04-16,V2014,Technology,2555.04,2025-05-16,2025-05-16
VI201551,2026-02-20,V2008,Logistics,3442.69,2026-03-22,2026-03-22
VI201552,2025-12-18,V2020,Technology,2395.97,2026-01-02,2026-01-11
VI201553,2026-01-18,V2018,Professional Services,2017.79,2026-02-17,2026-03-07
VI201554,2025-12-15,V2023,Technology,1849.12,2026-01-29,2026-02-15
VI201555,2026-04-26,V2029,Technology,2872.29,2026-05-11,2026-06-04
VI201556,2025-11-10,V2007,Logistics,5145.06,2025-12-10,2025-12-12
VI201557,2026-06-07,V2024,Logistics,1480.99,2026-07-07,2026-07-11
VI201558,2025-12-26,V2025,Raw Material,2724.02,2026-02-24,2026-02-24
VI201559,2025-11-17,V2014,Technology,7525.4,2025-12-17,
VI201560,2026-01-19,V2038,Professional Services,961.22,2026-03-20,
VI201561,2025-01-17,V2003,Facilities,4526.21,2025-02-16,2025-02-18
VI201562,2026-01-05,V2014,Technology,2603.24,2026-02-04,2026-02-20
VI201563,2025-03-07,V2003,Facilities,1795.17,2025-04-06,2025-04-20
VI201564,2025-04-23,V2042,Raw Material,2079.1,2025-05-23,2025-05-25
VI201565,2026-02-20,V2009,Professional Services,5833.45,2026-04-06,2026-04-06
VI201566,2025-03-12,V2007,Logistics,2739.0,2025-04-11,2025-04-11
VI201567,2025-03-02,V2026,Technology,1481.42,2025-04-16,
VI201568,2026-03-20,V2007,Logistics,1697.24,2026-04-19,2026-04-21
VI201569,2025-11-10,V2007,Logistics,2155.18,2025-12-10,2025-12-17
VI201570,2026-04-28,V2044,Professional Services,5240.12,2026-06-27,2026-07-07
VI201571,2025-09-01,V2036,Professional Services,2150.22,2025-10-01,2025-10-12
VI201572,2026-06-01,V2013,Raw Material,2933.34,2026-07-16,2026-07-16
VI201573,2026-01-05,V2003,Facilities,1901.86,2026-02-04,2026-02-13
VI201574,2025-11-13,V2020,Technology,2300.72,2025-11-28,2025-12-04
VI201575,2025-01-21,V2009,Professional Services,2683.22,2025-03-07,2025-03-07
VI201576,2025-08-19,V2022,Logistics,1628.24,2025-10-18,2025-11-03
VI201577,2026-06-10,V2045,Raw Material,1794.09,2026-07-25,2026-08-01
VI201578,2026-04-14,V2033,Raw Material,2123.98,2026-05-14,2026-05-14
VI201579,2025-03-19,V2023,Technology,7911.51,2025-05-03,2025-05-03
VI201580,2026-06-14,V2023,Technology,3100.96,2026-07-29,2026-08-01
VI201581,2025-10-17,V2038,Professional Services,1665.62,2025-12-16,2026-01-11
VI201582,2025-08-06,V2026,Technology,5158.84,2025-09-20,2025-09-20
VI201583,2025-04-10,V2032,Logistics,5340.41,2025-05-10,2025-05-10
VI201584,2025-05-29,V2028,Technology,1643.3,2025-06-28,2025-07-04
VI201585,2026-01-20,V2030,Technology,8572.07,2026-02-04,2026-02-26
VI201586,2025-06-04,V2040,Professional Services,3824.17,2025-06-19,2025-06-22
VI201587,2026-01-30,V2017,Professional Services,3916.17,2026-03-01,2026-03-02
VI201588,2026-01-11,V2018,Professional Services,3769.41,2026-02-10,
VI201589,2025-04-12,V2025,Raw Material,3712.55,2025-06-11,2025-06-13
VI201590,2025-04-02,V2004,Raw Material,2765.65,2025-05-02,2025-05-04
VI201591,2026-02-15,V2026,Technology,4547.15,2026-04-01,2026-04-14
VI201592,2026-02-10,V2031,Technology,2405.02,2026-03-12,2026-03-13
VI201593,2025-01-21,V2012,Raw Material,8289.41,2025-03-07,
VI201594,2026-02-12,V2018,Professional Services,816.1,2026-03-14,2026-03-27
VI201595,2025-01-19,V2010,Facilities,1649.98,2025-02-18,2025-02-18
VI201596,2026-06-20,V2036,Professional Services,3755.49,2026-07-20,2026-07-22
VI201597,2026-06-22,V2002,Logistics,2830.82,2026-07-22,2026-07-22
VI201598,2025-06-02,V2025,Raw Material,2149.96,2025-08-01,2025-08-02
VI201599,2025-10-28,V2009,Professional Services,3340.05,2025-12-12,2025-12-14
VI201600,2026-02-17,V2032,Logistics,1353.62,2026-03-19,2026-03-21
VI201601,2025-07-21,V2005,Raw Material,1519.94,2025-09-04,2025-09-06
VI201602,2025-05-19,V2003,Facilities,2744.55,2025-06-18,2025-06-25
VI201603,2025-01-24,V2017,Professional Services,3825.84,2025-02-23,
VI201604,2025-01-12,V2013,Raw Material,1871.01,2025-02-26,2025-03-06
VI201605,2025-05-15,V2003,Facilities,926.18,2025-06-14,2025-06-15
VI201606,2025-03-22,V2028,Technology,3461.01,2025-04-21,2025-05-02
VI201607,2025-12-21,V2004,Raw Material,4087.39,2026-01-20,2026-01-25
VI201608,2025-03-11,V2018,Professional Services,1466.47,2025-04-10,2025-04-10
VI201609,2025-07-23,V2035,Technology,2309.59,2025-09-06,2025-09-06
VI201610,2025-10-06,V2014,Technology,5385.3,2025-11-05,2025-11-12
VI201611,2026-01-14,V2016,Facilities,1403.55,2026-02-13,2026-02-16
VI201612,2025-10-21,V2012,Raw Material,2918.64,2025-12-05,2025-12-22
VI201613,2026-02-19,V2011,Logistics,1934.9,2026-03-21,2026-04-07
VI201614,2026-03-04,V2002,Logistics,12331.59,2026-04-03,2026-04-04
VI201615,2025-06-05,V2033,Raw Material,1342.63,2025-07-05,2025-07-05
VI201616,2025-10-04,V2013,Raw Material,910.73,2025-11-18,2025-11-30
VI201617,2025-09-22,V2030,Technology,4420.74,2025-10-07,
VI201618,2025-02-18,V2026,Technology,2412.26,2025-04-04,2025-04-06
VI201619,2025-10-20,V2018,Professional Services,1525.61,2025-11-19,2025-12-04
VI201620,2025-01-21,V2013,Raw Material,2165.52,2025-03-07,2025-03-15
VI201621,2026-03-20,V2004,Raw Material,7985.18,2026-04-19,2026-05-01
VI201622,2026-06-19,V2033,Raw Material,2986.78,2026-07-19,2026-08-02
VI201623,2026-04-17,V2015,Logistics,7723.85,2026-05-17,2026-05-21
VI201624,2025-05-18,V2017,Professional Services,1331.9,2025-06-17,2025-06-27
VI201625,2025-08-18,V2006,Professional Services,6042.86,2025-09-17,2025-09-23
VI201626,2026-02-09,V2005,Raw Material,1588.42,2026-03-26,2026-04-04
VI201627,2025-12-23,V2033,Raw Material,6617.33,2026-01-22,2026-01-28
VI201628,2026-06-25,V2016,Facilities,6275.26,2026-07-25,2026-08-10
VI201629,2025-01-21,V2024,Logistics,1561.43,2025-02-20,2025-02-20
VI201630,2026-06-11,V2005,Raw Material,3922.65,2026-07-26,2026-07-28
VI201631,2025-04-15,V2003,Facilities,3410.05,2025-05-15,2025-05-19
VI201632,2025-12-02,V2035,Technology,5477.89,2026-01-16,2026-01-22
VI201633,2026-02-28,V2027,Professional Services,1427.67,2026-03-30,2026-03-30
VI201634,2025-01-04,V2012,Raw Material,2288.72,2025-02-18,2025-02-18
VI201635,2026-04-14,V2041,Facilities,3075.45,2026-05-29,2026-06-03
VI201636,2026-06-22,V2025,Raw Material,7927.16,2026-08-21,2026-08-22
VI201637,2025-07-13,V2017,Professional Services,3098.91,2025-08-12,2025-08-12
VI201638,2025-12-26,V2020,Technology,1585.86,2026-01-10,2026-01-12
VI201639,2026-06-04,V2028,Technology,3672.67,2026-07-04,2026-07-04
VI201640,2025-03-14,V2035,Technology,1540.96,2025-04-28,2025-05-08
VI201641,2025-03-19,V2015,Logistics,996.15,2025-04-18,2025-04-25
VI201642,2025-03-09,V2033,Raw Material,2683.62,2025-04-08,2025-04-20
VI201643,2025-11-30,V2003,Facilities,3570.82,2025-12-30,2026-01-06
VI201644,2025-03-26,V2007,Logistics,3378.92,2025-04-25,2025-04-25
VI201645,2026-05-11,V2010,Facilities,3086.4,2026-06-10,2026-06-10
VI201646,2025-03-20,V2041,Facilities,9515.54,2025-05-04,2025-05-18
VI201647,2025-11-02,V2026,Technology,8171.06,2025-12-17,2025-12-19
VI201648,2025-01-20,V2041,Facilities,1744.5,2025-03-06,
VI201649,2025-06-05,V2040,Professional Services,5503.56,2025-06-20,2025-07-08
VI201650,2025-04-27,V2006,Professional Services,12968.14,2025-05-27,2025-06-06
VI201651,2026-03-26,V2033,Raw Material,9347.51,2026-04-25,2026-05-12
VI201652,2025-01-28,V2016,Facilities,5739.79,2025-02-27,
VI201653,2025-11-25,V2024,Logistics,2732.34,2025-12-25,2026-01-04
VI201654,2025-12-30,V2030,Technology,1276.71,2026-01-14,2026-01-15
VI201655,2026-02-23,V2010,Facilities,1595.75,2026-03-25,2026-04-05
VI201656,2025-01-22,V2011,Logistics,4202.39,2025-02-21,2025-03-13
VI201657,2025-09-18,V2044,Professional Services,3609.7,2025-11-17,2025-11-29
VI201658,2025-03-01,V2022,Logistics,3117.0,2025-04-30,2025-05-02
VI201659,2026-02-17,V2003,Facilities,5385.96,2026-03-19,2026-03-19
VI201660,2025-06-12,V2038,Professional Services,6376.97,2025-08-11,2025-08-25
VI201661,2025-04-24,V2040,Professional Services,6371.11,2025-05-09,
VI201662,2025-12-20,V2023,Technology,4810.82,2026-02-03,2026-02-09
VI201663,2025-07-15,V2045,Raw Material,4172.46,2025-08-29,2025-08-29
VI201664,2025-02-14,V2019,Facilities,2116.95,2025-03-16,2025-03-16
VI201665,2025-06-28,V2040,Professional Services,3151.09,2025-07-13,2025-07-19
VI201666,2026-05-08,V2013,Raw Material,3765.85,2026-06-22,2026-06-22
VI201667,2025-11-21,V2036,Professional Services,2879.31,2025-12-21,2025-12-28
VI201668,2026-01-05,V2003,Facilities,1060.09,2026-02-04,2026-02-17
VI201669,2025-12-13,V2022,Logistics,3671.61,2026-02-11,2026-02-11
VI201670,2025-04-25,V2025,Raw Material,2871.23,2025-06-24,2025-07-01
VI201671,2025-12-23,V2020,Technology,2725.01,2026-01-07,2026-01-11
VI201672,2025-06-16,V2028,Technology,4328.09,2025-07-16,2025-08-14
VI201673,2025-12-20,V2003,Facilities,4270.56,2026-01-19,2026-01-20
VI201674,2025-04-25,V2022,Logistics,6476.4,2025-06-24,2025-06-24
VI201675,2026-02-12,V2044,Professional Services,4378.0,2026-04-13,2026-04-14
VI201676,2025-11-19,V2037,Technology,2322.56,2026-01-18,2026-02-01
VI201677,2026-06-25,V2038,Professional Services,7045.96,2026-08-24,
VI201678,2025-02-11,V2018,Professional Services,7922.68,2025-03-13,2025-03-24
VI201679,2026-04-05,V2020,Technology,2940.54,2026-04-20,2026-04-25
VI201680,2025-04-29,V2005,Raw Material,6714.01,2025-06-13,2025-06-18
VI201681,2026-03-26,V2043,Professional Services,3315.0,2026-05-10,2026-05-28
VI201682,2026-03-17,V2009,Professional Services,6293.36,2026-05-01,2026-05-01
VI201683,2025-07-08,V2029,Technology,7046.72,2025-07-23,2025-07-29
VI201684,2025-10-12,V2017,Professional Services,1975.55,2025-11-11,2025-11-22
VI201685,2025-04-14,V2012,Raw Material,7405.02,2025-05-29,2025-06-06
VI201686,2026-04-02,V2026,Technology,3069.98,2026-05-17,
VI201687,2025-11-07,V2033,Raw Material,3840.69,2025-12-07,2025-12-07
VI201688,2026-01-19,V2033,Raw Material,6141.18,2026-02-18,2026-02-25
VI201689,2025-06-14,V2036,Professional Services,2521.67,2025-07-14,2025-07-14
VI201690,2026-02-11,V2029,Technology,5680.88,2026-02-26,2026-02-27
VI201691,2026-04-21,V2022,Logistics,3322.61,2026-06-20,2026-06-20
VI201692,2025-02-27,V2018,Professional Services,2218.79,2025-03-29,2025-04-05
VI201693,2026-02-20,V2017,Professional Services,4528.86,2026-03-22,2026-03-26
VI201694,2025-09-08,V2044,Professional Services,6728.93,2025-11-07,2025-11-15
VI201695,2025-08-08,V2024,Logistics,3192.63,2025-09-07,2025-09-07
VI201696,2025-06-09,V2022,Logistics,1542.47,2025-08-08,
VI201697,2025-07-06,V2044,Professional Services,2417.69,2025-09-04,
VI201698,2026-04-09,V2005,Raw Material,1883.02,2026-05-24,2026-05-24
VI201699,2026-05-13,V2001,Technology,13079.97,2026-06-12,2026-06-26
VI201700,2025-11-26,V2019,Facilities,1688.96,2025-12-26,2026-01-06
VI201701,2025-12-15,V2030,Technology,679.49,2025-12-30,2025-12-30
VI201702,2026-05-15,V2039,Logistics,2321.17,2026-07-14,2026-07-14
VI201703,2026-05-05,V2015,Logistics,3364.83,2026-06-04,2026-06-16
VI201704,2025-10-07,V2035,Technology,3045.43,2025-11-21,2025-11-21
VI201705,2025-06-13,V2005,Raw Material,3350.64,2025-07-28,2025-07-28
VI201706,2026-02-02,V2006,Professional Services,1297.47,2026-03-04,2026-03-13
VI201707,2025-03-09,V2025,Raw Material,3102.81,2025-05-08,2025-05-28
VI201708,2026-03-04,V2011,Logistics,1565.81,2026-04-03,2026-04-03
VI201709,2026-03-08,V2022,Logistics,5369.15,2026-05-07,2026-05-08
VI201710,2026-01-10,V2034,Facilities,1417.84,2026-03-11,2026-03-14
VI201711,2026-02-27,V2044,Professional Services,2818.37,2026-04-28,2026-04-29
VI201712,2025-03-19,V2014,Technology,1778.53,2025-04-18,2025-04-20
VI201713,2026-05-03,V2009,Professional Services,5536.39,2026-06-17,2026-06-17
VI201714,2025-06-19,V2020,Technology,2195.93,2025-07-04,2025-07-10
VI201715,2025-02-07,V2016,Facilities,1506.2,2025-03-09,2025-03-20
VI201716,2025-10-17,V2017,Professional Services,5916.04,2025-11-16,2025-11-22
VI201717,2025-06-20,V2017,Professional Services,816.1,2025-07-20,2025-07-24
VI201718,2025-10-19,V2034,Facilities,4674.65,2025-12-18,2025-12-18
VI201719,2026-02-26,V2042,Raw Material,3710.66,2026-03-28,2026-03-28
VI201720,2025-04-15,V2011,Logistics,15361.56,2025-05-15,2025-05-15
VI201721,2026-02-10,V2035,Technology,4550.25,2026-03-27,2026-03-27
VI201722,2026-04-04,V2034,Facilities,4127.35,2026-06-03,
VI201723,2025-09-05,V2036,Professional Services,1713.81,2025-10-05,2025-10-05
VI201724,2025-11-05,V2008,Logistics,2584.73,2025-12-05,2025-12-13
VI201725,2026-01-08,V2019,Facilities,3534.73,2026-02-07,2026-02-07
VI201726,2025-04-16,V2033,Raw Material,7512.72,2025-05-16,2025-05-20
VI201727,2025-11-11,V2023,Technology,1808.21,2025-12-26,2025-12-28
VI201728,2026-06-23,V2002,Logistics,902.43,2026-07-23,2026-08-10
VI201729,2025-03-13,V2008,Logistics,3124.39,2025-04-12,2025-04-13
VI201730,2026-01-13,V2029,Technology,1058.17,2026-01-28,2026-02-09
VI201731,2026-05-11,V2042,Raw Material,5045.06,2026-06-10,
VI201732,2025-07-04,V2007,Logistics,7987.76,2025-08-03,
VI201733,2025-05-14,V2029,Technology,5825.78,2025-05-29,2025-06-10
VI201734,2025-06-23,V2031,Technology,2148.9,2025-07-23,
VI201735,2026-01-28,V2030,Technology,8546.39,2026-02-12,
VI201736,2025-03-05,V2035,Technology,1809.62,2025-04-19,2025-05-04
VI201737,2026-02-19,V2025,Raw Material,1573.85,2026-04-20,2026-05-02
VI201738,2026-02-07,V2004,Raw Material,7549.43,2026-03-09,2026-03-12
VI201739,2025-04-23,V2043,Professional Services,2365.9,2025-06-07,2025-06-07
VI201740,2025-03-06,V2038,Professional Services,3305.67,2025-05-05,2025-05-19
VI201741,2026-02-05,V2017,Professional Services,5764.69,2026-03-07,2026-03-08
VI201742,2025-10-17,V2010,Facilities,1458.76,2025-11-16,2025-11-24
VI201743,2026-04-28,V2001,Technology,2106.26,2026-05-28,2026-05-28
VI201744,2026-02-24,V2018,Professional Services,2034.5,2026-03-26,2026-03-29
VI201745,2025-11-11,V2019,Facilities,2561.89,2025-12-11,2025-12-31
VI201746,2025-03-30,V2032,Logistics,1878.46,2025-04-29,2025-05-03
VI201747,2025-12-23,V2031,Technology,3796.13,2026-01-22,2026-02-08
VI201748,2026-06-02,V2033,Raw Material,3765.07,2026-07-02,2026-07-02
VI201749,2025-12-31,V2022,Logistics,2983.33,2026-03-01,2026-03-01
VI201750,2025-09-24,V2001,Technology,3459.07,2025-10-24,2025-11-03
VI201751,2026-02-10,V2041,Facilities,1947.8,2026-03-27,
VI201752,2025-05-19,V2035,Technology,3022.21,2025-07-03,2025-07-08
VI201753,2025-06-14,V2044,Professional Services,996.92,2025-08-13,2025-08-13
VI201754,2025-04-16,V2017,Professional Services,5673.16,2025-05-16,2025-05-16
VI201755,2025-05-29,V2034,Facilities,2070.25,2025-07-28,2025-08-02
VI201756,2025-07-04,V2029,Technology,2128.74,2025-07-19,2025-07-20
VI201757,2026-02-14,V2006,Professional Services,1623.73,2026-03-16,2026-03-18
VI201758,2025-07-20,V2001,Technology,3265.04,2025-08-19,2025-09-06
VI201759,2025-08-08,V2027,Professional Services,2107.02,2025-09-07,2025-09-16
VI201760,2026-04-15,V2012,Raw Material,4488.33,2026-05-30,2026-06-21
VI201761,2026-03-10,V2004,Raw Material,1506.57,2026-04-09,2026-04-15
VI201762,2025-01-29,V2016,Facilities,3261.06,2025-02-28,2025-03-17
VI201763,2025-03-05,V2011,Logistics,3931.04,2025-04-04,
VI201764,2025-04-06,V2020,Technology,5003.87,2025-04-21,2025-04-22
VI201765,2026-06-24,V2026,Technology,4598.0,2026-08-08,2026-08-12
VI201766,2026-05-25,V2028,Technology,1653.2,2026-06-24,2026-06-26
VI201767,2025-12-06,V2042,Raw Material,3115.61,2026-01-05,2026-01-19
VI201768,2025-09-08,V2008,Logistics,2785.84,2025-10-08,2025-10-15
VI201769,2025-10-06,V2002,Logistics,1508.68,2025-11-05,2025-11-05
VI201770,2025-02-08,V2040,Professional Services,2929.81,2025-02-23,2025-02-23
VI201771,2025-03-10,V2026,Technology,1204.56,2025-04-24,2025-04-24
VI201772,2025-10-04,V2027,Professional Services,3473.47,2025-11-03,2025-11-03
VI201773,2025-04-30,V2033,Raw Material,6528.12,2025-05-30,2025-05-30
VI201774,2025-03-27,V2007,Logistics,5705.47,2025-04-26,2025-04-26
VI201775,2025-06-26,V2036,Professional Services,3844.42,2025-07-26,2025-08-09
VI201776,2025-04-02,V2021,Professional Services,3526.41,2025-04-17,2025-04-17
VI201777,2026-02-24,V2034,Facilities,2766.67,2026-04-25,2026-05-03
VI201778,2025-03-22,V2023,Technology,12140.27,2025-05-06,2025-05-29
VI201779,2025-12-07,V2034,Facilities,2593.86,2026-02-05,2026-02-11
VI201780,2026-02-25,V2040,Professional Services,1266.68,2026-03-12,2026-03-18
VI201781,2025-08-16,V2007,Logistics,4894.81,2025-09-15,2025-09-22
VI201782,2026-04-18,V2026,Technology,4022.54,2026-06-02,2026-06-02
VI201783,2025-03-29,V2040,Professional Services,1454.36,2025-04-13,2025-04-21
VI201784,2025-12-16,V2017,Professional Services,2303.01,2026-01-15,2026-01-23
VI201785,2025-07-09,V2031,Technology,3327.22,2025-08-08,
VI201786,2025-05-16,V2039,Logistics,2065.23,2025-07-15,2025-07-15
VI201787,2025-11-21,V2025,Raw Material,5412.08,2026-01-20,2026-02-09
VI201788,2025-02-09,V2037,Technology,1797.77,2025-04-10,2025-04-17
VI201789,2025-10-14,V2015,Logistics,2531.58,2025-11-13,
VI201790,2025-09-13,V2002,Logistics,2266.99,2025-10-13,2025-10-13
VI201791,2026-02-24,V2011,Logistics,3995.31,2026-03-26,2026-03-26
VI201792,2026-06-23,V2032,Logistics,4497.3,2026-07-23,2026-08-10
VI201793,2025-10-18,V2030,Technology,3991.36,2025-11-02,2025-11-06
VI201794,2025-11-12,V2017,Professional Services,897.48,2025-12-12,2025-12-16
VI201795,2025-05-12,V2024,Logistics,3314.45,2025-06-11,2025-06-12
VI201796,2026-06-23,V2045,Raw Material,4065.24,2026-08-07,2026-08-20
VI201797,2025-10-30,V2004,Raw Material,4380.63,2025-11-29,
VI201798,2025-10-09,V2032,Logistics,2656.17,2025-11-08,
VI201799,2026-05-07,V2019,Facilities,3026.99,2026-06-06,2026-06-10
VI201800,2025-10-07,V2003,Facilities,2059.83,2025-11-06,2025-11-09
VI201801,2026-05-15,V2004,Raw Material,6840.92,2026-06-14,
VI201802,2025-07-18,V2025,Raw Material,1246.43,2025-09-16,2025-09-16
VI201803,2026-01-10,V2009,Professional Services,3998.09,2026-02-24,2026-02-27
VI201804,2025-10-27,V2021,Professional Services,1561.11,2025-11-11,2025-11-11
VI201805,2025-10-26,V2023,Technology,2182.62,2025-12-10,2025-12-17
VI201806,2025-11-18,V2029,Technology,2905.71,2025-12-03,2025-12-10
VI201807,2025-04-20,V2030,Technology,819.92,2025-05-05,
VI201808,2026-04-16,V2025,Raw Material,1205.25,2026-06-15,2026-06-16
VI201809,2026-02-16,V2029,Technology,1052.74,2026-03-03,2026-03-03
VI201810,2026-05-28,V2034,Facilities,3931.99,2026-07-27,2026-07-27
VI201811,2026-04-25,V2014,Technology,5798.29,2026-05-25,2026-05-25
VI201812,2025-05-20,V2022,Logistics,1056.45,2025-07-19,2025-07-23
VI201813,2026-05-19,V2016,Facilities,2655.32,2026-06-18,
VI201814,2025-03-01,V2011,Logistics,3563.31,2025-03-31,2025-04-20
VI201815,2025-07-02,V2014,Technology,3553.6,2025-08-01,2025-08-01
VI201816,2026-02-23,V2007,Logistics,10999.4,2026-03-25,2026-03-31
VI201817,2025-08-15,V2005,Raw Material,3293.91,2025-09-29,
VI201818,2026-01-26,V2040,Professional Services,1630.69,2026-02-10,2026-02-27
VI201819,2025-05-24,V2029,Technology,4849.81,2025-06-08,
VI201820,2025-01-27,V2017,Professional Services,8386.0,2025-02-26,2025-02-28
VI201821,2026-05-23,V2030,Technology,1279.07,2026-06-07,2026-06-12
VI201822,2025-05-07,V2025,Raw Material,4218.31,2025-07-06,2025-07-14
VI201823,2026-04-01,V2014,Technology,3036.73,2026-05-01,2026-05-12
VI201824,2025-10-08,V2042,Raw Material,1604.59,2025-11-07,2025-11-26
VI201825,2026-01-30,V2022,Logistics,1968.38,2026-03-31,2026-04-18
VI201826,2025-11-15,V2044,Professional Services,8388.0,2026-01-14,2026-01-14
VI201827,2026-03-17,V2005,Raw Material,4925.62,2026-05-01,2026-05-01
VI201828,2025-12-07,V2040,Professional Services,3929.84,2025-12-22,2025-12-22
VI201829,2025-04-29,V2028,Technology,1130.33,2025-05-29,2025-06-05
VI201830,2026-01-03,V2012,Raw Material,4620.56,2026-02-17,2026-03-03
VI201831,2026-01-20,V2036,Professional Services,6158.53,2026-02-19,2026-02-22
VI201832,2026-05-25,V2013,Raw Material,1226.82,2026-07-09,2026-07-09
VI201833,2025-06-07,V2021,Professional Services,3023.4,2025-06-22,2025-06-22
VI201834,2025-03-27,V2032,Logistics,5740.46,2025-04-26,2025-05-14
VI201835,2025-12-27,V2021,Professional Services,5258.76,2026-01-11,2026-01-12
VI201836,2025-03-26,V2037,Technology,4518.71,2025-05-25,2025-05-25
VI201837,2025-12-25,V2038,Professional Services,3068.23,2026-02-23,2026-02-28
VI201838,2025-05-13,V2009,Professional Services,6037.11,2025-06-27,2025-07-02
VI201839,2026-01-22,V2037,Technology,3310.38,2026-03-23,2026-04-04
VI201840,2025-09-04,V2002,Logistics,4269.01,2025-10-04,
VI201841,2025-05-21,V2003,Facilities,3726.18,2025-06-20,2025-07-04
VI201842,2026-03-23,V2043,Professional Services,1493.61,2026-05-07,2026-05-23
VI201843,2025-03-17,V2010,Facilities,1637.53,2025-04-16,2025-04-22
VI201844,2025-04-08,V2035,Technology,1160.03,2025-05-23,2025-06-02
VI201845,2025-10-30,V2009,Professional Services,2324.96,2025-12-14,2025-12-25
VI201846,2026-04-11,V2040,Professional Services,5052.81,2026-04-26,2026-04-26
VI201847,2025-02-24,V2032,Logistics,3715.73,2025-03-26,2025-03-26
VI201848,2025-11-01,V2021,Professional Services,2918.67,2025-11-16,2025-11-16
VI201849,2026-06-18,V2034,Facilities,7210.4,2026-08-17,2026-08-17
VI201850,2025-02-04,V2025,Raw Material,2447.6,2025-04-05,2025-04-14
VI201851,2026-06-24,V2042,Raw Material,4286.8,2026-07-24,2026-08-11
VI201852,2026-05-04,V2032,Logistics,2388.45,2026-06-03,2026-06-03
VI201853,2025-05-20,V2037,Technology,1126.29,2025-07-19,2025-07-20
VI201854,2025-04-10,V2022,Logistics,1827.76,2025-06-09,2025-06-12
VI201855,2026-01-08,V2025,Raw Material,1796.4,2026-03-09,
VI201856,2025-01-23,V2001,Technology,1183.25,2025-02-22,2025-02-23
VI201857,2025-10-11,V2045,Raw Material,2700.28,2025-11-25,2025-12-09
VI201858,2025-04-23,V2036,Professional Services,1840.22,2025-05-23,2025-05-28
VI201859,2026-01-08,V2021,Professional Services,7890.18,2026-01-23,2026-01-23
VI201860,2025-07-16,V2041,Facilities,2559.92,2025-08-30,2025-08-31
VI201861,2025-06-13,V2016,Facilities,1730.06,2025-07-13,
VI201862,2026-03-07,V2032,Logistics,1469.74,2026-04-06,2026-04-07
VI201863,2025-01-10,V2021,Professional Services,1437.86,2025-01-25,2025-02-03
VI201864,2026-02-02,V2028,Technology,5273.57,2026-03-04,
VI201865,2025-06-01,V2019,Facilities,5581.93,2025-07-01,2025-07-10
VI201866,2025-07-10,V2014,Technology,813.98,2025-08-09,2025-08-09
VI201867,2025-10-04,V2023,Technology,12160.7,2025-11-18,2025-11-29
VI201868,2026-05-08,V2024,Logistics,3133.87,2026-06-07,2026-06-16
VI201869,2025-08-31,V2020,Technology,5793.25,2025-09-15,2025-09-28
VI201870,2026-05-03,V2032,Logistics,1769.42,2026-06-02,2026-06-06
VI201871,2025-10-03,V2040,Professional Services,1572.21,2025-10-18,2025-10-18
VI201872,2025-07-09,V2010,Facilities,2536.55,2025-08-08,2025-08-17
VI201873,2025-11-03,V2001,Technology,3804.25,2025-12-03,2025-12-13
VI201874,2025-10-23,V2031,Technology,3436.88,2025-11-22,2025-11-23
VI201875,2025-08-22,V2037,Technology,6374.85,2025-10-21,2025-10-21
VI201876,2025-12-07,V2015,Logistics,944.38,2026-01-06,2026-01-07
VI201877,2025-07-12,V2040,Professional Services,5375.47,2025-07-27,
VI201878,2025-12-30,V2031,Technology,4163.2,2026-01-29,2026-02-01
VI201879,2025-09-15,V2028,Technology,3651.47,2025-10-15,2025-10-26
VI201880,2026-05-26,V2010,Facilities,1241.9,2026-06-25,2026-06-25
VI201881,2025-08-19,V2006,Professional Services,1774.0,2025-09-18,2025-09-25
VI201882,2025-01-14,V2015,Logistics,4512.59,2025-02-13,2025-02-21
VI201883,2025-01-14,V2027,Professional Services,603.96,2025-02-13,2025-02-13
VI201884,2025-07-29,V2010,Facilities,868.91,2025-08-28,2025-09-05
VI201885,2025-02-09,V2021,Professional Services,4018.6,2025-02-24,2025-03-10
VI201886,2025-02-03,V2019,Facilities,4296.31,2025-03-05,2025-03-13
VI201887,2025-08-22,V2004,Raw Material,1836.57,2025-09-21,2025-10-12
VI201888,2025-10-17,V2022,Logistics,1833.16,2025-12-16,2025-12-22
VI201889,2026-03-09,V2038,Professional Services,5532.57,2026-05-08,
VI201890,2025-11-14,V2015,Logistics,5305.22,2025-12-14,2026-01-04
VI201891,2026-02-12,V2006,Professional Services,2390.29,2026-03-14,2026-03-23
VI201892,2025-03-21,V2011,Logistics,1341.65,2025-04-20,2025-05-09
VI201893,2025-06-25,V2044,Professional Services,7776.17,2025-08-24,2025-09-02
VI201894,2025-10-12,V2030,Technology,1291.39,2025-10-27,2025-11-13
VI201895,2025-11-14,V2040,Professional Services,4625.66,2025-11-29,2025-11-29
VI201896,2026-02-14,V2024,Logistics,6504.39,2026-03-16,2026-03-21
VI201897,2025-05-22,V2022,Logistics,2967.94,2025-07-21,
VI201898,2025-09-04,V2030,Technology,2033.16,2025-09-19,2025-09-19
VI201899,2025-06-26,V2004,Raw Material,1043.96,2025-07-26,
VI201900,2025-12-10,V2006,Professional Services,3104.3,2026-01-09,2026-01-31
VI201901,2025-09-21,V2038,Professional Services,1151.88,2025-11-20,
VI201902,2025-06-17,V2026,Technology,3638.78,2025-08-01,2025-08-05
VI201903,2025-01-25,V2019,Facilities,798.92,2025-02-24,2025-03-08
VI201904,2026-06-11,V2002,Logistics,1002.35,2026-07-11,2026-07-26
VI201905,2026-06-12,V2004,Raw Material,3246.95,2026-07-12,2026-07-14
VI201906,2025-11-06,V2005,Raw Material,5145.01,2025-12-21,2025-12-21
VI201907,2025-01-28,V2035,Technology,2477.95,2025-03-14,2025-03-14
VI201908,2026-01-05,V2029,Technology,5901.5,2026-01-20,2026-01-21
VI201909,2026-01-19,V2016,Facilities,2070.12,2026-02-18,2026-02-18
VI201910,2025-10-21,V2045,Raw Material,12277.21,2025-12-05,2025-12-05
VI201911,2026-04-24,V2012,Raw Material,1255.11,2026-06-08,2026-06-13
VI201912,2025-02-06,V2021,Professional Services,1875.41,2025-02-21,2025-02-21
VI201913,2026-07-01,V2009,Professional Services,7174.79,2026-08-15,2026-09-03
VI201914,2026-01-07,V2011,Logistics,2520.2,2026-02-06,2026-02-08
VI201915,2025-04-12,V2008,Logistics,5526.23,2025-05-12,2025-05-12
VI201916,2025-12-21,V2026,Technology,1262.25,2026-02-04,2026-02-18
VI201917,2026-04-10,V2032,Logistics,1604.99,2026-05-10,2026-06-10
VI201918,2026-04-25,V2039,Logistics,4397.03,2026-06-24,2026-06-26
VI201919,2025-08-04,V2004,Raw Material,1170.85,2025-09-03,2025-09-10
VI201920,2025-11-23,V2034,Facilities,1354.75,2026-01-22,2026-02-06
VI201921,2025-09-04,V2028,Technology,2773.01,2025-10-04,2025-10-06
VI201922,2025-03-29,V2025,Raw Material,7020.25,2025-05-28,2025-06-17
VI201923,2025-11-30,V2044,Professional Services,3784.51,2026-01-29,2026-01-29
VI201924,2025-07-19,V2035,Technology,2603.54,2025-09-02,2025-09-06
VI201925,2026-01-18,V2019,Facilities,3317.57,2026-02-17,2026-02-17
VI201926,2026-03-04,V2035,Technology,962.04,2026-04-18,2026-04-18
VI201927,2025-12-01,V2039,Logistics,2044.9,2026-01-30,2026-01-30
VI201928,2026-03-26,V2029,Technology,3970.31,2026-04-10,2026-04-19
VI201929,2025-08-04,V2014,Technology,3477.66,2025-09-03,2025-09-15
VI201930,2025-09-12,V2021,Professional Services,4436.35,2025-09-27,2025-10-08
VI201931,2026-06-13,V2036,Professional Services,4703.06,2026-07-13,2026-07-13
VI201932,2026-05-20,V2038,Professional Services,3453.78,2026-07-19,2026-07-28
VI201933,2026-03-14,V2014,Technology,581.66,2026-04-13,2026-04-17
VI201934,2026-04-15,V2040,Professional Services,3709.68,2026-04-30,2026-04-30
VI201935,2025-01-06,V2015,Logistics,2172.59,2025-02-05,2025-02-08
VI201936,2025-08-07,V2030,Technology,2318.59,2025-08-22,2025-09-09
VI201937,2026-05-28,V2012,Raw Material,2340.58,2026-07-12,2026-07-15
VI201938,2026-05-28,V2005,Raw Material,3603.48,2026-07-12,2026-07-23
VI201939,2025-07-08,V2027,Professional Services,1146.66,2025-08-07,2025-08-20
VI201940,2025-09-04,V2015,Logistics,977.16,2025-10-04,2025-10-16
VI201941,2026-03-04,V2026,Technology,1333.08,2026-04-18,2026-04-19
VI201942,2025-12-29,V2009,Professional Services,5419.18,2026-02-12,2026-02-14
VI201943,2026-01-31,V2040,Professional Services,2243.6,2026-02-15,2026-02-22
VI201944,2025-05-16,V2040,Professional Services,4140.49,2025-05-31,2025-06-01
VI201945,2026-03-10,V2035,Technology,4072.29,2026-04-24,
VI201946,2025-11-14,V2013,Raw Material,3857.98,2025-12-29,2026-01-04
VI201947,2026-06-19,V2045,Raw Material,4197.95,2026-08-03,2026-08-03
VI201948,2026-05-16,V2044,Professional Services,2122.87,2026-07-15,2026-07-17
VI201949,2025-12-15,V2033,Raw Material,4604.22,2026-01-14,2026-01-17
VI201950,2025-02-28,V2034,Facilities,3820.72,2025-04-29,2025-04-30
VI201951,2025-05-20,V2004,Raw Material,1063.14,2025-06-19,2025-06-22
VI201952,2025-07-23,V2013,Raw Material,3098.32,2025-09-06,2025-09-08
VI201953,2025-06-07,V2010,Facilities,2705.22,2025-07-07,2025-07-28
VI201954,2025-11-26,V2045,Raw Material,4027.39,2026-01-10,2026-01-29
VI201955,2025-07-15,V2001,Technology,3031.17,2025-08-14,2025-08-16
VI201956,2026-03-07,V2011,Logistics,2550.95,2026-04-06,2026-04-07
VI201957,2026-06-03,V2009,Professional Services,8197.81,2026-07-18,2026-07-21
VI201958,2026-04-17,V2038,Professional Services,4425.13,2026-06-16,2026-06-23
VI201959,2026-04-03,V2023,Technology,3060.76,2026-05-18,2026-05-22
VI201960,2025-02-14,V2013,Raw Material,1440.78,2025-03-31,2025-04-05
VI201961,2025-02-07,V2005,Raw Material,3224.07,2025-03-24,2025-04-04
VI201962,2025-12-07,V2025,Raw Material,1711.95,2026-02-05,2026-02-05
VI201963,2025-10-29,V2010,Facilities,1018.01,2025-11-28,2025-11-28
VI201964,2025-07-12,V2005,Raw Material,2288.61,2025-08-26,2025-08-26
VI201965,2025-05-12,V2022,Logistics,2382.52,2025-07-11,2025-07-13
VI201966,2026-04-13,V2042,Raw Material,5821.51,2026-05-13,2026-05-18
VI201967,2025-06-19,V2025,Raw Material,5612.66,2025-08-18,2025-08-23
VI201968,2025-09-22,V2037,Technology,4605.37,2025-11-21,
VI201969,2025-07-18,V2020,Technology,2815.54,2025-08-02,2025-08-02
VI201970,2025-10-10,V2028,Technology,2840.76,2025-11-09,2025-11-09
VI201971,2026-02-09,V2021,Professional Services,4276.82,2026-02-24,2026-03-02
VI201972,2026-07-01,V2011,Logistics,4528.38,2026-07-31,2026-08-04
VI201973,2026-04-25,V2029,Technology,3758.2,2026-05-10,
VI201974,2025-07-23,V2005,Raw Material,4148.76,2025-09-06,2025-09-12
VI201975,2026-04-16,V2037,Technology,2852.32,2026-06-15,2026-06-30
VI201976,2025-12-15,V2005,Raw Material,2481.42,2026-01-29,2026-02-02
VI201977,2025-02-12,V2033,Raw Material,703.99,2025-03-14,2025-03-15
VI201978,2026-04-27,V2045,Raw Material,2389.78,2026-06-11,2026-06-22
VI201979,2026-01-12,V2036,Professional Services,1863.67,2026-02-11,2026-02-20
VI201980,2025-03-19,V2008,Logistics,3175.95,2025-04-18,2025-04-18
VI201981,2025-02-05,V2006,Professional Services,1920.55,2025-03-07,2025-03-16
VI201982,2026-01-18,V2015,Logistics,3259.21,2026-02-17,2026-02-26
VI201983,2025-06-23,V2015,Logistics,887.14,2025-07-23,2025-07-28
VI201984,2025-11-26,V2009,Professional Services,1593.24,2026-01-10,2026-01-24
VI201985,2025-02-24,V2005,Raw Material,1872.73,2025-04-10,2025-04-27
VI201986,2025-10-06,V2026,Technology,1506.5,2025-11-20,2025-11-20
VI201987,2026-04-04,V2023,Technology,22621.21,2026-05-19,2026-05-28
VI201988,2026-06-09,V2016,Facilities,797.09,2026-07-09,2026-07-15
VI201989,2026-03-31,V2039,Logistics,4623.98,2026-05-30,2026-05-31
VI201990,2026-05-07,V2035,Technology,5695.37,2026-06-21,2026-06-25
VI201991,2025-03-15,V2010,Facilities,2237.32,2025-04-14,2025-04-14
VI201992,2026-03-31,V2027,Professional Services,3698.97,2026-04-30,2026-05-14
VI201993,2025-06-04,V2016,Facilities,4432.84,2025-07-04,2025-07-15
VI201994,2026-06-03,V2021,Professional Services,3255.77,2026-06-18,2026-06-18
VI201995,2026-01-10,V2012,Raw Material,946.13,2026-02-24,2026-02-28
VI201996,2025-11-02,V2009,Professional Services,3884.01,2025-12-17,2025-12-25
VI201997,2025-12-09,V2016,Facilities,5604.03,2026-01-08,
VI201998,2025-02-13,V2009,Professional Services,11399.82,2025-03-30,2025-04-02
VI201999,2026-07-02,V2029,Technology,1216.75,2026-07-17,2026-07-20
VI202000,2026-03-17,V2023,Technology,2665.12,2026-05-01,2026-05-09
VI202001,2025-04-07,V2039,Logistics,2926.49,2025-06-06,2025-06-06
VI202002,2025-06-14,V2043,Professional Services,2794.04,2025-07-29,2025-08-16
VI202003,2025-04-13,V2024,Logistics,1004.5,2025-05-13,
VI202004,2026-03-12,V2022,Logistics,6101.44,2026-05-11,2026-05-18
VI202005,2026-01-16,V2031,Technology,5698.21,2026-02-15,2026-03-03
VI202006,2026-03-23,V2010,Facilities,3807.76,2026-04-22,2026-04-27
VI202007,2025-01-07,V2042,Raw Material,2260.72,2025-02-06,2025-02-22
VI202008,2025-04-04,V2027,Professional Services,2591.27,2025-05-04,2025-05-04
VI202009,2026-03-20,V2034,Facilities,2474.66,2026-05-19,2026-06-02
VI202010,2026-04-24,V2039,Logistics,1207.09,2026-06-23,2026-07-06
VI202011,2026-05-09,V2024,Logistics,4701.23,2026-06-08,2026-06-08
VI202012,2025-02-06,V2021,Professional Services,3027.61,2025-02-21,2025-02-23
VI202013,2026-06-17,V2015,Logistics,4658.08,2026-07-17,2026-07-25
VI202014,2025-04-08,V2017,Professional Services,3527.13,2025-05-08,2025-05-19
VI202015,2025-01-21,V2045,Raw Material,1550.72,2025-03-07,2025-03-22
VI202016,2025-08-20,V2019,Facilities,1633.64,2025-09-19,2025-09-19
VI202017,2026-04-13,V2025,Raw Material,7001.77,2026-06-12,2026-06-18
VI202018,2025-12-20,V2040,Professional Services,4289.04,2026-01-04,2026-01-04
VI202019,2025-03-13,V2022,Logistics,2328.32,2025-05-12,
VI202020,2025-12-18,V2041,Facilities,4290.89,2026-02-01,2026-02-12
VI202021,2025-02-21,V2042,Raw Material,1691.88,2025-03-23,2025-03-23
VI202022,2025-08-10,V2014,Technology,6037.23,2025-09-09,2025-09-14
VI202023,2025-11-21,V2028,Technology,1233.5,2025-12-21,2025-12-22
VI202024,2026-04-05,V2012,Raw Material,3387.69,2026-05-20,2026-06-02
VI202025,2025-06-16,V2027,Professional Services,2727.79,2025-07-16,2025-07-16
VI202026,2025-10-10,V2024,Logistics,3006.27,2025-11-09,2025-11-24
VI202027,2026-05-16,V2022,Logistics,4551.66,2026-07-15,2026-08-01
VI202028,2026-01-02,V2039,Logistics,5714.06,2026-03-03,2026-03-13
VI202029,2025-02-05,V2041,Facilities,2280.39,2025-03-22,2025-03-29
VI202030,2026-06-12,V2039,Logistics,816.95,2026-08-11,
VI202031,2025-09-12,V2036,Professional Services,976.62,2025-10-12,2025-10-22
VI202032,2025-07-19,V2023,Technology,2325.47,2025-09-02,2025-09-15
VI202033,2025-01-31,V2008,Logistics,3048.11,2025-03-02,2025-03-08
VI202034,2026-05-01,V2028,Technology,3804.57,2026-05-31,2026-05-31
VI202035,2025-09-16,V2029,Technology,3375.71,2025-10-01,2025-10-18
VI202036,2025-09-10,V2015,Logistics,5317.9,2025-10-10,2025-10-10
VI202037,2026-05-09,V2039,Logistics,9614.72,2026-07-08,2026-07-22
VI202038,2025-08-22,V2008,Logistics,3173.36,2025-09-21,2025-09-30
VI202039,2025-04-17,V2028,Technology,3769.0,2025-05-17,
VI202040,2025-12-02,V2033,Raw Material,1812.77,2026-01-01,2026-01-26
VI202041,2025-02-22,V2011,Logistics,3089.2,2025-03-24,2025-04-02
VI202042,2025-02-11,V2042,Raw Material,3410.0,2025-03-13,2025-03-23
VI202043,2025-09-17,V2037,Technology,3294.77,2025-11-16,2025-11-25
VI202044,2026-01-04,V2025,Raw Material,1829.96,2026-03-05,2026-03-12
VI202045,2025-07-29,V2034,Facilities,3318.3,2025-09-27,2025-10-01
VI202046,2026-04-11,V2022,Logistics,3164.1,2026-06-10,2026-06-21
VI202047,2025-02-11,V2002,Logistics,3662.54,2025-03-13,2025-03-19
VI202048,2025-12-19,V2016,Facilities,2297.65,2026-01-18,2026-01-18
VI202049,2025-09-16,V2011,Logistics,3002.16,2025-10-16,2025-10-16
VI202050,2025-12-03,V2014,Technology,12272.6,2026-01-02,2026-01-16
VI202051,2026-01-30,V2032,Logistics,3088.5,2026-03-01,
VI202052,2025-04-15,V2022,Logistics,5979.75,2025-06-14,2025-06-14
VI202053,2025-05-04,V2005,Raw Material,7529.29,2025-06-18,2025-06-19
VI202054,2025-04-09,V2036,Professional Services,1159.63,2025-05-09,2025-05-09
VI202055,2025-01-06,V2023,Technology,2618.67,2025-02-20,
VI202056,2025-09-24,V2019,Facilities,2697.02,2025-10-24,2025-10-24
VI202057,2025-02-12,V2029,Technology,11039.33,2025-02-27,2025-02-27
VI202058,2025-09-26,V2042,Raw Material,10136.94,2025-10-26,2025-11-01
VI202059,2025-07-14,V2023,Technology,1158.77,2025-08-28,2025-08-28
VI202060,2025-11-20,V2009,Professional Services,1550.35,2026-01-04,2026-01-10
VI202061,2025-03-06,V2018,Professional Services,6611.2,2025-04-05,2025-04-05
VI202062,2025-07-20,V2031,Technology,2122.66,2025-08-19,2025-08-19
VI202063,2025-08-30,V2037,Technology,4543.78,2025-10-29,2025-10-30
VI202064,2025-01-07,V2017,Professional Services,2585.53,2025-02-06,2025-02-10
VI202065,2025-08-07,V2018,Professional Services,1485.84,2025-09-06,2025-09-06
VI202066,2025-01-03,V2027,Professional Services,6959.8,2025-02-02,2025-02-08
VI202067,2026-04-09,V2021,Professional Services,1858.34,2026-04-24,2026-05-09
VI202068,2025-11-01,V2001,Technology,2740.03,2025-12-01,2025-12-13
VI202069,2025-11-10,V2032,Logistics,1425.86,2025-12-10,2025-12-27
VI202070,2026-04-23,V2014,Technology,1448.21,2026-05-23,2026-05-27
VI202071,2026-02-15,V2014,Technology,3097.79,2026-03-17,2026-03-21
VI202072,2026-05-13,V2033,Raw Material,1606.1,2026-06-12,
VI202073,2026-06-18,V2036,Professional Services,7941.73,2026-07-18,2026-07-18
VI202074,2025-12-23,V2039,Logistics,4665.0,2026-02-21,2026-03-06
VI202075,2025-03-12,V2012,Raw Material,4992.86,2025-04-26,2025-04-28
VI202076,2025-01-13,V2045,Raw Material,2464.16,2025-02-27,2025-03-04
VI202077,2026-02-10,V2025,Raw Material,2508.75,2026-04-11,2026-04-19
VI202078,2026-06-01,V2015,Logistics,3977.45,2026-07-01,2026-07-01
VI202079,2025-01-22,V2020,Technology,514.05,2025-02-06,2025-02-06
VI202080,2025-11-05,V2034,Facilities,2217.32,2026-01-04,2026-01-12
VI202081,2025-10-22,V2014,Technology,912.97,2025-11-21,2025-11-29
VI202082,2025-01-31,V2030,Technology,3455.62,2025-02-15,2025-03-10
VI202083,2025-03-03,V2044,Professional Services,1405.57,2025-05-02,2025-05-09
VI202084,2025-08-09,V2013,Raw Material,2755.61,2025-09-23,2025-10-02
VI202085,2025-12-25,V2014,Technology,1674.42,2026-01-24,2026-02-17
VI202086,2026-01-18,V2029,Technology,7539.22,2026-02-02,2026-02-10
VI202087,2026-06-02,V2026,Technology,12961.3,2026-07-17,2026-07-25
VI202088,2025-12-03,V2003,Facilities,5409.9,2026-01-02,2026-01-02
VI202089,2025-06-11,V2025,Raw Material,5610.66,2025-08-10,2025-08-12
VI202090,2025-06-07,V2027,Professional Services,2899.52,2025-07-07,2025-07-14
VI202091,2025-01-13,V2045,Raw Material,1981.72,2025-02-27,2025-02-27
VI202092,2025-07-05,V2040,Professional Services,851.78,2025-07-20,2025-07-27
VI202093,2025-11-05,V2016,Facilities,3355.1,2025-12-05,2025-12-16
VI202094,2025-05-28,V2038,Professional Services,2451.09,2025-07-27,2025-08-08
VI202095,2025-02-24,V2011,Logistics,3448.96,2025-03-26,
VI202096,2026-05-25,V2029,Technology,1878.01,2026-06-09,2026-06-09
VI202097,2025-02-14,V2024,Logistics,1130.69,2025-03-16,2025-03-22
VI202098,2025-03-27,V2029,Technology,1403.52,2025-04-11,2025-04-13
VI202099,2025-10-19,V2034,Facilities,8067.36,2025-12-18,2025-12-18
VI202100,2025-09-21,V2011,Logistics,10487.82,2025-10-21,2025-10-24
VI202101,2025-09-25,V2020,Technology,1073.21,2025-10-10,2025-10-12
VI202102,2025-08-13,V2020,Technology,1928.0,2025-08-28,2025-08-31
VI202103,2025-08-04,V2009,Professional Services,958.01,2025-09-18,2025-09-19
VI202104,2025-08-19,V2023,Technology,3102.04,2025-10-03,2025-10-20
VI202105,2025-06-26,V2036,Professional Services,3154.81,2025-07-26,2025-08-02
VI202106,2026-06-01,V2027,Professional Services,2764.76,2026-07-01,2026-07-08
VI202107,2026-05-28,V2024,Logistics,2148.63,2026-06-27,2026-07-05
VI202108,2025-04-14,V2040,Professional Services,3495.96,2025-04-29,
VI202109,2025-04-11,V2025,Raw Material,4551.91,2025-06-10,2025-06-23
VI202110,2025-11-01,V2025,Raw Material,4679.64,2025-12-31,
VI202111,2025-12-17,V2033,Raw Material,6588.0,2026-01-16,2026-01-16
VI202112,2026-03-27,V2031,Technology,2375.8,2026-04-26,2026-04-26
VI202113,2025-09-26,V2010,Facilities,2037.64,2025-10-26,
VI202114,2026-01-07,V2039,Logistics,5537.61,2026-03-08,2026-03-15
VI202115,2025-02-07,V2015,Logistics,2068.65,2025-03-09,2025-03-13
VI202116,2025-03-04,V2001,Technology,2594.58,2025-04-03,2025-04-04
VI202117,2026-05-20,V2016,Facilities,2088.18,2026-06-19,2026-06-29
VI202118,2025-09-22,V2021,Professional Services,8988.98,2025-10-07,2025-10-15
VI202119,2026-06-19,V2002,Logistics,4359.76,2026-07-19,2026-08-03
VI202120,2025-03-20,V2003,Facilities,1425.91,2025-04-19,2025-04-25
VI202121,2025-07-04,V2015,Logistics,2978.34,2025-08-03,
VI202122,2026-05-10,V2032,Logistics,3879.32,2026-06-09,2026-06-11
VI202123,2026-01-05,V2027,Professional Services,1436.64,2026-02-04,2026-02-11
VI202124,2025-11-27,V2036,Professional Services,3752.96,2025-12-27,2025-12-27
VI202125,2026-03-16,V2035,Technology,2702.45,2026-04-30,2026-05-14
VI202126,2025-08-26,V2039,Logistics,1344.31,2025-10-25,2025-11-04
VI202127,2025-10-19,V2024,Logistics,1242.04,2025-11-18,
VI202128,2026-03-02,V2008,Logistics,7257.17,2026-04-01,2026-04-03
VI202129,2025-10-22,V2007,Logistics,1728.12,2025-11-21,2025-12-09
VI202130,2026-05-15,V2004,Raw Material,5739.99,2026-06-14,
VI202131,2025-02-06,V2030,Technology,4568.03,2025-02-21,2025-02-21
VI202132,2026-06-10,V2010,Facilities,1987.85,2026-07-10,2026-07-13
VI202133,2026-02-01,V2025,Raw Material,4122.97,2026-04-02,2026-04-14
VI202134,2026-01-31,V2042,Raw Material,3689.76,2026-03-02,2026-03-18
VI202135,2025-01-22,V2032,Logistics,5373.98,2025-02-21,2025-03-06
VI202136,2025-12-06,V2032,Logistics,3339.64,2026-01-05,2026-01-05
VI202137,2026-05-10,V2032,Logistics,2402.47,2026-06-09,2026-06-14
VI202138,2026-02-07,V2010,Facilities,7047.4,2026-03-09,2026-03-10
VI202139,2025-07-22,V2009,Professional Services,4794.07,2025-09-05,2025-09-13
VI202140,2025-12-12,V2025,Raw Material,1962.29,2026-02-10,2026-02-13
VI202141,2025-01-15,V2025,Raw Material,2658.0,2025-03-16,2025-03-27
VI202142,2025-01-30,V2041,Facilities,6938.33,2025-03-16,2025-03-17
VI202143,2025-01-29,V2016,Facilities,7896.31,2025-02-28,2025-02-28
VI202144,2025-06-09,V2016,Facilities,2654.9,2025-07-09,2025-07-24
VI202145,2025-09-29,V2030,Technology,4092.49,2025-10-14,2025-10-19
VI202146,2026-02-24,V2038,Professional Services,3769.04,2026-04-25,2026-05-07
VI202147,2026-05-04,V2005,Raw Material,1457.98,2026-06-18,2026-06-18
VI202148,2025-06-25,V2007,Logistics,4152.07,2025-07-25,
VI202149,2025-08-19,V2013,Raw Material,735.83,2025-10-03,
VI202150,2025-11-14,V2008,Logistics,5384.71,2025-12-14,2025-12-14
VI202151,2026-04-12,V2033,Raw Material,4181.98,2026-05-12,2026-05-12
VI202152,2026-03-16,V2010,Facilities,500.0,2026-04-15,2026-04-15
VI202153,2025-02-25,V2020,Technology,1592.17,2025-03-12,2025-03-17
VI202154,2025-11-27,V2032,Logistics,948.75,2025-12-27,2025-12-27
VI202155,2025-09-30,V2029,Technology,1530.82,2025-10-15,2025-10-15
VI202156,2025-01-21,V2001,Technology,3251.62,2025-02-20,2025-02-27
VI202157,2025-06-14,V2027,Professional Services,9250.92,2025-07-14,2025-08-04
VI202158,2026-05-07,V2020,Technology,4171.32,2026-05-22,2026-05-31
VI202159,2026-02-22,V2014,Technology,2328.75,2026-03-24,2026-04-01
VI202160,2025-09-24,V2015,Logistics,4752.07,2025-10-24,2025-10-27
VI202161,2025-12-04,V2006,Professional Services,4460.2,2026-01-03,
VI202162,2025-07-07,V2002,Logistics,7633.62,2025-08-06,2025-08-09
VI202163,2026-04-20,V2029,Technology,5138.02,2026-05-05,2026-05-05
VI202164,2025-07-27,V2039,Logistics,2991.8,2025-09-25,2025-10-08
VI202165,2025-03-15,V2032,Logistics,1119.83,2025-04-14,2025-05-02
VI202166,2026-01-29,V2005,Raw Material,7167.25,2026-03-15,2026-03-15
VI202167,2026-05-05,V2022,Logistics,2749.91,2026-07-04,2026-07-09
VI202168,2025-01-26,V2028,Technology,1673.03,2025-02-25,
VI202169,2026-06-21,V2032,Logistics,820.75,2026-07-21,2026-08-02
VI202170,2026-05-30,V2029,Technology,1412.05,2026-06-14,2026-06-29
VI202171,2025-09-14,V2040,Professional Services,3872.05,2025-09-29,2025-10-09
VI202172,2025-10-07,V2003,Facilities,2314.33,2025-11-06,2025-11-14
VI202173,2025-02-02,V2031,Technology,5679.71,2025-03-04,
VI202174,2025-10-21,V2013,Raw Material,8541.56,2025-12-05,2025-12-14
VI202175,2025-11-04,V2006,Professional Services,744.22,2025-12-04,
VI202176,2025-10-18,V2021,Professional Services,1538.31,2025-11-02,2025-11-04
VI202177,2025-10-31,V2014,Technology,3262.13,2025-11-30,
VI202178,2025-02-12,V2025,Raw Material,7802.49,2025-04-13,2025-04-24
VI202179,2026-04-25,V2007,Logistics,1729.23,2026-05-25,2026-05-25
VI202180,2025-03-24,V2043,Professional Services,3451.49,2025-05-08,2025-05-27
VI202181,2025-07-23,V2022,Logistics,1467.43,2025-09-21,2025-09-21
VI202182,2025-05-18,V2032,Logistics,2822.36,2025-06-17,2025-07-07
VI202183,2025-03-24,V2041,Facilities,3260.46,2025-05-08,2025-05-08
VI202184,2025-05-31,V2032,Logistics,2413.32,2025-06-30,2025-07-04
VI202185,2025-11-15,V2042,Raw Material,8643.19,2025-12-15,2025-12-24
VI202186,2025-09-04,V2030,Technology,6461.79,2025-09-19,2025-09-27
VI202187,2025-02-06,V2017,Professional Services,2422.46,2025-03-08,2025-03-14
VI202188,2025-09-25,V2040,Professional Services,2516.23,2025-10-10,2025-10-25
VI202189,2025-04-25,V2038,Professional Services,5004.71,2025-06-24,2025-07-03
VI202190,2025-03-22,V2021,Professional Services,3074.62,2025-04-06,2025-04-15
VI202191,2026-06-11,V2026,Technology,3005.55,2026-07-26,2026-07-26
VI202192,2025-12-02,V2043,Professional Services,1907.28,2026-01-16,
VI202193,2025-03-25,V2003,Facilities,4399.4,2025-04-24,2025-04-25
VI202194,2025-06-03,V2038,Professional Services,1966.73,2025-08-02,2025-08-16
VI202195,2025-09-10,V2017,Professional Services,1966.33,2025-10-10,2025-10-27
VI202196,2026-05-17,V2039,Logistics,3597.33,2026-07-16,2026-07-22
VI202197,2026-03-24,V2006,Professional Services,3266.0,2026-04-23,2026-05-02
VI202198,2025-09-30,V2021,Professional Services,3047.17,2025-10-15,2025-10-22
VI202199,2026-05-22,V2045,Raw Material,916.34,2026-07-06,2026-07-10
VI202200,2025-05-12,V2040,Professional Services,3479.73,2025-05-27,
